station_id,station_name,timestamp,temperature_c,pressure_hpa,humidity_pct,dew_point_c,wind_speed_ms,is_ground_truth_anomaly,ground_truth_label,anomaly_type
AWS-01,Delhi NCR Urban,2026-08-01T00:00:00+00:00,25.15,994.68,65.91,18.33,4.54,False,NORMAL,NONE
AWS-01,Delhi NCR Urban,2026-08-01T00:15:00+00:00,48.99,994.66,66.43,41.07,4.72,True,ANOMALY,SPIKE
AWS-01,Delhi NCR Urban,2026-08-01T00:30:00+00:00,24.6,994.27,68.22,18.35,3.22,False,NORMAL,NONE
AWS-01,Delhi NCR Urban,2026-08-01T00:45:00+00:00,24.49,1015.73,68.43,18.3,2.49,True,ANOMALY,SPIKE
AWS-01,Delhi NCR Urban,2026-08-01T01:00:00+00:00,24.48,993.82,67.26,18.02,8.38,False,NORMAL,NONE
AWS-01,Delhi NCR Urban,2026-08-01T01:15:00+00:00,23.3,993.64,68.38,17.15,3.39,False,NORMAL,NONE
AWS-01,Delhi NCR Urban,2026-08-01T01:30:00+00:00,23.91,993.14,68.89,17.85,3.57,False,NORMAL,NONE
AWS-01,Delhi NCR Urban,2026-08-01T01:45:00+00:00,23.66,993.62,67.41,17.27,5.25,False,NORMAL,NONE
AWS-01,Delhi NCR Urban,2026-08-01T02:00:00+00:00,23.95,992.79,69.06,17.93,3.36,False,NORMAL,NONE
AWS-01,Delhi NCR Urban,2026-08-01T02:15:00+00:00,24.99,992.89,66.66,18.36,0.5,False,NORMAL,NONE
AWS-01,Delhi NCR Urban,2026-08-01T02:30:00+00:00,23.89,993.17,66.91,17.37,1.1,False,NORMAL,NONE
AWS-01,Delhi NCR Urban,2026-08-01T02:45:00+00:00,24.12,992.93,67.15,17.64,4.89,False,NORMAL,NONE
AWS-01,Delhi NCR Urban,2026-08-01T03:00:00+00:00,24.04,992.53,66.0,17.29,4.83,False,NORMAL,NONE
AWS-01,Delhi NCR Urban,2026-08-01T03:15:00+00:00,24.55,993.07,68.5,18.37,4.51,False,NORMAL,NONE
AWS-01,Delhi NCR Urban,2026-08-01T03:30:00+00:00,24.78,992.47,66.38,18.09,3.37,False,NORMAL,NONE
AWS-01,Delhi NCR Urban,2026-08-01T03:45:00+00:00,24.56,993.02,65.33,17.63,3.2,False,NORMAL,NONE
AWS-01,Delhi NCR Urban,2026-08-01T04:00:00+00:00,24.07,992.43,66.12,17.36,1.99,False,NORMAL,NONE
AWS-01,Delhi NCR Urban,2026-08-01T04:15:00+00:00,25.61,992.8,65.32,18.62,5.56,False,NORMAL,NONE
AWS-01,Delhi NCR Urban,2026-08-01T04:30:00+00:00,26.31,992.89,65.21,19.26,4.82,False,NORMAL,NONE
AWS-01,Delhi NCR Urban,2026-08-01T04:45:00+00:00,26.14,992.77,64.48,18.91,3.6,False,NORMAL,NONE
AWS-01,Delhi NCR Urban,2026-08-01T05:00:00+00:00,26.45,992.78,63.59,18.99,6.48,False,NORMAL,NONE
AWS-01,Delhi NCR Urban,2026-08-01T05:15:00+00:00,27.17,992.85,64.78,19.97,4.42,False,NORMAL,NONE
AWS-01,Delhi NCR Urban,2026-08-01T05:30:00+00:00,27.68,992.65,60.38,19.32,0.98,False,NORMAL,NONE
AWS-01,Delhi NCR Urban,2026-08-01T05:45:00+00:00,27.91,1015.53,60.27,19.5,3.6,True,ANOMALY,SPIKE
AWS-01,Delhi NCR Urban,2026-08-01T06:00:00+00:00,28.07,993.69,60.36,19.68,4.14,False,NORMAL,NONE
AWS-01,Delhi NCR Urban,2026-08-01T06:15:00+00:00,28.58,993.89,61.67,20.51,3.32,False,NORMAL,NONE
AWS-01,Delhi NCR Urban,2026-08-01T06:30:00+00:00,28.98,993.08,59.09,20.19,1.78,False,NORMAL,NONE
AWS-01,Delhi NCR Urban,2026-08-01T06:45:00+00:00,29.38,993.77,59.58,20.7,4.66,False,NORMAL,NONE
AWS-01,Delhi NCR Urban,2026-08-01T07:00:00+00:00,29.8,993.33,58.91,20.9,3.87,False,NORMAL,NONE
AWS-01,Delhi NCR Urban,2026-08-01T07:15:00+00:00,30.0,994.04,57.67,20.75,3.29,False,NORMAL,NONE
AWS-01,Delhi NCR Urban,2026-08-01T07:30:00+00:00,30.96,994.15,56.84,21.4,3.42,False,NORMAL,NONE
AWS-01,Delhi NCR Urban,2026-08-01T07:45:00+00:00,31.15,994.64,54.32,20.85,5.47,False,NORMAL,NONE
AWS-01,Delhi NCR Urban,2026-08-01T08:00:00+00:00,32.01,994.79,53.7,21.45,4.87,False,NORMAL,NONE
AWS-01,Delhi NCR Urban,2026-08-01T08:15:00+00:00,32.44,995.02,54.63,22.13,4.08,False,NORMAL,NONE
AWS-01,Delhi NCR Urban,2026-08-01T08:30:00+00:00,33.09,994.71,52.72,22.15,4.27,False,NORMAL,NONE
AWS-01,Delhi NCR Urban,2026-08-01T08:45:00+00:00,33.09,994.81,51.89,21.89,5.14,False,NORMAL,NONE
AWS-01,Delhi NCR Urban,2026-08-01T09:00:00+00:00,33.7,995.12,51.85,22.43,3.93,False,NORMAL,NONE
AWS-01,Delhi NCR Urban,2026-08-01T09:15:00+00:00,34.73,995.09,50.79,23.04,4.81,False,NORMAL,NONE
AWS-01,Delhi NCR Urban,2026-08-01T09:30:00+00:00,35.21,995.35,50.17,23.28,5.07,False,NORMAL,NONE
AWS-01,Delhi NCR Urban,2026-08-01T09:45:00+00:00,35.91,995.1,49.51,23.7,0.5,False,NORMAL,NONE
AWS-01,Delhi NCR Urban,2026-08-01T10:00:00+00:00,36.44,994.69,51.4,24.81,4.11,False,NORMAL,NONE
AWS-01,Delhi NCR Urban,2026-08-01T10:15:00+00:00,20.0,995.2,100.0,23.5,5.74,True,ANOMALY,CROSS_SENSOR_INCONSISTENCY
AWS-01,Delhi NCR Urban,2026-08-01T10:30:00+00:00,36.51,995.42,46.16,23.08,5.37,False,NORMAL,NONE
AWS-01,Delhi NCR Urban,2026-08-01T10:45:00+00:00,37.17,994.65,47.84,24.28,4.19,False,NORMAL,NONE
AWS-01,Delhi NCR Urban,2026-08-01T11:00:00+00:00,37.62,995.49,46.53,24.23,4.05,False,NORMAL,NONE
AWS-01,Delhi NCR Urban,2026-08-01T11:15:00+00:00,38.1,994.87,46.06,24.49,3.28,False,NORMAL,NONE
AWS-01,Delhi NCR Urban,2026-08-01T11:30:00+00:00,38.63,995.06,45.77,24.86,2.57,False,NORMAL,NONE
AWS-01,Delhi NCR Urban,2026-08-01T11:45:00+00:00,38.33,994.8,44.58,24.15,3.4,False,NORMAL,NONE
AWS-01,Delhi NCR Urban,2026-08-01T12:00:00+00:00,38.88,994.07,45.65,25.04,3.96,False,NORMAL,NONE
AWS-01,Delhi NCR Urban,2026-08-01T12:15:00+00:00,38.7,994.97,42.26,23.6,3.25,False,NORMAL,NONE
AWS-01,Delhi NCR Urban,2026-08-01T12:30:00+00:00,39.69,994.53,39.67,23.43,4.48,False,NORMAL,NONE
AWS-01,Delhi NCR Urban,2026-08-01T12:45:00+00:00,38.75,993.98,43.76,24.22,3.91,False,NORMAL,NONE
AWS-01,Delhi NCR Urban,2026-08-01T13:00:00+00:00,39.98,994.14,40.78,24.15,0.5,False,NORMAL,NONE
AWS-01,Delhi NCR Urban,2026-08-01T13:15:00+00:00,39.65,994.07,43.86,25.07,5.05,False,NORMAL,NONE
AWS-01,Delhi NCR Urban,2026-08-01T13:30:00+00:00,40.3,992.73,42.31,25.05,3.78,False,NORMAL,NONE
AWS-01,Delhi NCR Urban,2026-08-01T13:45:00+00:00,39.74,992.99,42.4,24.58,3.73,False,NORMAL,NONE
AWS-01,Delhi NCR Urban,2026-08-01T14:00:00+00:00,40.38,993.38,44.0,25.77,5.37,False,NORMAL,NONE
AWS-01,Delhi NCR Urban,2026-08-01T14:15:00+00:00,40.16,992.85,42.12,24.85,5.2,False,NORMAL,NONE
AWS-01,Delhi NCR Urban,2026-08-01T14:30:00+00:00,39.74,993.2,42.9,24.78,3.63,False,NORMAL,NONE
AWS-01,Delhi NCR Urban,2026-08-01T14:45:00+00:00,39.67,992.95,41.35,24.1,3.9,False,NORMAL,NONE
AWS-01,Delhi NCR Urban,2026-08-01T15:00:00+00:00,39.98,993.41,42.42,24.81,3.7,False,NORMAL,NONE
AWS-01,Delhi NCR Urban,2026-08-01T15:15:00+00:00,39.48,993.24,43.71,24.86,6.2,True,ANOMALY,FROZEN_SENSOR
AWS-01,Delhi NCR Urban,2026-08-01T15:30:00+00:00,39.48,992.56,42.41,24.36,1.6,True,ANOMALY,FROZEN_SENSOR
AWS-01,Delhi NCR Urban,2026-08-01T15:45:00+00:00,39.48,992.89,43.53,24.79,2.51,True,ANOMALY,FROZEN_SENSOR
AWS-01,Delhi NCR Urban,2026-08-01T16:00:00+00:00,39.48,992.82,44.01,24.98,0.66,True,ANOMALY,FROZEN_SENSOR
AWS-01,Delhi NCR Urban,2026-08-01T16:15:00+00:00,39.48,992.87,45.23,25.43,3.86,True,ANOMALY,FROZEN_SENSOR
AWS-01,Delhi NCR Urban,2026-08-01T16:30:00+00:00,39.48,993.03,44.93,25.32,4.87,True,ANOMALY,FROZEN_SENSOR
AWS-01,Delhi NCR Urban,2026-08-01T16:45:00+00:00,39.48,993.08,44.26,25.07,5.99,True,ANOMALY,FROZEN_SENSOR
AWS-01,Delhi NCR Urban,2026-08-01T17:00:00+00:00,39.48,992.87,43.61,24.82,4.85,True,ANOMALY,FROZEN_SENSOR
AWS-01,Delhi NCR Urban,2026-08-01T17:15:00+00:00,36.8,993.17,47.05,23.67,3.05,True,ANOMALY,SENSOR_DRIFT
AWS-01,Delhi NCR Urban,2026-08-01T17:30:00+00:00,36.78,992.81,48.58,24.18,2.02,False,NORMAL,NONE
AWS-01,Delhi NCR Urban,2026-08-01T17:45:00+00:00,35.83,993.44,47.74,23.02,5.91,False,NORMAL,NONE
AWS-01,Delhi NCR Urban,2026-08-01T18:00:00+00:00,36.08,993.34,49.11,23.72,3.13,False,NORMAL,NONE
AWS-01,Delhi NCR Urban,2026-08-01T18:15:00+00:00,34.62,993.02,50.06,22.7,3.55,False,NORMAL,NONE
AWS-01,Delhi NCR Urban,2026-08-01T18:30:00+00:00,34.97,994.14,49.41,22.81,3.09,False,NORMAL,NONE
AWS-01,Delhi NCR Urban,2026-08-01T18:45:00+00:00,34.56,994.18,51.3,23.05,2.82,False,NORMAL,NONE
AWS-01,Delhi NCR Urban,2026-08-01T19:00:00+00:00,34.9,993.96,53.83,24.16,3.73,False,NORMAL,NONE
AWS-01,Delhi NCR Urban,2026-08-01T19:15:00+00:00,33.72,994.01,53.16,22.86,2.43,False,NORMAL,NONE
AWS-01,Delhi NCR Urban,2026-08-01T19:30:00+00:00,33.24,994.63,53.58,22.55,8.06,False,NORMAL,NONE
AWS-01,Delhi NCR Urban,2026-08-01T19:45:00+00:00,32.24,994.92,52.35,21.25,5.87,False,NORMAL,NONE
AWS-01,Delhi NCR Urban,2026-08-01T20:00:00+00:00,26.77,996.94,82.18,23.48,7.36,False,GENUINE_WEATHER_EVENT,GENUINE_WEATHER_EVENT
AWS-01,Delhi NCR Urban,2026-08-01T20:15:00+00:00,31.56,994.9,54.74,21.35,4.65,False,NORMAL,NONE
AWS-01,Delhi NCR Urban,2026-08-01T20:30:00+00:00,31.1,1017.0,57.36,21.68,5.37,True,ANOMALY,SPIKE
AWS-01,Delhi NCR Urban,2026-08-01T20:45:00+00:00,30.91,994.13,58.32,21.77,6.79,False,NORMAL,NONE
AWS-01,Delhi NCR Urban,2026-08-01T21:00:00+00:00,30.03,995.02,59.14,21.18,5.86,False,NORMAL,NONE
AWS-01,Delhi NCR Urban,2026-08-01T21:15:00+00:00,14.23,994.85,58.27,6.15,2.67,True,ANOMALY,SPIKE
AWS-01,Delhi NCR Urban,2026-08-01T21:30:00+00:00,28.8,995.15,59.76,20.2,2.86,False,NORMAL,NONE
AWS-01,Delhi NCR Urban,2026-08-01T21:45:00+00:00,28.49,994.71,61.22,20.3,4.91,False,NORMAL,NONE
AWS-01,Delhi NCR Urban,2026-08-01T22:00:00+00:00,27.56,994.62,60.31,19.18,4.46,False,NORMAL,NONE
AWS-01,Delhi NCR Urban,2026-08-01T22:15:00+00:00,27.98,995.65,65.05,20.8,5.79,False,NORMAL,NONE
AWS-01,Delhi NCR Urban,2026-08-01T22:30:00+00:00,27.31,994.67,63.14,19.68,5.26,False,NORMAL,NONE
AWS-01,Delhi NCR Urban,2026-08-01T22:45:00+00:00,26.82,995.09,62.68,19.11,4.58,False,NORMAL,NONE
AWS-01,Delhi NCR Urban,2026-08-01T23:00:00+00:00,26.98,995.04,63.73,19.52,6.82,False,NORMAL,NONE
AWS-01,Delhi NCR Urban,2026-08-01T23:15:00+00:00,26.72,994.94,65.09,19.62,3.14,False,NORMAL,NONE
AWS-01,Delhi NCR Urban,2026-08-01T23:30:00+00:00,25.64,995.21,65.85,18.78,1.78,False,NORMAL,NONE
AWS-01,Delhi NCR Urban,2026-08-01T23:45:00+00:00,24.57,994.65,65.74,17.74,2.91,False,NORMAL,NONE
AWS-01,Delhi NCR Urban,2026-08-02T00:00:00+00:00,25.13,994.42,66.64,18.48,2.58,False,NORMAL,NONE
AWS-01,Delhi NCR Urban,2026-08-02T00:15:00+00:00,42.97,994.3,68.07,35.81,5.14,True,ANOMALY,SPIKE
AWS-01,Delhi NCR Urban,2026-08-02T00:30:00+00:00,24.68,993.67,67.11,18.17,5.35,False,NORMAL,NONE
AWS-01,Delhi NCR Urban,2026-08-02T00:45:00+00:00,24.98,994.29,67.13,18.46,7.07,False,NORMAL,NONE
AWS-01,Delhi NCR Urban,2026-08-02T01:00:00+00:00,23.9,994.06,67.16,17.44,4.48,False,NORMAL,NONE
AWS-01,Delhi NCR Urban,2026-08-02T01:15:00+00:00,23.93,993.81,69.01,17.89,1.25,False,NORMAL,NONE
AWS-01,Delhi NCR Urban,2026-08-02T01:30:00+00:00,24.4,994.23,69.79,18.52,2.25,False,NORMAL,NONE
AWS-01,Delhi NCR Urban,2026-08-02T01:45:00+00:00,23.99,994.04,67.46,17.59,6.23,False,NORMAL,NONE
AWS-01,Delhi NCR Urban,2026-08-02T02:00:00+00:00,24.34,993.41,67.37,17.91,6.33,False,NORMAL,NONE
AWS-01,Delhi NCR Urban,2026-08-02T02:15:00+00:00,23.7,993.16,69.43,17.77,1.62,False,NORMAL,NONE
AWS-01,Delhi NCR Urban,2026-08-02T02:30:00+00:00,24.75,993.31,69.36,18.76,3.13,False,NORMAL,NONE
AWS-01,Delhi NCR Urban,2026-08-02T02:45:00+00:00,24.07,992.97,66.85,17.52,4.88,False,NORMAL,NONE
AWS-01,Delhi NCR Urban,2026-08-02T03:00:00+00:00,23.77,974.48,64.62,16.71,2.67,True,ANOMALY,SPIKE
AWS-01,Delhi NCR Urban,2026-08-02T03:15:00+00:00,24.39,993.02,66.88,17.84,5.96,False,NORMAL,NONE
AWS-01,Delhi NCR Urban,2026-08-02T03:30:00+00:00,24.11,992.53,65.69,17.28,5.42,False,NORMAL,NONE
AWS-01,Delhi NCR Urban,2026-08-02T03:45:00+00:00,24.83,992.94,66.65,18.2,2.89,False,NORMAL,NONE
AWS-01,Delhi NCR Urban,2026-08-02T04:00:00+00:00,25.37,992.5,67.7,18.97,3.11,False,NORMAL,NONE
AWS-01,Delhi NCR Urban,2026-08-02T04:15:00+00:00,24.96,992.97,66.02,18.17,2.03,False,NORMAL,NONE
AWS-01,Delhi NCR Urban,2026-08-02T04:30:00+00:00,26.1,992.52,65.8,19.2,3.9,False,NORMAL,NONE
AWS-01,Delhi NCR Urban,2026-08-02T04:45:00+00:00,25.59,993.46,61.57,17.66,3.59,False,NORMAL,NONE
AWS-01,Delhi NCR Urban,2026-08-02T05:00:00+00:00,26.42,992.79,62.89,18.78,5.35,False,NORMAL,NONE
AWS-01,Delhi NCR Urban,2026-08-02T05:15:00+00:00,26.28,992.88,62.27,18.49,3.49,False,NORMAL,NONE
AWS-01,Delhi NCR Urban,2026-08-02T05:30:00+00:00,27.24,993.47,62.06,19.35,4.37,False,NORMAL,NONE
AWS-01,Delhi NCR Urban,2026-08-02T05:45:00+00:00,28.42,992.98,63.39,20.8,6.13,False,NORMAL,NONE
AWS-01,Delhi NCR Urban,2026-08-02T06:00:00+00:00,27.62,993.35,60.13,19.19,4.66,False,NORMAL,NONE
AWS-01,Delhi NCR Urban,2026-08-02T06:15:00+00:00,28.43,993.79,60.89,20.15,5.64,False,NORMAL,NONE
AWS-01,Delhi NCR Urban,2026-08-02T06:30:00+00:00,29.3,993.51,60.72,20.93,4.09,False,NORMAL,NONE
AWS-01,Delhi NCR Urban,2026-08-02T06:45:00+00:00,29.14,994.08,59.14,20.35,5.99,False,NORMAL,NONE
AWS-01,Delhi NCR Urban,2026-08-02T07:00:00+00:00,30.07,994.11,58.26,20.98,2.47,False,NORMAL,NONE
AWS-01,Delhi NCR Urban,2026-08-02T07:15:00+00:00,30.66,994.31,57.53,21.32,4.66,False,NORMAL,NONE
AWS-01,Delhi NCR Urban,2026-08-02T07:30:00+00:00,25.25,996.58,83.52,22.26,7.16,False,GENUINE_WEATHER_EVENT,GENUINE_WEATHER_EVENT
AWS-01,Delhi NCR Urban,2026-08-02T07:45:00+00:00,30.22,994.46,54.95,20.17,3.25,False,NORMAL,NONE
AWS-01,Delhi NCR Urban,2026-08-02T08:00:00+00:00,32.76,994.72,54.88,22.51,2.89,True,ANOMALY,FROZEN_SENSOR
AWS-01,Delhi NCR Urban,2026-08-02T08:15:00+00:00,32.76,994.81,53.35,22.04,0.5,True,ANOMALY,FROZEN_SENSOR
AWS-01,Delhi NCR Urban,2026-08-02T08:30:00+00:00,32.76,994.78,52.87,21.89,2.22,True,ANOMALY,FROZEN_SENSOR
AWS-01,Delhi NCR Urban,2026-08-02T08:45:00+00:00,32.76,994.79,53.1,21.96,2.95,True,ANOMALY,FROZEN_SENSOR
AWS-01,Delhi NCR Urban,2026-08-02T09:00:00+00:00,32.76,995.48,52.14,21.66,6.25,True,ANOMALY,FROZEN_SENSOR
AWS-01,Delhi NCR Urban,2026-08-02T09:15:00+00:00,32.76,994.98,52.5,21.78,5.28,True,ANOMALY,FROZEN_SENSOR
AWS-01,Delhi NCR Urban,2026-08-02T09:30:00+00:00,32.76,995.23,50.06,21.0,3.34,True,ANOMALY,FROZEN_SENSOR
AWS-01,Delhi NCR Urban,2026-08-02T09:45:00+00:00,32.76,995.06,49.49,20.81,5.98,True,ANOMALY,FROZEN_SENSOR
AWS-01,Delhi NCR Urban,2026-08-02T10:00:00+00:00,36.66,995.42,48.58,24.07,5.75,True,ANOMALY,FROZEN_SENSOR
AWS-01,Delhi NCR Urban,2026-08-02T10:15:00+00:00,36.66,995.53,48.25,23.96,6.66,True,ANOMALY,FROZEN_SENSOR
AWS-01,Delhi NCR Urban,2026-08-02T10:30:00+00:00,36.66,995.44,45.2,22.88,4.74,True,ANOMALY,FROZEN_SENSOR
AWS-01,Delhi NCR Urban,2026-08-02T10:45:00+00:00,36.66,995.52,46.47,23.33,0.5,True,ANOMALY,FROZEN_SENSOR
AWS-01,Delhi NCR Urban,2026-08-02T11:00:00+00:00,36.66,994.07,46.76,23.44,5.76,True,ANOMALY,FROZEN_SENSOR
AWS-01,Delhi NCR Urban,2026-08-02T11:15:00+00:00,36.66,995.3,46.19,23.23,4.76,True,ANOMALY,FROZEN_SENSOR
AWS-01,Delhi NCR Urban,2026-08-02T11:30:00+00:00,36.66,995.58,44.93,22.78,7.42,True,ANOMALY,FROZEN_SENSOR
AWS-01,Delhi NCR Urban,2026-08-02T11:45:00+00:00,36.66,994.72,43.2,22.13,4.3,True,ANOMALY,FROZEN_SENSOR
AWS-01,Delhi NCR Urban,2026-08-02T12:00:00+00:00,38.81,994.88,44.24,24.46,6.31,False,NORMAL,NONE
AWS-01,Delhi NCR Urban,2026-08-02T12:15:00+00:00,39.4,994.33,43.77,24.81,4.18,False,NORMAL,NONE
AWS-01,Delhi NCR Urban,2026-08-02T12:30:00+00:00,39.4,994.18,44.0,24.9,2.84,False,NORMAL,NONE
AWS-01,Delhi NCR Urban,2026-08-02T12:45:00+00:00,39.26,994.15,42.28,24.1,4.7,False,NORMAL,NONE
AWS-01,Delhi NCR Urban,2026-08-02T13:00:00+00:00,40.02,994.2,41.88,24.63,4.2,False,NORMAL,NONE
AWS-01,Delhi NCR Urban,2026-08-02T13:15:00+00:00,39.01,993.41,43.52,24.36,3.12,False,NORMAL,NONE
AWS-01,Delhi NCR Urban,2026-08-02T13:30:00+00:00,39.9,993.5,43.09,24.99,4.46,False,NORMAL,NONE
AWS-01,Delhi NCR Urban,2026-08-02T13:45:00+00:00,39.61,993.1,42.74,24.6,3.0,False,NORMAL,NONE
AWS-01,Delhi NCR Urban,2026-08-02T14:00:00+00:00,40.01,993.24,41.35,24.4,2.05,False,NORMAL,NONE
AWS-01,Delhi NCR Urban,2026-08-02T14:15:00+00:00,40.21,993.02,41.82,24.77,5.05,False,NORMAL,NONE
AWS-01,Delhi NCR Urban,2026-08-02T14:30:00+00:00,40.67,993.13,40.63,24.7,3.67,False,NORMAL,NONE
AWS-01,Delhi NCR Urban,2026-08-02T14:45:00+00:00,39.15,993.21,41.66,23.76,7.03,False,NORMAL,NONE
AWS-01,Delhi NCR Urban,2026-08-02T15:00:00+00:00,39.24,993.21,41.14,23.63,2.52,False,NORMAL,NONE
AWS-01,Delhi NCR Urban,2026-08-02T15:15:00+00:00,39.66,993.18,42.42,24.52,3.53,False,NORMAL,NONE
AWS-01,Delhi NCR Urban,2026-08-02T15:30:00+00:00,38.84,992.78,41.21,23.3,3.4,False,NORMAL,NONE
AWS-01,Delhi NCR Urban,2026-08-02T15:45:00+00:00,39.48,992.23,41.96,24.18,2.15,False,NORMAL,NONE
AWS-01,Delhi NCR Urban,2026-08-02T16:00:00+00:00,39.23,992.49,44.7,25.01,1.2,False,NORMAL,NONE
AWS-01,Delhi NCR Urban,2026-08-02T16:15:00+00:00,38.49,1014.93,45.03,24.47,4.8,True,ANOMALY,SPIKE
AWS-01,Delhi NCR Urban,2026-08-02T16:30:00+00:00,37.87,993.29,44.11,23.56,4.77,False,NORMAL,NONE
AWS-01,Delhi NCR Urban,2026-08-02T16:45:00+00:00,37.78,993.19,46.8,24.46,4.86,False,NORMAL,NONE
AWS-01,Delhi NCR Urban,2026-08-02T17:00:00+00:00,38.64,993.18,44.29,24.32,1.37,False,NORMAL,NONE
AWS-01,Delhi NCR Urban,2026-08-02T17:15:00+00:00,37.73,992.54,45.05,23.79,5.0,False,NORMAL,NONE
AWS-01,Delhi NCR Urban,2026-08-02T17:30:00+00:00,36.49,993.25,47.32,23.47,5.01,False,NORMAL,NONE
AWS-01,Delhi NCR Urban,2026-08-02T17:45:00+00:00,37.01,992.8,49.67,24.76,5.79,False,NORMAL,NONE
AWS-01,Delhi NCR Urban,2026-08-02T18:00:00+00:00,35.78,993.51,47.15,22.77,2.01,False,NORMAL,NONE
AWS-01,Delhi NCR Urban,2026-08-02T18:15:00+00:00,35.3,993.16,50.34,23.42,6.94,False,NORMAL,NONE
AWS-01,Delhi NCR Urban,2026-08-02T18:30:00+00:00,35.0,994.03,49.7,22.93,0.5,False,NORMAL,NONE
AWS-01,Delhi NCR Urban,2026-08-02T18:45:00+00:00,34.88,994.29,50.65,23.13,3.31,False,NORMAL,NONE
AWS-01,Delhi NCR Urban,2026-08-02T19:00:00+00:00,28.63,996.35,79.2,24.67,5.4,False,GENUINE_WEATHER_EVENT,GENUINE_WEATHER_EVENT
AWS-01,Delhi NCR Urban,2026-08-02T19:15:00+00:00,34.22,994.2,52.98,23.27,3.26,False,NORMAL,NONE
AWS-01,Delhi NCR Urban,2026-08-02T19:30:00+00:00,32.98,994.02,53.99,22.44,0.82,False,NORMAL,NONE
AWS-01,Delhi NCR Urban,2026-08-02T19:45:00+00:00,32.86,994.05,54.21,22.39,5.42,False,NORMAL,NONE
AWS-01,Delhi NCR Urban,2026-08-02T20:00:00+00:00,32.04,994.36,52.85,21.22,2.78,False,NORMAL,NONE
AWS-01,Delhi NCR Urban,2026-08-02T20:15:00+00:00,55.22,994.94,56.11,43.68,3.23,True,ANOMALY,SPIKE
AWS-01,Delhi NCR Urban,2026-08-02T20:30:00+00:00,31.31,994.41,56.04,21.5,3.65,False,NORMAL,NONE
AWS-01,Delhi NCR Urban,2026-08-02T20:45:00+00:00,30.0,995.17,58.16,20.88,2.9,False,NORMAL,NONE
AWS-01,Delhi NCR Urban,2026-08-02T21:00:00+00:00,30.42,995.3,58.89,21.48,3.06,False,NORMAL,NONE
AWS-01,Delhi NCR Urban,2026-08-02T21:15:00+00:00,29.1,995.0,61.11,20.85,4.02,False,NORMAL,NONE
AWS-01,Delhi NCR Urban,2026-08-02T21:30:00+00:00,29.86,995.5,60.24,21.32,4.2,False,NORMAL,NONE
AWS-01,Delhi NCR Urban,2026-08-02T21:45:00+00:00,28.73,995.25,59.74,20.13,2.5,False,NORMAL,NONE
AWS-01,Delhi NCR Urban,2026-08-02T22:00:00+00:00,27.18,994.6,60.54,18.89,4.64,False,NORMAL,NONE
AWS-01,Delhi NCR Urban,2026-08-02T22:15:00+00:00,27.29,994.94,60.37,18.94,4.12,False,NORMAL,NONE
AWS-01,Delhi NCR Urban,2026-08-02T22:30:00+00:00,26.88,994.91,64.3,19.58,4.7,False,NORMAL,NONE
AWS-01,Delhi NCR Urban,2026-08-02T22:45:00+00:00,26.44,995.21,62.5,18.7,5.2,False,NORMAL,NONE
AWS-01,Delhi NCR Urban,2026-08-02T23:00:00+00:00,26.26,995.23,65.14,19.19,4.14,False,NORMAL,NONE
AWS-01,Delhi NCR Urban,2026-08-02T23:15:00+00:00,25.59,994.68,62.86,17.99,2.95,False,NORMAL,NONE
AWS-01,Delhi NCR Urban,2026-08-02T23:30:00+00:00,25.52,995.0,64.14,18.24,4.14,False,NORMAL,NONE
AWS-01,Delhi NCR Urban,2026-08-02T23:45:00+00:00,25.82,994.16,65.49,18.86,2.62,False,NORMAL,NONE
AWS-01,Delhi NCR Urban,2026-08-03T00:00:00+00:00,24.54,994.62,66.62,17.92,3.74,False,NORMAL,NONE
AWS-01,Delhi NCR Urban,2026-08-03T00:15:00+00:00,24.83,994.87,65.6,17.95,1.54,False,NORMAL,NONE
AWS-01,Delhi NCR Urban,2026-08-03T00:30:00+00:00,24.42,994.18,68.69,18.29,1.44,False,NORMAL,NONE
AWS-01,Delhi NCR Urban,2026-08-03T00:45:00+00:00,24.65,994.27,67.37,18.2,0.5,False,NORMAL,NONE
AWS-01,Delhi NCR Urban,2026-08-03T01:00:00+00:00,24.46,993.6,67.7,18.09,5.14,False,NORMAL,NONE
AWS-01,Delhi NCR Urban,2026-08-03T01:15:00+00:00,24.01,993.88,67.36,17.59,5.69,False,NORMAL,NONE
AWS-01,Delhi NCR Urban,2026-08-03T01:30:00+00:00,23.16,993.82,67.85,16.9,1.48,False,NORMAL,NONE
AWS-01,Delhi NCR Urban,2026-08-03T01:45:00+00:00,24.73,993.25,66.33,18.03,5.08,True,ANOMALY,FROZEN_SENSOR
AWS-01,Delhi NCR Urban,2026-08-03T02:00:00+00:00,24.73,993.09,68.98,18.65,6.33,True,ANOMALY,FROZEN_SENSOR
AWS-01,Delhi NCR Urban,2026-08-03T02:15:00+00:00,24.73,1015.28,70.92,19.1,3.78,True,ANOMALY,FROZEN_SENSOR
AWS-01,Delhi NCR Urban,2026-08-03T02:30:00+00:00,24.73,993.2,68.28,18.49,3.78,True,ANOMALY,FROZEN_SENSOR
AWS-01,Delhi NCR Urban,2026-08-03T02:45:00+00:00,24.73,992.93,68.08,18.44,7.31,True,ANOMALY,FROZEN_SENSOR
AWS-01,Delhi NCR Urban,2026-08-03T03:00:00+00:00,24.73,993.38,66.16,17.99,2.39,True,ANOMALY,FROZEN_SENSOR
AWS-01,Delhi NCR Urban,2026-08-03T03:15:00+00:00,24.73,992.59,67.72,18.36,4.35,True,ANOMALY,FROZEN_SENSOR
AWS-01,Delhi NCR Urban,2026-08-03T03:30:00+00:00,24.73,992.49,65.43,17.81,2.2,True,ANOMALY,FROZEN_SENSOR
AWS-01,Delhi NCR Urban,2026-08-03T03:45:00+00:00,24.9,992.12,66.09,18.13,6.54,False,NORMAL,NONE
AWS-01,Delhi NCR Urban,2026-08-03T04:00:00+00:00,9.92,993.17,65.24,3.7,5.79,True,ANOMALY,SPIKE
AWS-01,Delhi NCR Urban,2026-08-03T04:15:00+00:00,25.79,992.84,67.71,19.37,3.53,False,NORMAL,NONE
AWS-01,Delhi NCR Urban,2026-08-03T04:30:00+00:00,25.04,993.43,65.09,18.03,2.56,False,NORMAL,NONE
AWS-01,Delhi NCR Urban,2026-08-03T04:45:00+00:00,25.82,993.09,65.25,18.8,5.97,False,NORMAL,NONE
AWS-01,Delhi NCR Urban,2026-08-03T05:00:00+00:00,26.87,975.33,65.53,19.87,5.06,True,ANOMALY,SPIKE
AWS-01,Delhi NCR Urban,2026-08-03T05:15:00+00:00,26.51,992.74,64.37,19.24,4.54,False,NORMAL,NONE
AWS-01,Delhi NCR Urban,2026-08-03T05:30:00+00:00,27.23,993.2,60.71,18.98,3.82,False,NORMAL,NONE
AWS-01,Delhi NCR Urban,2026-08-03T05:45:00+00:00,27.75,992.69,62.15,19.85,4.97,False,NORMAL,NONE
AWS-01,Delhi NCR Urban,2026-08-03T06:00:00+00:00,27.59,993.42,60.39,19.23,3.89,False,NORMAL,NONE
AWS-01,Delhi NCR Urban,2026-08-03T06:15:00+00:00,28.88,993.73,60.06,20.36,4.13,False,NORMAL,NONE
AWS-01,Delhi NCR Urban,2026-08-03T06:30:00+00:00,28.67,993.54,58.79,19.82,5.52,False,NORMAL,NONE
AWS-01,Delhi NCR Urban,2026-08-03T06:45:00+00:00,28.99,994.0,57.4,19.73,3.19,True,ANOMALY,SENSOR_DRIFT
AWS-01,Delhi NCR Urban,2026-08-03T07:00:00+00:00,29.65,993.71,59.75,21.0,3.47,False,NORMAL,NONE
AWS-01,Delhi NCR Urban,2026-08-03T07:15:00+00:00,30.67,993.86,57.46,21.31,5.95,False,NORMAL,NONE
AWS-01,Delhi NCR Urban,2026-08-03T07:30:00+00:00,30.66,993.79,55.0,20.59,4.27,False,NORMAL,NONE
AWS-01,Delhi NCR Urban,2026-08-03T07:45:00+00:00,31.62,1016.56,56.84,22.02,6.11,True,ANOMALY,SPIKE
AWS-01,Delhi NCR Urban,2026-08-03T08:00:00+00:00,31.68,994.24,55.45,21.67,4.15,False,NORMAL,NONE
AWS-01,Delhi NCR Urban,2026-08-03T08:15:00+00:00,32.55,994.2,54.6,22.23,2.23,False,NORMAL,NONE
AWS-01,Delhi NCR Urban,2026-08-03T08:30:00+00:00,33.64,995.38,52.45,22.57,4.04,False,NORMAL,NONE
AWS-01,Delhi NCR Urban,2026-08-03T08:45:00+00:00,33.66,995.26,51.98,22.43,4.71,False,NORMAL,NONE
AWS-01,Delhi NCR Urban,2026-08-03T09:00:00+00:00,34.84,995.44,51.41,23.34,7.32,False,NORMAL,NONE
AWS-01,Delhi NCR Urban,2026-08-03T09:15:00+00:00,34.38,994.92,51.06,22.81,4.07,False,NORMAL,NONE
AWS-01,Delhi NCR Urban,2026-08-03T09:30:00+00:00,35.77,995.42,49.31,23.51,3.96,False,NORMAL,NONE
AWS-01,Delhi NCR Urban,2026-08-03T09:45:00+00:00,35.61,995.25,49.95,23.57,6.48,False,NORMAL,NONE
AWS-01,Delhi NCR Urban,2026-08-03T10:00:00+00:00,36.47,994.95,49.84,24.32,4.2,False,NORMAL,NONE
AWS-01,Delhi NCR Urban,2026-08-03T10:15:00+00:00,36.44,996.08,47.1,23.35,3.82,False,NORMAL,NONE
AWS-01,Delhi NCR Urban,2026-08-03T10:30:00+00:00,37.1,994.83,48.04,24.28,4.5,False,NORMAL,NONE
AWS-01,Delhi NCR Urban,2026-08-03T10:45:00+00:00,37.84,994.94,47.78,24.86,4.03,False,NORMAL,NONE
AWS-01,Delhi NCR Urban,2026-08-03T11:00:00+00:00,37.7,1016.6,43.7,23.26,4.97,True,ANOMALY,SPIKE
AWS-01,Delhi NCR Urban,2026-08-03T11:15:00+00:00,38.47,995.22,46.35,24.93,5.68,False,NORMAL,NONE
AWS-01,Delhi NCR Urban,2026-08-03T11:30:00+00:00,38.09,994.97,46.0,24.46,6.91,False,NORMAL,NONE
AWS-01,Delhi NCR Urban,2026-08-03T11:45:00+00:00,38.49,994.62,44.65,24.32,3.52,False,NORMAL,NONE
AWS-01,Delhi NCR Urban,2026-08-03T12:00:00+00:00,39.4,994.64,43.86,24.84,6.57,False,NORMAL,NONE
AWS-01,Delhi NCR Urban,2026-08-03T12:15:00+00:00,39.15,994.67,44.71,24.94,0.5,False,NORMAL,NONE
AWS-01,Delhi NCR Urban,2026-08-03T12:30:00+00:00,39.11,994.37,43.18,24.32,3.02,False,NORMAL,NONE
AWS-01,Delhi NCR Urban,2026-08-03T12:45:00+00:00,39.99,994.57,42.24,24.74,2.88,False,NORMAL,NONE
AWS-01,Delhi NCR Urban,2026-08-03T13:00:00+00:00,39.59,993.84,42.87,24.63,1.45,False,NORMAL,NONE
AWS-01,Delhi NCR Urban,2026-08-03T13:15:00+00:00,39.56,993.61,41.88,24.21,4.47,False,NORMAL,NONE
AWS-01,Delhi NCR Urban,2026-08-03T13:30:00+00:00,39.34,993.71,42.55,24.28,2.73,False,NORMAL,NONE
AWS-01,Delhi NCR Urban,2026-08-03T13:45:00+00:00,40.39,993.51,41.79,24.92,2.24,False,NORMAL,NONE
AWS-01,Delhi NCR Urban,2026-08-03T14:00:00+00:00,39.98,993.35,42.33,24.77,1.93,False,NORMAL,NONE
AWS-01,Delhi NCR Urban,2026-08-03T14:15:00+00:00,39.54,993.31,42.11,24.29,5.83,False,NORMAL,NONE
AWS-01,Delhi NCR Urban,2026-08-03T14:30:00+00:00,40.27,992.91,42.89,25.25,1.96,False,NORMAL,NONE
AWS-01,Delhi NCR Urban,2026-08-03T14:45:00+00:00,39.66,992.49,42.91,24.71,6.63,False,NORMAL,NONE
AWS-01,Delhi NCR Urban,2026-08-03T15:00:00+00:00,39.7,992.79,43.33,24.91,2.57,False,NORMAL,NONE
AWS-01,Delhi NCR Urban,2026-08-03T15:15:00+00:00,24.66,993.37,43.54,11.44,5.91,True,ANOMALY,SPIKE
AWS-01,Delhi NCR Urban,2026-08-03T15:30:00+00:00,39.14,993.01,44.37,24.8,0.5,False,NORMAL,NONE
AWS-01,Delhi NCR Urban,2026-08-03T15:45:00+00:00,39.13,993.13,45.22,25.11,2.82,False,NORMAL,NONE
AWS-01,Delhi NCR Urban,2026-08-03T16:00:00+00:00,38.89,992.86,42.68,23.93,4.99,False,NORMAL,NONE
AWS-01,Delhi NCR Urban,2026-08-03T16:15:00+00:00,38.22,992.32,44.27,23.93,2.43,False,NORMAL,NONE
AWS-01,Delhi NCR Urban,2026-08-03T16:30:00+00:00,38.21,993.45,44.68,24.08,1.78,False,NORMAL,NONE
AWS-01,Delhi NCR Urban,2026-08-03T16:45:00+00:00,37.73,992.78,45.82,24.06,3.24,False,NORMAL,NONE
AWS-01,Delhi NCR Urban,2026-08-03T17:00:00+00:00,37.61,993.06,48.14,24.78,6.66,False,NORMAL,NONE
AWS-01,Delhi NCR Urban,2026-08-03T17:15:00+00:00,36.69,993.36,46.92,23.51,3.61,True,ANOMALY,FROZEN_SENSOR
AWS-01,Delhi NCR Urban,2026-08-03T17:30:00+00:00,36.69,993.23,48.22,23.97,3.82,True,ANOMALY,FROZEN_SENSOR
AWS-01,Delhi NCR Urban,2026-08-03T17:45:00+00:00,36.69,993.36,48.05,23.91,3.52,True,ANOMALY,FROZEN_SENSOR
AWS-01,Delhi NCR Urban,2026-08-03T18:00:00+00:00,35.24,993.2,48.25,22.66,3.93,True,ANOMALY,FROZEN_SENSOR
AWS-01,Delhi NCR Urban,2026-08-03T18:15:00+00:00,35.24,993.82,49.1,22.95,5.71,True,ANOMALY,FROZEN_SENSOR
AWS-01,Delhi NCR Urban,2026-08-03T18:30:00+00:00,35.24,993.9,49.69,23.14,1.73,True,ANOMALY,FROZEN_SENSOR
AWS-01,Delhi NCR Urban,2026-08-03T18:45:00+00:00,35.24,996.11,79.16,31.08,6.18,True,ANOMALY,FROZEN_SENSOR
AWS-01,Delhi NCR Urban,2026-08-03T19:00:00+00:00,35.24,993.44,51.06,23.6,3.27,True,ANOMALY,FROZEN_SENSOR
AWS-01,Delhi NCR Urban,2026-08-03T19:15:00+00:00,35.24,994.4,52.65,24.1,3.66,True,ANOMALY,FROZEN_SENSOR
AWS-01,Delhi NCR Urban,2026-08-03T19:30:00+00:00,35.24,994.17,54.08,24.55,2.55,True,ANOMALY,FROZEN_SENSOR
AWS-01,Delhi NCR Urban,2026-08-03T19:45:00+00:00,35.24,995.31,54.17,24.58,5.67,True,ANOMALY,FROZEN_SENSOR
AWS-01,Delhi NCR Urban,2026-08-03T20:00:00+00:00,32.26,994.3,54.17,21.82,4.1,False,NORMAL,NONE
AWS-01,Delhi NCR Urban,2026-08-03T20:15:00+00:00,31.14,994.6,56.15,21.38,4.8,False,NORMAL,NONE
AWS-01,Delhi NCR Urban,2026-08-03T20:30:00+00:00,30.28,995.33,55.61,20.41,4.12,False,NORMAL,NONE
AWS-01,Delhi NCR Urban,2026-08-03T20:45:00+00:00,30.16,995.23,59.42,21.38,6.17,False,NORMAL,NONE
AWS-01,Delhi NCR Urban,2026-08-03T21:00:00+00:00,29.86,995.07,56.81,20.37,5.75,False,NORMAL,NONE
AWS-01,Delhi NCR Urban,2026-08-03T21:15:00+00:00,29.35,995.12,56.17,19.72,6.1,False,NORMAL,NONE
AWS-01,Delhi NCR Urban,2026-08-03T21:30:00+00:00,28.95,995.49,61.18,20.72,4.55,False,NORMAL,NONE
AWS-01,Delhi NCR Urban,2026-08-03T21:45:00+00:00,28.59,995.28,60.28,20.15,3.41,False,NORMAL,NONE
AWS-01,Delhi NCR Urban,2026-08-03T22:00:00+00:00,27.86,995.1,60.89,19.62,7.24,False,NORMAL,NONE
AWS-01,Delhi NCR Urban,2026-08-03T22:15:00+00:00,27.6,995.32,63.44,20.04,2.2,False,NORMAL,NONE
AWS-01,Delhi NCR Urban,2026-08-03T22:30:00+00:00,27.56,995.67,63.65,20.05,3.67,False,NORMAL,NONE
AWS-01,Delhi NCR Urban,2026-08-03T22:45:00+00:00,22.12,997.47,89.26,20.26,3.72,False,GENUINE_WEATHER_EVENT,GENUINE_WEATHER_EVENT
AWS-01,Delhi NCR Urban,2026-08-03T23:00:00+00:00,50.86,994.83,64.64,42.31,5.11,True,ANOMALY,SPIKE
AWS-01,Delhi NCR Urban,2026-08-03T23:15:00+00:00,26.19,995.28,63.8,18.79,6.28,False,NORMAL,NONE
AWS-01,Delhi NCR Urban,2026-08-03T23:30:00+00:00,25.69,994.47,66.29,18.93,4.98,False,NORMAL,NONE
AWS-01,Delhi NCR Urban,2026-08-03T23:45:00+00:00,25.71,994.88,63.63,18.3,4.39,False,NORMAL,NONE
AWS-01,Delhi NCR Urban,2026-08-04T00:00:00+00:00,24.97,994.95,66.13,18.21,3.53,False,NORMAL,NONE
AWS-01,Delhi NCR Urban,2026-08-04T00:15:00+00:00,25.08,994.23,65.18,18.08,4.02,False,NORMAL,NONE
AWS-01,Delhi NCR Urban,2026-08-04T00:30:00+00:00,24.91,993.63,67.51,18.48,2.03,False,NORMAL,NONE
AWS-01,Delhi NCR Urban,2026-08-04T00:45:00+00:00,24.65,994.38,65.57,17.77,3.41,False,NORMAL,NONE
AWS-01,Delhi NCR Urban,2026-08-04T01:00:00+00:00,24.44,993.46,67.79,18.1,4.57,False,NORMAL,NONE
AWS-01,Delhi NCR Urban,2026-08-04T01:15:00+00:00,24.03,993.5,67.54,17.65,2.5,False,NORMAL,NONE
AWS-01,Delhi NCR Urban,2026-08-04T01:30:00+00:00,24.02,993.27,67.7,17.68,5.13,False,NORMAL,NONE
AWS-01,Delhi NCR Urban,2026-08-04T01:45:00+00:00,23.69,993.91,66.8,17.15,3.31,False,NORMAL,NONE
AWS-01,Delhi NCR Urban,2026-08-04T02:00:00+00:00,24.46,993.56,65.78,17.64,0.98,False,NORMAL,NONE
AWS-01,Delhi NCR Urban,2026-08-04T02:15:00+00:00,23.91,993.44,65.99,17.16,3.87,False,NORMAL,NONE
AWS-01,Delhi NCR Urban,2026-08-04T02:30:00+00:00,23.38,993.65,69.55,17.49,3.61,False,NORMAL,NONE
AWS-01,Delhi NCR Urban,2026-08-04T02:45:00+00:00,24.77,992.65,66.61,18.14,5.06,False,NORMAL,NONE
AWS-01,Delhi NCR Urban,2026-08-04T03:00:00+00:00,48.86,992.78,68.95,41.65,3.7,True,ANOMALY,SPIKE
AWS-01,Delhi NCR Urban,2026-08-04T03:15:00+00:00,24.46,992.66,65.92,17.67,4.81,False,NORMAL,NONE
AWS-01,Delhi NCR Urban,2026-08-04T03:30:00+00:00,24.41,993.13,66.82,17.84,3.55,False,NORMAL,NONE
AWS-01,Delhi NCR Urban,2026-08-04T03:45:00+00:00,24.84,993.13,68.11,18.56,8.11,False,NORMAL,NONE
AWS-01,Delhi NCR Urban,2026-08-04T04:00:00+00:00,25.23,992.92,67.75,18.84,5.34,False,NORMAL,NONE
AWS-01,Delhi NCR Urban,2026-08-04T04:15:00+00:00,25.24,974.85,65.12,18.22,2.57,True,ANOMALY,SPIKE
AWS-01,Delhi NCR Urban,2026-08-04T04:30:00+00:00,25.96,992.9,63.89,18.6,4.72,False,NORMAL,NONE
AWS-01,Delhi NCR Urban,2026-08-04T04:45:00+00:00,25.55,992.54,64.76,18.43,1.91,False,NORMAL,NONE
AWS-01,Delhi NCR Urban,2026-08-04T05:00:00+00:00,26.66,993.07,61.91,18.76,3.91,False,NORMAL,NONE
AWS-01,Delhi NCR Urban,2026-08-04T05:15:00+00:00,27.1,993.1,64.27,19.78,5.97,False,NORMAL,NONE
AWS-01,Delhi NCR Urban,2026-08-04T05:30:00+00:00,26.73,993.3,63.27,19.17,4.99,False,NORMAL,NONE
AWS-01,Delhi NCR Urban,2026-08-04T05:45:00+00:00,27.84,993.54,62.94,20.13,3.17,False,NORMAL,NONE
AWS-01,Delhi NCR Urban,2026-08-04T06:00:00+00:00,28.46,993.73,58.91,19.65,3.92,False,NORMAL,NONE
AWS-01,Delhi NCR Urban,2026-08-04T06:15:00+00:00,28.77,993.95,60.03,20.25,5.5,False,NORMAL,NONE
AWS-01,Delhi NCR Urban,2026-08-04T06:30:00+00:00,28.9,993.46,60.43,20.47,8.14,False,NORMAL,NONE
AWS-01,Delhi NCR Urban,2026-08-04T06:45:00+00:00,29.98,994.36,56.76,20.47,5.36,False,NORMAL,NONE
AWS-01,Delhi NCR Urban,2026-08-04T07:00:00+00:00,30.39,993.85,57.44,21.04,5.06,False,NORMAL,NONE
AWS-01,Delhi NCR Urban,2026-08-04T07:15:00+00:00,29.84,994.52,56.04,20.13,0.5,False,NORMAL,NONE
AWS-01,Delhi NCR Urban,2026-08-04T07:30:00+00:00,31.15,994.4,55.36,21.15,5.18,False,NORMAL,NONE
AWS-01,Delhi NCR Urban,2026-08-04T07:45:00+00:00,31.4,994.45,56.54,21.72,1.86,False,NORMAL,NONE
AWS-01,Delhi NCR Urban,2026-08-04T08:00:00+00:00,31.21,994.75,56.45,21.52,4.98,False,NORMAL,NONE
AWS-01,Delhi NCR Urban,2026-08-04T08:15:00+00:00,32.24,995.47,54.5,21.91,3.69,False,NORMAL,NONE
AWS-01,Delhi NCR Urban,2026-08-04T08:30:00+00:00,32.64,994.85,51.59,21.38,3.34,False,NORMAL,NONE
AWS-01,Delhi NCR Urban,2026-08-04T08:45:00+00:00,33.07,994.87,53.12,22.26,5.35,False,NORMAL,NONE
AWS-01,Delhi NCR Urban,2026-08-04T09:00:00+00:00,33.58,994.57,52.9,22.65,1.35,False,NORMAL,NONE
AWS-01,Delhi NCR Urban,2026-08-04T09:15:00+00:00,34.92,995.87,51.38,23.41,4.96,False,NORMAL,NONE
AWS-01,Delhi NCR Urban,2026-08-04T09:30:00+00:00,34.94,994.68,51.08,23.33,0.5,False,NORMAL,NONE
AWS-01,Delhi NCR Urban,2026-08-04T09:45:00+00:00,35.72,995.2,48.36,23.14,2.63,False,NORMAL,NONE
AWS-01,Delhi NCR Urban,2026-08-04T10:00:00+00:00,35.79,995.2,49.99,23.75,5.26,False,NORMAL,NONE
AWS-01,Delhi NCR Urban,2026-08-04T10:15:00+00:00,36.25,994.93,47.53,23.33,5.66,False,NORMAL,NONE
AWS-01,Delhi NCR Urban,2026-08-04T10:30:00+00:00,36.94,994.94,46.68,23.66,5.39,False,NORMAL,NONE
AWS-01,Delhi NCR Urban,2026-08-04T10:45:00+00:00,37.28,995.19,47.01,24.08,4.74,False,NORMAL,NONE
AWS-01,Delhi NCR Urban,2026-08-04T11:00:00+00:00,37.2,995.36,45.2,23.36,1.59,False,NORMAL,NONE
AWS-01,Delhi NCR Urban,2026-08-04T11:15:00+00:00,37.35,994.64,43.34,22.81,3.7,False,NORMAL,NONE
AWS-01,Delhi NCR Urban,2026-08-04T11:30:00+00:00,37.82,995.04,43.21,23.17,6.48,False,NORMAL,NONE
AWS-01,Delhi NCR Urban,2026-08-04T11:45:00+00:00,38.58,994.71,45.22,24.61,3.44,False,NORMAL,NONE
AWS-01,Delhi NCR Urban,2026-08-04T12:00:00+00:00,38.33,994.81,42.15,23.22,5.01,False,NORMAL,NONE
AWS-01,Delhi NCR Urban,2026-08-04T12:15:00+00:00,39.39,995.14,42.29,24.23,4.62,False,NORMAL,NONE
AWS-01,Delhi NCR Urban,2026-08-04T12:30:00+00:00,39.26,994.08,43.12,24.43,4.37,False,NORMAL,NONE
AWS-01,Delhi NCR Urban,2026-08-04T12:45:00+00:00,39.43,993.96,43.45,24.72,6.54,False,NORMAL,NONE
AWS-01,Delhi NCR Urban,2026-08-04T13:00:00+00:00,39.09,994.11,42.86,24.18,2.79,False,NORMAL,NONE
AWS-01,Delhi NCR Urban,2026-08-04T13:15:00+00:00,40.42,993.79,42.36,25.18,2.57,False,NORMAL,NONE
AWS-01,Delhi NCR Urban,2026-08-04T13:30:00+00:00,40.1,993.82,41.43,24.52,2.53,False,NORMAL,NONE
AWS-01,Delhi NCR Urban,2026-08-04T13:45:00+00:00,39.77,993.31,42.97,24.83,4.4,False,NORMAL,NONE
AWS-01,Delhi NCR Urban,2026-08-04T14:00:00+00:00,39.48,993.53,40.68,23.66,4.01,False,NORMAL,NONE
AWS-01,Delhi NCR Urban,2026-08-04T14:15:00+00:00,40.04,993.53,41.71,24.57,5.51,False,NORMAL,NONE
AWS-01,Delhi NCR Urban,2026-08-04T14:30:00+00:00,40.24,993.01,41.87,24.82,4.51,False,NORMAL,NONE
AWS-01,Delhi NCR Urban,2026-08-04T14:45:00+00:00,40.33,993.03,43.09,25.38,2.91,False,NORMAL,NONE
AWS-01,Delhi NCR Urban,2026-08-04T15:00:00+00:00,40.22,992.48,43.69,25.51,5.57,False,NORMAL,NONE
AWS-01,Delhi NCR Urban,2026-08-04T15:15:00+00:00,39.65,993.06,43.58,24.97,2.48,False,NORMAL,NONE
AWS-01,Delhi NCR Urban,2026-08-04T15:30:00+00:00,38.95,992.56,43.9,24.46,5.36,False,NORMAL,NONE
AWS-01,Delhi NCR Urban,2026-08-04T15:45:00+00:00,39.23,992.88,44.33,24.87,3.26,False,NORMAL,NONE
AWS-01,Delhi NCR Urban,2026-08-04T16:00:00+00:00,39.31,993.31,44.61,25.05,4.7,False,NORMAL,NONE
AWS-01,Delhi NCR Urban,2026-08-04T16:15:00+00:00,38.95,992.85,45.52,25.06,4.75,False,NORMAL,NONE
AWS-01,Delhi NCR Urban,2026-08-04T16:30:00+00:00,38.23,992.89,43.93,23.82,0.5,False,NORMAL,NONE
AWS-01,Delhi NCR Urban,2026-08-04T16:45:00+00:00,38.07,992.46,43.62,23.56,4.29,False,NORMAL,NONE
AWS-01,Delhi NCR Urban,2026-08-04T17:00:00+00:00,38.8,992.67,45.97,25.09,2.49,False,NORMAL,NONE
AWS-01,Delhi NCR Urban,2026-08-04T17:15:00+00:00,37.85,992.57,48.09,24.99,4.88,False,NORMAL,NONE
AWS-01,Delhi NCR Urban,2026-08-04T17:30:00+00:00,36.96,992.97,45.09,23.1,6.55,False,NORMAL,NONE
AWS-01,Delhi NCR Urban,2026-08-04T17:45:00+00:00,37.02,993.2,47.12,23.89,6.5,False,NORMAL,NONE
AWS-01,Delhi NCR Urban,2026-08-04T18:00:00+00:00,36.15,993.95,48.21,23.48,3.0,False,NORMAL,NONE
AWS-01,Delhi NCR Urban,2026-08-04T18:15:00+00:00,36.07,993.32,50.38,24.13,6.04,False,NORMAL,NONE
AWS-01,Delhi NCR Urban,2026-08-04T18:30:00+00:00,20.0,993.42,100.0,23.5,6.66,True,ANOMALY,CROSS_SENSOR_INCONSISTENCY
AWS-01,Delhi NCR Urban,2026-08-04T18:45:00+00:00,34.33,993.7,50.02,22.43,4.55,False,NORMAL,NONE
AWS-01,Delhi NCR Urban,2026-08-04T19:00:00+00:00,34.0,993.79,50.7,22.34,2.69,False,NORMAL,NONE
AWS-01,Delhi NCR Urban,2026-08-04T19:15:00+00:00,33.95,994.24,53.2,23.09,2.45,False,NORMAL,NONE
AWS-01,Delhi NCR Urban,2026-08-04T19:30:00+00:00,32.75,994.28,51.64,21.49,3.98,False,NORMAL,NONE
AWS-01,Delhi NCR Urban,2026-08-04T19:45:00+00:00,33.07,994.72,54.1,22.55,3.05,False,NORMAL,NONE
AWS-01,Delhi NCR Urban,2026-08-04T20:00:00+00:00,32.32,994.88,54.46,21.97,2.97,False,NORMAL,NONE
AWS-01,Delhi NCR Urban,2026-08-04T20:15:00+00:00,31.51,994.62,54.18,21.13,6.6,False,NORMAL,NONE
AWS-01,Delhi NCR Urban,2026-08-04T20:30:00+00:00,30.9,995.38,55.95,21.09,2.18,False,NORMAL,NONE
AWS-01,Delhi NCR Urban,2026-08-04T20:45:00+00:00,31.12,995.06,57.93,21.86,6.09,False,NORMAL,NONE
AWS-01,Delhi NCR Urban,2026-08-04T21:00:00+00:00,30.06,994.75,58.49,21.03,4.66,False,NORMAL,NONE
AWS-01,Delhi NCR Urban,2026-08-04T21:15:00+00:00,28.94,995.32,60.54,20.54,2.59,False,NORMAL,NONE
AWS-01,Delhi NCR Urban,2026-08-04T21:30:00+00:00,28.57,995.04,59.15,19.82,1.46,False,NORMAL,NONE
AWS-01,Delhi NCR Urban,2026-08-04T21:45:00+00:00,28.5,995.3,60.08,20.01,2.58,False,NORMAL,NONE
AWS-01,Delhi NCR Urban,2026-08-04T22:00:00+00:00,27.84,995.44,60.48,19.49,3.56,False,NORMAL,NONE
AWS-01,Delhi NCR Urban,2026-08-04T22:15:00+00:00,27.63,995.09,63.68,20.12,4.79,False,NORMAL,NONE
AWS-01,Delhi NCR Urban,2026-08-04T22:30:00+00:00,26.77,995.36,62.65,19.05,2.35,False,NORMAL,NONE
AWS-01,Delhi NCR Urban,2026-08-04T22:45:00+00:00,26.24,994.67,64.39,18.98,5.56,False,NORMAL,NONE
AWS-01,Delhi NCR Urban,2026-08-04T23:00:00+00:00,25.97,995.03,63.08,18.4,3.37,False,NORMAL,NONE
AWS-01,Delhi NCR Urban,2026-08-04T23:15:00+00:00,26.17,994.89,63.51,18.7,3.31,False,NORMAL,NONE
AWS-01,Delhi NCR Urban,2026-08-04T23:30:00+00:00,43.81,995.1,64.19,35.54,3.96,True,ANOMALY,SPIKE
AWS-01,Delhi NCR Urban,2026-08-04T23:45:00+00:00,25.21,994.57,66.64,18.56,1.67,False,NORMAL,NONE
AWS-01,Delhi NCR Urban,2026-08-05T00:00:00+00:00,25.4,994.06,67.45,18.94,3.77,False,NORMAL,NONE
AWS-01,Delhi NCR Urban,2026-08-05T00:15:00+00:00,24.83,994.48,66.3,18.12,3.15,False,NORMAL,NONE
AWS-01,Delhi NCR Urban,2026-08-05T00:30:00+00:00,24.82,994.52,66.2,18.09,5.04,False,NORMAL,NONE
AWS-01,Delhi NCR Urban,2026-08-05T00:45:00+00:00,19.3,996.37,96.55,18.73,2.75,False,GENUINE_WEATHER_EVENT,GENUINE_WEATHER_EVENT
AWS-01,Delhi NCR Urban,2026-08-05T01:00:00+00:00,23.88,994.5,68.65,17.76,4.83,False,NORMAL,NONE
AWS-01,Delhi NCR Urban,2026-08-05T01:15:00+00:00,24.2,993.88,68.38,18.01,2.0,False,NORMAL,NONE
AWS-01,Delhi NCR Urban,2026-08-05T01:30:00+00:00,24.23,993.58,67.52,17.84,4.48,True,ANOMALY,FROZEN_SENSOR
AWS-01,Delhi NCR Urban,2026-08-05T01:45:00+00:00,24.23,993.78,68.23,18.0,6.48,True,ANOMALY,FROZEN_SENSOR
AWS-01,Delhi NCR Urban,2026-08-05T02:00:00+00:00,24.23,993.82,66.9,17.69,4.31,True,ANOMALY,FROZEN_SENSOR
AWS-01,Delhi NCR Urban,2026-08-05T02:15:00+00:00,24.23,993.41,64.64,17.14,2.0,True,ANOMALY,FROZEN_SENSOR
AWS-01,Delhi NCR Urban,2026-08-05T02:30:00+00:00,24.23,992.64,67.29,17.78,5.81,True,ANOMALY,FROZEN_SENSOR
AWS-01,Delhi NCR Urban,2026-08-05T02:45:00+00:00,24.23,993.21,65.8,17.43,4.8,True,ANOMALY,FROZEN_SENSOR
AWS-01,Delhi NCR Urban,2026-08-05T03:00:00+00:00,24.23,992.87,69.61,18.32,4.91,True,ANOMALY,FROZEN_SENSOR
AWS-01,Delhi NCR Urban,2026-08-05T03:15:00+00:00,24.23,992.7,64.75,17.17,3.47,True,ANOMALY,FROZEN_SENSOR
AWS-01,Delhi NCR Urban,2026-08-05T03:30:00+00:00,23.38,993.29,67.86,17.11,4.82,False,NORMAL,NONE
AWS-01,Delhi NCR Urban,2026-08-05T03:45:00+00:00,24.51,1014.57,65.97,17.74,6.06,True,ANOMALY,SPIKE
AWS-01,Delhi NCR Urban,2026-08-05T04:00:00+00:00,19.16,994.99,94.8,18.31,4.61,False,GENUINE_WEATHER_EVENT,GENUINE_WEATHER_EVENT
AWS-01,Delhi NCR Urban,2026-08-05T04:15:00+00:00,25.59,993.27,65.67,18.68,4.72,False,NORMAL,NONE
AWS-01,Delhi NCR Urban,2026-08-05T04:30:00+00:00,25.57,993.02,65.05,18.52,1.47,False,NORMAL,NONE
AWS-01,Delhi NCR Urban,2026-08-05T04:45:00+00:00,25.8,992.79,67.22,19.27,4.63,False,NORMAL,NONE
AWS-01,Delhi NCR Urban,2026-08-05T05:00:00+00:00,26.1,992.82,62.91,18.48,4.29,False,NORMAL,NONE
AWS-01,Delhi NCR Urban,2026-08-05T05:15:00+00:00,27.08,992.87,63.11,19.46,3.62,False,NORMAL,NONE
AWS-01,Delhi NCR Urban,2026-08-05T05:30:00+00:00,27.53,993.17,62.71,19.79,4.72,False,NORMAL,NONE
AWS-01,Delhi NCR Urban,2026-08-05T05:45:00+00:00,28.18,993.37,62.76,20.41,4.65,False,NORMAL,NONE
AWS-01,Delhi NCR Urban,2026-08-05T06:00:00+00:00,27.63,993.2,61.28,19.51,5.74,False,NORMAL,NONE
AWS-01,Delhi NCR Urban,2026-08-05T06:15:00+00:00,28.3,993.65,60.73,19.99,2.75,False,NORMAL,NONE
AWS-01,Delhi NCR Urban,2026-08-05T06:30:00+00:00,28.14,994.0,61.49,20.04,5.41,True,ANOMALY,FROZEN_SENSOR
AWS-01,Delhi NCR Urban,2026-08-05T06:45:00+00:00,28.14,994.36,61.1,19.94,6.98,True,ANOMALY,FROZEN_SENSOR
AWS-01,Delhi NCR Urban,2026-08-05T07:00:00+00:00,28.14,994.07,60.05,19.66,3.69,True,ANOMALY,FROZEN_SENSOR
AWS-01,Delhi NCR Urban,2026-08-05T07:15:00+00:00,28.14,994.28,57.56,18.98,2.05,True,ANOMALY,FROZEN_SENSOR
AWS-01,Delhi NCR Urban,2026-08-05T07:30:00+00:00,28.14,994.34,58.01,19.11,5.44,True,ANOMALY,FROZEN_SENSOR
AWS-01,Delhi NCR Urban,2026-08-05T07:45:00+00:00,28.14,994.79,54.04,17.97,2.44,True,ANOMALY,FROZEN_SENSOR
AWS-01,Delhi NCR Urban,2026-08-05T08:00:00+00:00,28.14,994.67,56.47,18.67,3.01,True,ANOMALY,FROZEN_SENSOR
AWS-01,Delhi NCR Urban,2026-08-05T08:15:00+00:00,28.14,994.57,53.54,17.83,1.63,True,ANOMALY,FROZEN_SENSOR
AWS-01,Delhi NCR Urban,2026-08-05T08:30:00+00:00,33.59,995.21,53.16,22.74,5.12,False,NORMAL,NONE
AWS-01,Delhi NCR Urban,2026-08-05T08:45:00+00:00,33.12,994.91,53.41,22.39,3.23,False,NORMAL,NONE
AWS-01,Delhi NCR Urban,2026-08-05T09:00:00+00:00,34.04,994.96,49.56,22.0,4.0,False,NORMAL,NONE
AWS-01,Delhi NCR Urban,2026-08-05T09:15:00+00:00,34.57,994.98,49.39,22.43,3.85,False,NORMAL,NONE
AWS-01,Delhi NCR Urban,2026-08-05T09:30:00+00:00,35.15,994.66,48.43,22.64,3.33,False,NORMAL,NONE
AWS-01,Delhi NCR Urban,2026-08-05T09:45:00+00:00,30.71,996.83,78.54,26.55,1.4,False,GENUINE_WEATHER_EVENT,GENUINE_WEATHER_EVENT
AWS-01,Delhi NCR Urban,2026-08-05T10:00:00+00:00,35.63,994.84,48.1,22.97,3.25,False,NORMAL,NONE
AWS-01,Delhi NCR Urban,2026-08-05T10:15:00+00:00,36.71,995.59,48.04,23.93,4.48,False,NORMAL,NONE
AWS-01,Delhi NCR Urban,2026-08-05T10:30:00+00:00,36.88,995.15,47.15,23.77,5.93,False,NORMAL,NONE
AWS-01,Delhi NCR Urban,2026-08-05T10:45:00+00:00,37.72,994.48,45.94,24.1,1.98,False,NORMAL,NONE
AWS-01,Delhi NCR Urban,2026-08-05T11:00:00+00:00,37.27,995.27,45.57,23.56,5.73,False,NORMAL,NONE
AWS-01,Delhi NCR Urban,2026-08-05T11:15:00+00:00,31.86,997.1,75.02,26.88,4.19,False,GENUINE_WEATHER_EVENT,GENUINE_WEATHER_EVENT
AWS-01,Delhi NCR Urban,2026-08-05T11:30:00+00:00,38.64,995.09,44.93,24.56,4.32,False,NORMAL,NONE
AWS-01,Delhi NCR Urban,2026-08-05T11:45:00+00:00,38.05,994.43,43.27,23.4,1.42,False,NORMAL,NONE
AWS-01,Delhi NCR Urban,2026-08-05T12:00:00+00:00,39.48,994.7,44.17,25.03,5.45,False,NORMAL,NONE
AWS-01,Delhi NCR Urban,2026-08-05T12:15:00+00:00,39.2,994.41,44.35,24.85,3.09,False,NORMAL,NONE
AWS-01,Delhi NCR Urban,2026-08-05T12:30:00+00:00,39.51,994.68,43.83,24.93,1.3,False,NORMAL,NONE
AWS-01,Delhi NCR Urban,2026-08-05T12:45:00+00:00,39.45,993.81,42.31,24.28,7.59,False,NORMAL,NONE
AWS-01,Delhi NCR Urban,2026-08-05T13:00:00+00:00,39.11,993.48,42.1,23.9,4.34,False,NORMAL,NONE
AWS-01,Delhi NCR Urban,2026-08-05T13:15:00+00:00,39.95,993.97,44.89,25.73,2.92,False,NORMAL,NONE
AWS-01,Delhi NCR Urban,2026-08-05T13:30:00+00:00,39.73,993.44,42.27,24.52,2.82,False,NORMAL,NONE
AWS-01,Delhi NCR Urban,2026-08-05T13:45:00+00:00,40.26,993.36,41.08,24.51,3.16,False,NORMAL,NONE
AWS-01,Delhi NCR Urban,2026-08-05T14:00:00+00:00,40.31,993.71,41.16,24.59,2.48,True,ANOMALY,FROZEN_SENSOR
AWS-01,Delhi NCR Urban,2026-08-05T14:15:00+00:00,40.31,993.24,43.04,25.34,3.83,True,ANOMALY,FROZEN_SENSOR
AWS-01,Delhi NCR Urban,2026-08-05T14:30:00+00:00,40.31,993.2,42.55,25.15,3.33,True,ANOMALY,FROZEN_SENSOR
AWS-01,Delhi NCR Urban,2026-08-05T14:45:00+00:00,40.31,993.18,41.56,24.75,2.87,True,ANOMALY,FROZEN_SENSOR
AWS-01,Delhi NCR Urban,2026-08-05T15:00:00+00:00,40.31,993.22,42.56,25.15,6.15,True,ANOMALY,FROZEN_SENSOR
AWS-01,Delhi NCR Urban,2026-08-05T15:15:00+00:00,40.31,993.1,42.99,25.32,1.74,True,ANOMALY,FROZEN_SENSOR
AWS-01,Delhi NCR Urban,2026-08-05T15:30:00+00:00,40.31,993.05,45.2,26.17,3.38,True,ANOMALY,FROZEN_SENSOR
AWS-01,Delhi NCR Urban,2026-08-05T15:45:00+00:00,40.31,992.79,41.7,24.81,2.61,True,ANOMALY,FROZEN_SENSOR
AWS-01,Delhi NCR Urban,2026-08-05T16:00:00+00:00,20.0,992.76,100.0,23.5,5.06,True,ANOMALY,CROSS_SENSOR_INCONSISTENCY
AWS-01,Delhi NCR Urban,2026-08-05T16:15:00+00:00,32.32,995.3,73.77,27.04,3.08,False,GENUINE_WEATHER_EVENT,GENUINE_WEATHER_EVENT
AWS-01,Delhi NCR Urban,2026-08-05T16:30:00+00:00,37.91,993.36,44.11,23.6,4.28,False,NORMAL,NONE
AWS-01,Delhi NCR Urban,2026-08-05T16:45:00+00:00,37.47,992.91,45.16,23.59,5.03,False,NORMAL,NONE
AWS-01,Delhi NCR Urban,2026-08-05T17:00:00+00:00,38.01,993.36,47.1,24.78,5.57,False,NORMAL,NONE
AWS-01,Delhi NCR Urban,2026-08-05T17:15:00+00:00,37.41,992.9,44.73,23.38,4.4,False,NORMAL,NONE
AWS-01,Delhi NCR Urban,2026-08-05T17:30:00+00:00,36.81,992.82,45.68,23.18,3.58,False,NORMAL,NONE
AWS-01,Delhi NCR Urban,2026-08-05T17:45:00+00:00,36.34,993.47,46.79,23.15,1.35,False,NORMAL,NONE
AWS-01,Delhi NCR Urban,2026-08-05T18:00:00+00:00,34.98,993.69,48.89,22.64,4.77,False,NORMAL,NONE
AWS-01,Delhi NCR Urban,2026-08-05T18:15:00+00:00,35.86,993.04,47.47,22.96,3.27,False,NORMAL,NONE
AWS-01,Delhi NCR Urban,2026-08-05T18:30:00+00:00,35.42,993.97,49.65,23.29,5.6,False,NORMAL,NONE
AWS-01,Delhi NCR Urban,2026-08-05T18:45:00+00:00,34.26,993.45,50.73,22.59,7.78,False,NORMAL,NONE
AWS-01,Delhi NCR Urban,2026-08-05T19:00:00+00:00,34.36,993.7,52.35,23.2,3.74,False,NORMAL,NONE
AWS-01,Delhi NCR Urban,2026-08-05T19:15:00+00:00,33.62,994.02,51.13,22.13,4.33,False,NORMAL,NONE
AWS-01,Delhi NCR Urban,2026-08-05T19:30:00+00:00,33.18,994.5,51.03,21.69,6.05,False,NORMAL,NONE
AWS-01,Delhi NCR Urban,2026-08-05T19:45:00+00:00,33.35,994.37,54.91,23.05,5.6,False,NORMAL,NONE
AWS-01,Delhi NCR Urban,2026-08-05T20:00:00+00:00,32.06,994.61,54.85,21.85,3.81,False,NORMAL,NONE
AWS-01,Delhi NCR Urban,2026-08-05T20:15:00+00:00,31.62,994.99,55.71,21.69,3.53,False,NORMAL,NONE
AWS-01,Delhi NCR Urban,2026-08-05T20:30:00+00:00,30.66,994.37,57.24,21.24,4.88,False,NORMAL,NONE
AWS-01,Delhi NCR Urban,2026-08-05T20:45:00+00:00,30.89,994.47,57.33,21.48,5.2,False,NORMAL,NONE
AWS-01,Delhi NCR Urban,2026-08-05T21:00:00+00:00,30.56,994.59,57.16,21.12,5.52,False,NORMAL,NONE
AWS-01,Delhi NCR Urban,2026-08-05T21:15:00+00:00,28.62,995.66,58.6,19.71,4.42,False,NORMAL,NONE
AWS-01,Delhi NCR Urban,2026-08-05T21:30:00+00:00,29.7,995.09,58.08,20.58,4.16,False,NORMAL,NONE
AWS-01,Delhi NCR Urban,2026-08-05T21:45:00+00:00,20.0,994.84,100.0,23.5,7.3,True,ANOMALY,CROSS_SENSOR_INCONSISTENCY
AWS-01,Delhi NCR Urban,2026-08-05T22:00:00+00:00,28.24,995.19,62.27,20.34,5.49,False,NORMAL,NONE
AWS-01,Delhi NCR Urban,2026-08-05T22:15:00+00:00,27.89,995.25,61.16,19.72,5.66,False,NORMAL,NONE
AWS-01,Delhi NCR Urban,2026-08-05T22:30:00+00:00,27.8,995.53,64.15,20.41,4.4,False,NORMAL,NONE
AWS-01,Delhi NCR Urban,2026-08-05T22:45:00+00:00,25.59,994.93,64.67,18.44,3.67,False,NORMAL,NONE
AWS-01,Delhi NCR Urban,2026-08-05T23:00:00+00:00,26.39,995.01,65.53,19.41,4.96,False,NORMAL,NONE
AWS-01,Delhi NCR Urban,2026-08-05T23:15:00+00:00,26.22,994.75,63.65,18.79,4.39,False,NORMAL,NONE
AWS-01,Delhi NCR Urban,2026-08-05T23:30:00+00:00,25.46,994.75,63.49,18.03,1.41,False,NORMAL,NONE
AWS-01,Delhi NCR Urban,2026-08-05T23:45:00+00:00,25.12,976.91,66.07,18.34,5.76,True,ANOMALY,SPIKE
AWS-01,Delhi NCR Urban,2026-08-06T00:00:00+00:00,24.94,994.89,65.11,17.94,2.6,False,NORMAL,NONE
AWS-01,Delhi NCR Urban,2026-08-06T00:15:00+00:00,25.02,994.4,66.82,18.42,2.31,False,NORMAL,NONE
AWS-01,Delhi NCR Urban,2026-08-06T00:30:00+00:00,25.07,994.33,66.12,18.31,1.82,False,NORMAL,NONE
AWS-01,Delhi NCR Urban,2026-08-06T00:45:00+00:00,24.37,994.45,66.84,17.81,1.93,False,NORMAL,NONE
AWS-01,Delhi NCR Urban,2026-08-06T01:00:00+00:00,23.88,994.27,66.8,17.34,5.85,False,NORMAL,NONE
AWS-01,Delhi NCR Urban,2026-08-06T01:15:00+00:00,24.46,993.76,66.86,17.9,3.15,False,NORMAL,NONE
AWS-01,Delhi NCR Urban,2026-08-06T01:30:00+00:00,23.75,993.47,66.96,17.25,3.57,False,NORMAL,NONE
AWS-01,Delhi NCR Urban,2026-08-06T01:45:00+00:00,24.32,993.85,67.88,18.01,5.97,False,NORMAL,NONE
AWS-01,Delhi NCR Urban,2026-08-06T02:00:00+00:00,24.59,993.16,66.42,17.92,3.96,False,NORMAL,NONE
AWS-01,Delhi NCR Urban,2026-08-06T02:15:00+00:00,24.01,993.26,67.83,17.7,5.86,False,NORMAL,NONE
AWS-01,Delhi NCR Urban,2026-08-06T02:30:00+00:00,23.6,993.07,67.39,17.21,3.4,False,NORMAL,NONE
AWS-01,Delhi NCR Urban,2026-08-06T02:45:00+00:00,24.38,992.8,67.89,18.07,3.78,False,NORMAL,NONE
AWS-01,Delhi NCR Urban,2026-08-06T03:00:00+00:00,24.75,993.14,65.42,17.83,6.31,False,NORMAL,NONE
AWS-01,Delhi NCR Urban,2026-08-06T03:15:00+00:00,24.73,993.15,65.36,17.8,2.44,False,NORMAL,NONE
AWS-01,Delhi NCR Urban,2026-08-06T03:30:00+00:00,24.35,992.55,67.47,17.94,3.93,False,NORMAL,NONE
AWS-01,Delhi NCR Urban,2026-08-06T03:45:00+00:00,24.82,992.63,66.19,18.08,0.86,False,NORMAL,NONE
AWS-01,Delhi NCR Urban,2026-08-06T04:00:00+00:00,24.79,993.09,64.75,17.7,4.12,False,NORMAL,NONE
AWS-01,Delhi NCR Urban,2026-08-06T04:15:00+00:00,25.23,992.91,65.78,18.37,3.71,False,NORMAL,NONE
AWS-01,Delhi NCR Urban,2026-08-06T04:30:00+00:00,25.87,993.14,66.12,19.07,5.95,False,NORMAL,NONE
AWS-01,Delhi NCR Urban,2026-08-06T04:45:00+00:00,20.0,992.8,100.0,23.5,4.68,True,ANOMALY,CROSS_SENSOR_INCONSISTENCY
AWS-01,Delhi NCR Urban,2026-08-06T05:00:00+00:00,25.98,992.48,66.68,19.31,1.95,False,NORMAL,NONE
AWS-01,Delhi NCR Urban,2026-08-06T05:15:00+00:00,27.04,992.91,63.48,19.52,2.93,False,NORMAL,NONE
AWS-01,Delhi NCR Urban,2026-08-06T05:30:00+00:00,27.35,992.97,64.21,19.99,5.1,False,NORMAL,NONE
AWS-01,Delhi NCR Urban,2026-08-06T05:45:00+00:00,27.11,993.58,64.03,19.72,2.91,True,ANOMALY,FROZEN_SENSOR
AWS-01,Delhi NCR Urban,2026-08-06T06:00:00+00:00,27.11,993.12,61.48,19.07,2.27,True,ANOMALY,FROZEN_SENSOR
AWS-01,Delhi NCR Urban,2026-08-06T06:15:00+00:00,27.11,993.43,60.07,18.7,3.34,True,ANOMALY,FROZEN_SENSOR
AWS-01,Delhi NCR Urban,2026-08-06T06:30:00+00:00,27.11,993.12,60.38,18.78,2.46,True,ANOMALY,FROZEN_SENSOR
AWS-01,Delhi NCR Urban,2026-08-06T06:45:00+00:00,27.11,996.5,89.74,25.28,5.21,True,ANOMALY,FROZEN_SENSOR
AWS-01,Delhi NCR Urban,2026-08-06T07:00:00+00:00,27.11,993.89,58.8,18.36,4.94,True,ANOMALY,FROZEN_SENSOR
AWS-01,Delhi NCR Urban,2026-08-06T07:15:00+00:00,27.11,993.17,58.09,18.16,3.38,True,ANOMALY,FROZEN_SENSOR
AWS-01,Delhi NCR Urban,2026-08-06T07:30:00+00:00,27.11,994.09,56.96,17.85,2.81,True,ANOMALY,FROZEN_SENSOR
AWS-01,Delhi NCR Urban,2026-08-06T07:45:00+00:00,31.36,994.37,55.16,21.28,5.99,False,NORMAL,NONE
AWS-01,Delhi NCR Urban,2026-08-06T08:00:00+00:00,32.83,994.22,53.37,22.11,6.15,False,NORMAL,NONE
AWS-01,Delhi NCR Urban,2026-08-06T08:15:00+00:00,32.64,995.13,54.75,22.35,7.05,False,NORMAL,NONE
AWS-01,Delhi NCR Urban,2026-08-06T08:30:00+00:00,32.86,995.07,54.21,22.39,3.49,False,NORMAL,NONE
AWS-01,Delhi NCR Urban,2026-08-06T08:45:00+00:00,34.2,994.88,52.51,23.1,3.71,False,NORMAL,NONE
AWS-01,Delhi NCR Urban,2026-08-06T09:00:00+00:00,33.89,994.81,53.66,23.17,3.58,True,ANOMALY,SENSOR_DRIFT
AWS-01,Delhi NCR Urban,2026-08-06T09:15:00+00:00,34.01,995.39,51.65,22.65,4.73,False,NORMAL,NONE
AWS-01,Delhi NCR Urban,2026-08-06T09:30:00+00:00,35.24,995.07,49.72,23.15,0.71,False,NORMAL,NONE
AWS-01,Delhi NCR Urban,2026-08-06T09:45:00+00:00,35.16,995.32,52.79,24.08,5.57,False,NORMAL,NONE
AWS-01,Delhi NCR Urban,2026-08-06T10:00:00+00:00,35.78,995.31,47.54,22.91,5.85,False,NORMAL,NONE
AWS-01,Delhi NCR Urban,2026-08-06T10:15:00+00:00,37.14,995.41,49.56,24.84,3.72,True,ANOMALY,SENSOR_DRIFT
AWS-01,Delhi NCR Urban,2026-08-06T10:30:00+00:00,36.87,995.74,46.24,23.44,0.85,False,NORMAL,NONE
AWS-01,Delhi NCR Urban,2026-08-06T10:45:00+00:00,38.13,995.25,47.91,25.18,4.08,False,NORMAL,NONE
AWS-01,Delhi NCR Urban,2026-08-06T11:00:00+00:00,37.19,995.27,48.06,24.37,4.19,False,NORMAL,NONE
AWS-01,Delhi NCR Urban,2026-08-06T11:15:00+00:00,38.28,995.13,44.99,24.26,5.44,False,NORMAL,NONE
AWS-01,Delhi NCR Urban,2026-08-06T11:30:00+00:00,37.96,994.97,43.68,23.48,3.21,False,NORMAL,NONE
AWS-01,Delhi NCR Urban,2026-08-06T11:45:00+00:00,39.0,994.62,44.01,24.54,6.62,True,ANOMALY,FROZEN_SENSOR
AWS-01,Delhi NCR Urban,2026-08-06T12:00:00+00:00,39.0,994.75,46.86,25.59,3.85,True,ANOMALY,FROZEN_SENSOR
AWS-01,Delhi NCR Urban,2026-08-06T12:15:00+00:00,39.0,994.65,42.5,23.96,2.84,True,ANOMALY,FROZEN_SENSOR
AWS-01,Delhi NCR Urban,2026-08-06T12:30:00+00:00,39.0,994.51,43.62,24.39,6.34,True,ANOMALY,FROZEN_SENSOR
AWS-01,Delhi NCR Urban,2026-08-06T12:45:00+00:00,39.0,994.28,42.94,24.13,3.75,True,ANOMALY,FROZEN_SENSOR
AWS-01,Delhi NCR Urban,2026-08-06T13:00:00+00:00,39.0,993.99,42.96,24.14,5.8,True,ANOMALY,FROZEN_SENSOR
AWS-01,Delhi NCR Urban,2026-08-06T13:15:00+00:00,39.0,993.42,40.01,22.96,7.06,True,ANOMALY,FROZEN_SENSOR
AWS-01,Delhi NCR Urban,2026-08-06T13:30:00+00:00,39.0,993.53,41.2,23.44,4.3,True,ANOMALY,FROZEN_SENSOR
AWS-01,Delhi NCR Urban,2026-08-06T13:45:00+00:00,40.92,993.29,39.58,24.48,5.33,False,NORMAL,NONE
AWS-01,Delhi NCR Urban,2026-08-06T14:00:00+00:00,39.96,993.26,42.33,24.75,2.38,False,NORMAL,NONE
AWS-01,Delhi NCR Urban,2026-08-06T14:15:00+00:00,39.57,992.63,42.16,24.34,5.35,False,NORMAL,NONE
AWS-01,Delhi NCR Urban,2026-08-06T14:30:00+00:00,40.51,992.83,43.61,25.74,2.31,False,NORMAL,NONE
AWS-01,Delhi NCR Urban,2026-08-06T14:45:00+00:00,40.0,993.56,45.14,25.86,5.02,False,NORMAL,NONE
AWS-01,Delhi NCR Urban,2026-08-06T15:00:00+00:00,39.93,993.0,44.8,25.68,3.33,False,NORMAL,NONE
AWS-01,Delhi NCR Urban,2026-08-06T15:15:00+00:00,39.26,992.77,43.13,24.44,3.15,False,NORMAL,NONE
AWS-01,Delhi NCR Urban,2026-08-06T15:30:00+00:00,39.25,992.59,44.17,24.82,6.41,False,NORMAL,NONE
AWS-01,Delhi NCR Urban,2026-08-06T15:45:00+00:00,39.01,992.89,42.43,23.93,5.3,False,NORMAL,NONE
AWS-01,Delhi NCR Urban,2026-08-06T16:00:00+00:00,38.48,993.12,43.08,23.72,5.52,False,NORMAL,NONE
AWS-01,Delhi NCR Urban,2026-08-06T16:15:00+00:00,38.46,993.26,45.53,24.62,6.27,False,NORMAL,NONE
AWS-01,Delhi NCR Urban,2026-08-06T16:30:00+00:00,38.41,992.52,45.73,24.65,4.65,False,NORMAL,NONE
AWS-01,Delhi NCR Urban,2026-08-06T16:45:00+00:00,38.01,993.06,44.29,23.76,4.97,False,NORMAL,NONE
AWS-01,Delhi NCR Urban,2026-08-06T17:00:00+00:00,36.63,992.7,46.87,23.45,2.79,False,NORMAL,NONE
AWS-01,Delhi NCR Urban,2026-08-06T17:15:00+00:00,37.59,993.32,46.87,24.32,3.23,False,NORMAL,NONE
AWS-01,Delhi NCR Urban,2026-08-06T17:30:00+00:00,36.44,992.87,48.14,23.72,4.06,False,NORMAL,NONE
AWS-01,Delhi NCR Urban,2026-08-06T17:45:00+00:00,35.92,993.83,50.23,23.95,4.51,True,ANOMALY,SENSOR_DRIFT
AWS-01,Delhi NCR Urban,2026-08-06T18:00:00+00:00,36.33,993.34,48.66,23.79,3.22,False,NORMAL,NONE
AWS-01,Delhi NCR Urban,2026-08-06T18:15:00+00:00,35.21,993.19,48.12,22.59,1.35,False,NORMAL,NONE
AWS-01,Delhi NCR Urban,2026-08-06T18:30:00+00:00,34.97,993.65,49.67,22.89,3.53,False,NORMAL,NONE
AWS-01,Delhi NCR Urban,2026-08-06T18:45:00+00:00,34.15,993.96,51.8,22.83,4.53,False,NORMAL,NONE
AWS-01,Delhi NCR Urban,2026-08-06T19:00:00+00:00,34.11,994.14,51.66,22.75,3.33,False,NORMAL,NONE
AWS-01,Delhi NCR Urban,2026-08-06T19:15:00+00:00,33.49,994.2,52.79,22.54,2.58,False,NORMAL,NONE
AWS-01,Delhi NCR Urban,2026-08-06T19:30:00+00:00,32.17,994.36,53.18,21.44,1.82,False,NORMAL,NONE
AWS-01,Delhi NCR Urban,2026-08-06T19:45:00+00:00,32.37,994.19,54.65,22.08,4.41,False,NORMAL,NONE
AWS-01,Delhi NCR Urban,2026-08-06T20:00:00+00:00,31.93,994.04,55.38,21.88,4.68,False,NORMAL,NONE
AWS-01,Delhi NCR Urban,2026-08-06T20:15:00+00:00,31.44,994.77,54.72,21.23,3.61,False,NORMAL,NONE
AWS-01,Delhi NCR Urban,2026-08-06T20:30:00+00:00,31.37,994.7,55.51,21.4,4.37,False,NORMAL,NONE
AWS-01,Delhi NCR Urban,2026-08-06T20:45:00+00:00,30.3,994.67,57.4,20.95,3.55,False,NORMAL,NONE
AWS-01,Delhi NCR Urban,2026-08-06T21:00:00+00:00,30.07,994.67,59.52,21.32,4.56,False,NORMAL,NONE
AWS-01,Delhi NCR Urban,2026-08-06T21:15:00+00:00,28.8,995.57,59.48,20.12,4.66,False,NORMAL,NONE
AWS-01,Delhi NCR Urban,2026-08-06T21:30:00+00:00,28.66,995.68,60.2,20.19,5.13,False,NORMAL,NONE
AWS-01,Delhi NCR Urban,2026-08-06T21:45:00+00:00,28.37,995.18,60.31,19.94,3.98,False,NORMAL,NONE
AWS-01,Delhi NCR Urban,2026-08-06T22:00:00+00:00,28.2,995.51,63.11,20.52,4.87,False,NORMAL,NONE
AWS-01,Delhi NCR Urban,2026-08-06T22:15:00+00:00,28.16,995.8,62.34,20.28,4.65,False,NORMAL,NONE
AWS-01,Delhi NCR Urban,2026-08-06T22:30:00+00:00,26.91,994.24,62.35,19.1,3.64,False,NORMAL,NONE
AWS-01,Delhi NCR Urban,2026-08-06T22:45:00+00:00,26.57,995.13,62.62,18.85,6.14,False,NORMAL,NONE
AWS-01,Delhi NCR Urban,2026-08-06T23:00:00+00:00,25.92,995.26,65.76,19.03,3.47,False,NORMAL,NONE
AWS-01,Delhi NCR Urban,2026-08-06T23:15:00+00:00,25.85,994.69,63.09,18.3,3.18,False,NORMAL,NONE
AWS-01,Delhi NCR Urban,2026-08-06T23:30:00+00:00,25.02,994.93,64.63,17.9,4.63,False,NORMAL,NONE
AWS-01,Delhi NCR Urban,2026-08-06T23:45:00+00:00,25.53,994.58,66.17,18.75,4.11,False,NORMAL,NONE
AWS-01,Delhi NCR Urban,2026-08-07T00:00:00+00:00,25.44,995.19,66.49,18.74,4.45,False,NORMAL,NONE
AWS-01,Delhi NCR Urban,2026-08-07T00:15:00+00:00,25.03,994.55,66.92,18.46,5.25,False,NORMAL,NONE
AWS-01,Delhi NCR Urban,2026-08-07T00:30:00+00:00,24.11,994.23,66.8,17.55,2.91,False,NORMAL,NONE
AWS-01,Delhi NCR Urban,2026-08-07T00:45:00+00:00,24.59,994.67,65.53,17.7,3.37,False,NORMAL,NONE
AWS-01,Delhi NCR Urban,2026-08-07T01:00:00+00:00,24.58,994.24,67.4,18.14,5.55,False,NORMAL,NONE
AWS-01,Delhi NCR Urban,2026-08-07T01:15:00+00:00,24.05,993.78,68.35,17.86,4.82,False,NORMAL,NONE
AWS-01,Delhi NCR Urban,2026-08-07T01:30:00+00:00,24.41,993.83,68.98,18.35,1.23,False,NORMAL,NONE
AWS-01,Delhi NCR Urban,2026-08-07T01:45:00+00:00,24.26,993.64,68.49,18.1,6.74,False,NORMAL,NONE
AWS-01,Delhi NCR Urban,2026-08-07T02:00:00+00:00,24.3,993.67,65.58,17.44,1.96,False,NORMAL,NONE
AWS-01,Delhi NCR Urban,2026-08-07T02:15:00+00:00,23.53,993.32,68.77,17.46,5.4,False,NORMAL,NONE
AWS-01,Delhi NCR Urban,2026-08-07T02:30:00+00:00,24.0,994.13,67.02,17.5,5.56,False,NORMAL,NONE
AWS-01,Delhi NCR Urban,2026-08-07T02:45:00+00:00,24.72,993.32,65.98,17.94,5.55,False,NORMAL,NONE
AWS-01,Delhi NCR Urban,2026-08-07T03:00:00+00:00,24.33,992.85,67.21,17.86,1.48,False,NORMAL,NONE
AWS-01,Delhi NCR Urban,2026-08-07T03:15:00+00:00,24.47,992.64,68.0,18.18,3.23,False,NORMAL,NONE
AWS-01,Delhi NCR Urban,2026-08-07T03:30:00+00:00,24.22,992.88,67.14,17.74,4.4,False,NORMAL,NONE
AWS-01,Delhi NCR Urban,2026-08-07T03:45:00+00:00,25.27,993.17,67.65,18.86,4.34,True,ANOMALY,FROZEN_SENSOR
AWS-01,Delhi NCR Urban,2026-08-07T04:00:00+00:00,25.27,992.69,65.88,18.43,2.88,True,ANOMALY,FROZEN_SENSOR
AWS-01,Delhi NCR Urban,2026-08-07T04:15:00+00:00,25.27,993.03,67.07,18.72,3.86,True,ANOMALY,FROZEN_SENSOR
AWS-01,Delhi NCR Urban,2026-08-07T04:30:00+00:00,25.27,992.77,65.6,18.37,4.38,True,ANOMALY,FROZEN_SENSOR
AWS-01,Delhi NCR Urban,2026-08-07T04:45:00+00:00,25.27,992.41,64.77,18.16,2.79,True,ANOMALY,FROZEN_SENSOR
AWS-01,Delhi NCR Urban,2026-08-07T05:00:00+00:00,25.27,993.42,64.88,18.19,4.8,True,ANOMALY,FROZEN_SENSOR
AWS-01,Delhi NCR Urban,2026-08-07T05:15:00+00:00,25.27,992.71,64.07,17.99,2.23,True,ANOMALY,FROZEN_SENSOR
AWS-01,Delhi NCR Urban,2026-08-07T05:30:00+00:00,25.27,993.29,63.12,17.75,5.4,True,ANOMALY,FROZEN_SENSOR
AWS-01,Delhi NCR Urban,2026-08-07T05:45:00+00:00,27.72,992.87,62.22,19.84,4.17,False,NORMAL,NONE
AWS-01,Delhi NCR Urban,2026-08-07T06:00:00+00:00,27.76,993.64,61.43,19.67,3.91,False,NORMAL,NONE
AWS-01,Delhi NCR Urban,2026-08-07T06:15:00+00:00,28.05,994.0,60.0,19.56,3.75,False,NORMAL,NONE
AWS-01,Delhi NCR Urban,2026-08-07T06:30:00+00:00,29.54,993.31,57.95,20.39,7.16,False,NORMAL,NONE
AWS-01,Delhi NCR Urban,2026-08-07T06:45:00+00:00,28.7,994.34,59.2,19.95,1.9,False,NORMAL,NONE
AWS-01,Delhi NCR Urban,2026-08-07T07:00:00+00:00,29.9,993.53,59.31,21.11,4.18,False,NORMAL,NONE
AWS-01,Delhi NCR Urban,2026-08-07T07:15:00+00:00,31.1,993.84,59.31,22.23,4.43,False,NORMAL,NONE
AWS-01,Delhi NCR Urban,2026-08-07T07:30:00+00:00,30.98,994.37,54.21,20.65,2.12,False,NORMAL,NONE
AWS-01,Delhi NCR Urban,2026-08-07T07:45:00+00:00,32.1,995.23,57.61,22.69,4.14,False,NORMAL,NONE
AWS-01,Delhi NCR Urban,2026-08-07T08:00:00+00:00,31.41,994.68,56.99,21.87,1.4,False,NORMAL,NONE
AWS-01,Delhi NCR Urban,2026-08-07T08:15:00+00:00,32.58,994.43,54.28,22.15,2.3,False,NORMAL,NONE
AWS-01,Delhi NCR Urban,2026-08-07T08:30:00+00:00,33.35,995.02,53.82,22.73,1.31,False,NORMAL,NONE
AWS-01,Delhi NCR Urban,2026-08-07T08:45:00+00:00,33.69,995.2,53.23,22.86,2.79,False,NORMAL,NONE
AWS-01,Delhi NCR Urban,2026-08-07T09:00:00+00:00,33.62,995.08,49.94,21.74,6.66,False,NORMAL,NONE
AWS-01,Delhi NCR Urban,2026-08-07T09:15:00+00:00,34.92,995.03,53.28,24.01,6.05,False,NORMAL,NONE
AWS-01,Delhi NCR Urban,2026-08-07T09:30:00+00:00,34.89,994.77,49.68,22.82,4.81,False,NORMAL,NONE
AWS-01,Delhi NCR Urban,2026-08-07T09:45:00+00:00,35.68,995.57,47.47,22.8,3.51,False,NORMAL,NONE
AWS-01,Delhi NCR Urban,2026-08-07T10:00:00+00:00,54.01,995.59,47.67,39.5,4.07,True,ANOMALY,SPIKE
AWS-01,Delhi NCR Urban,2026-08-07T10:15:00+00:00,36.59,995.55,47.53,23.64,0.5,False,NORMAL,NONE
AWS-01,Delhi NCR Urban,2026-08-07T10:30:00+00:00,36.27,994.93,46.71,23.06,3.19,False,NORMAL,NONE
AWS-01,Delhi NCR Urban,2026-08-07T10:45:00+00:00,37.47,995.09,45.97,23.88,1.89,False,NORMAL,NONE
AWS-01,Delhi NCR Urban,2026-08-07T11:00:00+00:00,37.83,995.7,45.7,24.11,4.75,False,NORMAL,NONE
AWS-01,Delhi NCR Urban,2026-08-07T11:15:00+00:00,38.7,995.23,45.52,24.83,1.48,False,NORMAL,NONE
AWS-01,Delhi NCR Urban,2026-08-07T11:30:00+00:00,38.31,994.97,44.46,24.08,5.79,False,NORMAL,NONE
AWS-01,Delhi NCR Urban,2026-08-07T11:45:00+00:00,39.46,994.79,45.88,25.66,6.63,False,NORMAL,NONE
AWS-01,Delhi NCR Urban,2026-08-07T12:00:00+00:00,38.71,994.74,44.16,24.34,3.91,False,NORMAL,NONE
AWS-01,Delhi NCR Urban,2026-08-07T12:15:00+00:00,38.82,994.05,44.03,24.39,2.79,False,NORMAL,NONE
AWS-01,Delhi NCR Urban,2026-08-07T12:30:00+00:00,38.76,993.96,43.57,24.16,2.63,False,NORMAL,NONE
AWS-01,Delhi NCR Urban,2026-08-07T12:45:00+00:00,39.54,993.98,41.5,24.04,2.14,False,NORMAL,NONE
AWS-01,Delhi NCR Urban,2026-08-07T13:00:00+00:00,39.79,993.68,40.85,24.01,2.43,True,ANOMALY,FROZEN_SENSOR
AWS-01,Delhi NCR Urban,2026-08-07T13:15:00+00:00,39.79,993.81,43.72,25.14,4.99,True,ANOMALY,FROZEN_SENSOR
AWS-01,Delhi NCR Urban,2026-08-07T13:30:00+00:00,39.79,993.77,40.84,24.0,3.74,True,ANOMALY,FROZEN_SENSOR
AWS-01,Delhi NCR Urban,2026-08-07T13:45:00+00:00,39.79,993.5,41.63,24.32,3.17,True,ANOMALY,FROZEN_SENSOR
AWS-01,Delhi NCR Urban,2026-08-07T14:00:00+00:00,39.79,993.42,43.66,25.12,3.51,True,ANOMALY,FROZEN_SENSOR
AWS-01,Delhi NCR Urban,2026-08-07T14:15:00+00:00,39.79,993.66,43.72,25.14,6.8,True,ANOMALY,FROZEN_SENSOR
AWS-01,Delhi NCR Urban,2026-08-07T14:30:00+00:00,39.79,993.11,42.19,24.54,4.12,True,ANOMALY,FROZEN_SENSOR
AWS-01,Delhi NCR Urban,2026-08-07T14:45:00+00:00,39.79,992.59,42.08,24.5,3.06,True,ANOMALY,FROZEN_SENSOR
AWS-01,Delhi NCR Urban,2026-08-07T15:00:00+00:00,39.84,992.94,42.46,24.69,5.81,False,NORMAL,NONE
AWS-01,Delhi NCR Urban,2026-08-07T15:15:00+00:00,39.25,992.86,44.64,25.0,1.65,False,NORMAL,NONE
AWS-01,Delhi NCR Urban,2026-08-07T15:30:00+00:00,39.64,992.82,41.42,24.1,7.99,False,NORMAL,NONE
AWS-01,Delhi NCR Urban,2026-08-07T15:45:00+00:00,39.1,992.86,45.03,25.01,1.44,False,NORMAL,NONE
AWS-01,Delhi NCR Urban,2026-08-07T16:00:00+00:00,39.32,992.71,44.24,24.91,3.97,False,NORMAL,NONE
AWS-01,Delhi NCR Urban,2026-08-07T16:15:00+00:00,39.5,992.99,46.09,25.77,2.78,False,NORMAL,NONE
AWS-01,Delhi NCR Urban,2026-08-07T16:30:00+00:00,38.05,992.75,43.99,23.68,4.01,False,NORMAL,NONE
AWS-01,Delhi NCR Urban,2026-08-07T16:45:00+00:00,38.06,993.03,43.18,23.37,6.0,False,NORMAL,NONE
AWS-01,Delhi NCR Urban,2026-08-07T17:00:00+00:00,37.61,992.86,45.14,23.71,4.93,False,NORMAL,NONE
AWS-01,Delhi NCR Urban,2026-08-07T17:15:00+00:00,37.72,993.04,44.83,23.69,3.82,False,NORMAL,NONE
AWS-01,Delhi NCR Urban,2026-08-07T17:30:00+00:00,37.36,992.63,47.62,24.37,3.51,False,NORMAL,NONE
AWS-01,Delhi NCR Urban,2026-08-07T17:45:00+00:00,36.27,993.27,48.13,23.55,4.71,False,NORMAL,NONE
AWS-01,Delhi NCR Urban,2026-08-07T18:00:00+00:00,36.29,993.26,48.8,23.8,2.82,False,NORMAL,NONE
AWS-01,Delhi NCR Urban,2026-08-07T18:15:00+00:00,35.63,993.42,48.7,23.17,4.26,False,NORMAL,NONE
AWS-01,Delhi NCR Urban,2026-08-07T18:30:00+00:00,35.01,994.02,49.84,22.99,4.36,False,NORMAL,NONE
AWS-01,Delhi NCR Urban,2026-08-07T18:45:00+00:00,34.26,993.55,50.65,22.56,3.71,False,NORMAL,NONE
AWS-01,Delhi NCR Urban,2026-08-07T19:00:00+00:00,34.2,994.02,50.1,22.33,3.63,False,NORMAL,NONE
AWS-01,Delhi NCR Urban,2026-08-07T19:15:00+00:00,33.91,994.08,52.34,22.78,1.13,False,NORMAL,NONE
AWS-01,Delhi NCR Urban,2026-08-07T19:30:00+00:00,32.55,994.65,55.62,22.53,5.27,False,NORMAL,NONE
AWS-01,Delhi NCR Urban,2026-08-07T19:45:00+00:00,27.25,996.76,81.07,23.72,4.7,False,GENUINE_WEATHER_EVENT,GENUINE_WEATHER_EVENT
AWS-01,Delhi NCR Urban,2026-08-07T20:00:00+00:00,32.09,994.27,54.77,21.85,2.51,False,NORMAL,NONE
AWS-01,Delhi NCR Urban,2026-08-07T20:15:00+00:00,30.98,994.83,56.21,21.24,2.66,False,NORMAL,NONE
AWS-01,Delhi NCR Urban,2026-08-07T20:30:00+00:00,30.9,994.99,55.75,21.03,5.76,False,NORMAL,NONE
AWS-01,Delhi NCR Urban,2026-08-07T20:45:00+00:00,31.14,994.85,56.68,21.53,4.88,False,NORMAL,NONE
AWS-01,Delhi NCR Urban,2026-08-07T21:00:00+00:00,29.63,995.09,57.03,20.21,3.35,False,NORMAL,NONE
AWS-01,Delhi NCR Urban,2026-08-07T21:15:00+00:00,29.64,995.15,62.39,21.69,3.86,False,NORMAL,NONE
AWS-01,Delhi NCR Urban,2026-08-07T21:30:00+00:00,28.64,995.65,60.03,20.12,1.37,False,NORMAL,NONE
AWS-01,Delhi NCR Urban,2026-08-07T21:45:00+00:00,29.14,995.18,60.69,20.76,4.73,False,NORMAL,NONE
AWS-01,Delhi NCR Urban,2026-08-07T22:00:00+00:00,27.67,995.0,62.13,19.76,6.79,False,NORMAL,NONE
AWS-01,Delhi NCR Urban,2026-08-07T22:15:00+00:00,27.52,995.19,60.39,19.16,3.82,False,NORMAL,NONE
AWS-01,Delhi NCR Urban,2026-08-07T22:30:00+00:00,28.08,994.92,61.72,20.04,3.37,False,NORMAL,NONE
AWS-01,Delhi NCR Urban,2026-08-07T22:45:00+00:00,26.02,994.71,63.38,18.53,0.99,False,NORMAL,NONE
AWS-01,Delhi NCR Urban,2026-08-07T23:00:00+00:00,25.63,995.51,63.78,18.26,2.89,False,NORMAL,NONE
AWS-01,Delhi NCR Urban,2026-08-07T23:15:00+00:00,26.25,995.03,65.21,19.2,1.34,False,NORMAL,NONE
AWS-01,Delhi NCR Urban,2026-08-07T23:30:00+00:00,10.21,995.03,64.4,3.79,4.35,True,ANOMALY,SPIKE
AWS-01,Delhi NCR Urban,2026-08-07T23:45:00+00:00,25.71,994.72,64.5,18.51,4.49,False,NORMAL,NONE
AWS-01,Delhi NCR Urban,2026-08-08T00:00:00+00:00,25.56,994.72,66.82,18.94,2.82,False,NORMAL,NONE
AWS-01,Delhi NCR Urban,2026-08-08T00:15:00+00:00,24.13,994.62,70.63,18.46,3.79,True,ANOMALY,SENSOR_DRIFT
AWS-01,Delhi NCR Urban,2026-08-08T00:30:00+00:00,25.22,994.13,65.16,18.22,3.12,False,NORMAL,NONE
AWS-01,Delhi NCR Urban,2026-08-08T00:45:00+00:00,23.68,993.33,66.67,17.11,3.53,False,NORMAL,NONE
AWS-01,Delhi NCR Urban,2026-08-08T01:00:00+00:00,24.21,994.35,67.25,17.76,3.13,False,NORMAL,NONE
AWS-01,Delhi NCR Urban,2026-08-08T01:15:00+00:00,24.23,993.6,66.27,17.54,2.95,False,NORMAL,NONE
AWS-01,Delhi NCR Urban,2026-08-08T01:30:00+00:00,24.41,993.76,67.5,18.0,2.42,False,NORMAL,NONE
AWS-01,Delhi NCR Urban,2026-08-08T01:45:00+00:00,24.6,993.38,66.06,17.85,3.88,False,NORMAL,NONE
AWS-01,Delhi NCR Urban,2026-08-08T02:00:00+00:00,23.81,992.65,69.0,17.78,4.27,False,NORMAL,NONE
AWS-01,Delhi NCR Urban,2026-08-08T02:15:00+00:00,23.88,993.75,67.12,17.41,5.25,False,NORMAL,NONE
AWS-01,Delhi NCR Urban,2026-08-08T02:30:00+00:00,23.89,993.12,69.65,18.0,4.51,False,NORMAL,NONE
AWS-01,Delhi NCR Urban,2026-08-08T02:45:00+00:00,24.37,993.05,69.77,18.49,2.33,False,NORMAL,NONE
AWS-01,Delhi NCR Urban,2026-08-08T03:00:00+00:00,23.94,992.72,66.2,17.25,5.25,False,NORMAL,NONE
AWS-01,Delhi NCR Urban,2026-08-08T03:15:00+00:00,24.08,992.69,66.08,17.35,5.58,False,NORMAL,NONE
AWS-01,Delhi NCR Urban,2026-08-08T03:30:00+00:00,24.19,992.14,66.23,17.49,5.1,False,NORMAL,NONE
AWS-01,Delhi NCR Urban,2026-08-08T03:45:00+00:00,24.37,993.03,65.53,17.49,6.68,False,NORMAL,NONE
AWS-01,Delhi NCR Urban,2026-08-08T04:00:00+00:00,24.51,992.45,65.32,17.58,4.23,False,NORMAL,NONE
AWS-01,Delhi NCR Urban,2026-08-08T04:15:00+00:00,25.74,992.84,65.83,18.87,4.59,False,NORMAL,NONE
AWS-01,Delhi NCR Urban,2026-08-08T04:30:00+00:00,26.06,993.23,66.24,19.27,3.47,False,NORMAL,NONE
AWS-01,Delhi NCR Urban,2026-08-08T04:45:00+00:00,25.82,992.85,65.54,18.88,1.12,True,ANOMALY,FROZEN_SENSOR
AWS-01,Delhi NCR Urban,2026-08-08T05:00:00+00:00,25.82,992.93,63.21,18.3,3.38,True,ANOMALY,FROZEN_SENSOR
AWS-01,Delhi NCR Urban,2026-08-08T05:15:00+00:00,25.82,993.43,64.51,18.63,6.25,True,ANOMALY,FROZEN_SENSOR
AWS-01,Delhi NCR Urban,2026-08-08T05:30:00+00:00,25.82,993.39,61.05,17.75,5.57,True,ANOMALY,FROZEN_SENSOR
AWS-01,Delhi NCR Urban,2026-08-08T05:45:00+00:00,25.82,993.5,63.66,18.41,2.05,True,ANOMALY,FROZEN_SENSOR
AWS-01,Delhi NCR Urban,2026-08-08T06:00:00+00:00,25.82,993.43,61.22,17.79,3.1,True,ANOMALY,FROZEN_SENSOR
AWS-01,Delhi NCR Urban,2026-08-08T06:15:00+00:00,25.82,993.72,61.07,17.75,5.99,True,ANOMALY,FROZEN_SENSOR
AWS-01,Delhi NCR Urban,2026-08-08T06:30:00+00:00,25.82,994.47,59.36,17.3,5.3,True,ANOMALY,FROZEN_SENSOR
AWS-01,Delhi NCR Urban,2026-08-08T06:45:00+00:00,53.89,993.48,60.11,43.77,5.23,True,ANOMALY,SPIKE
AWS-01,Delhi NCR Urban,2026-08-08T07:00:00+00:00,29.55,993.67,59.48,20.82,5.06,False,NORMAL,NONE
AWS-01,Delhi NCR Urban,2026-08-08T07:15:00+00:00,30.72,994.53,56.21,21.0,3.37,False,NORMAL,NONE
AWS-01,Delhi NCR Urban,2026-08-08T07:30:00+00:00,30.6,994.22,56.34,20.92,3.66,False,NORMAL,NONE
AWS-01,Delhi NCR Urban,2026-08-08T07:45:00+00:00,31.24,994.65,53.84,20.78,4.79,False,NORMAL,NONE
AWS-01,Delhi NCR Urban,2026-08-08T08:00:00+00:00,31.98,994.21,53.7,21.42,7.13,False,NORMAL,NONE
AWS-01,Delhi NCR Urban,2026-08-08T08:15:00+00:00,33.01,994.66,53.24,22.24,1.64,False,NORMAL,NONE
AWS-01,Delhi NCR Urban,2026-08-08T08:30:00+00:00,33.78,994.92,53.83,23.13,2.85,False,NORMAL,NONE
AWS-01,Delhi NCR Urban,2026-08-08T08:45:00+00:00,33.62,995.08,50.58,21.96,4.69,False,NORMAL,NONE
AWS-01,Delhi NCR Urban,2026-08-08T09:00:00+00:00,33.98,995.45,49.19,21.83,2.74,False,NORMAL,NONE
AWS-01,Delhi NCR Urban,2026-08-08T09:15:00+00:00,34.8,995.11,50.94,23.15,3.46,False,NORMAL,NONE
AWS-01,Delhi NCR Urban,2026-08-08T09:30:00+00:00,34.79,995.26,50.15,22.89,3.8,False,NORMAL,NONE
AWS-01,Delhi NCR Urban,2026-08-08T09:45:00+00:00,35.65,995.14,48.55,23.14,2.23,False,NORMAL,NONE
AWS-01,Delhi NCR Urban,2026-08-08T10:00:00+00:00,35.59,995.23,48.71,23.13,3.66,False,NORMAL,NONE
AWS-01,Delhi NCR Urban,2026-08-08T10:15:00+00:00,36.23,994.85,46.62,23.0,3.8,False,NORMAL,NONE
AWS-01,Delhi NCR Urban,2026-08-08T10:30:00+00:00,37.47,995.12,44.31,23.27,1.99,False,NORMAL,NONE
AWS-01,Delhi NCR Urban,2026-08-08T10:45:00+00:00,37.28,995.11,49.17,24.84,4.83,False,NORMAL,NONE
AWS-01,Delhi NCR Urban,2026-08-08T11:00:00+00:00,36.99,994.63,44.48,22.91,3.92,False,NORMAL,NONE
AWS-01,Delhi NCR Urban,2026-08-08T11:15:00+00:00,37.46,994.85,45.83,23.83,1.83,False,NORMAL,NONE
AWS-01,Delhi NCR Urban,2026-08-08T11:30:00+00:00,38.53,994.69,45.32,24.61,4.81,False,NORMAL,NONE
AWS-01,Delhi NCR Urban,2026-08-08T11:45:00+00:00,38.54,995.08,44.76,24.41,6.56,False,NORMAL,NONE
AWS-01,Delhi NCR Urban,2026-08-08T12:00:00+00:00,38.26,994.48,44.88,24.2,4.44,False,NORMAL,NONE
AWS-01,Delhi NCR Urban,2026-08-08T12:15:00+00:00,38.87,994.27,42.48,23.84,4.5,False,NORMAL,NONE
AWS-01,Delhi NCR Urban,2026-08-08T12:30:00+00:00,39.23,993.62,41.98,23.96,5.59,False,NORMAL,NONE
AWS-01,Delhi NCR Urban,2026-08-08T12:45:00+00:00,38.99,994.07,43.16,24.2,6.48,False,NORMAL,NONE
AWS-01,Delhi NCR Urban,2026-08-08T13:00:00+00:00,38.96,994.0,40.49,23.11,2.37,False,NORMAL,NONE
AWS-01,Delhi NCR Urban,2026-08-08T13:15:00+00:00,39.37,993.57,43.09,24.52,5.52,True,ANOMALY,FROZEN_SENSOR
AWS-01,Delhi NCR Urban,2026-08-08T13:30:00+00:00,39.37,993.57,43.15,24.55,3.63,True,ANOMALY,FROZEN_SENSOR
AWS-01,Delhi NCR Urban,2026-08-08T13:45:00+00:00,39.37,993.15,43.54,24.7,6.74,True,ANOMALY,FROZEN_SENSOR
AWS-01,Delhi NCR Urban,2026-08-08T14:00:00+00:00,39.37,993.67,41.97,24.08,3.67,True,ANOMALY,FROZEN_SENSOR
AWS-01,Delhi NCR Urban,2026-08-08T14:15:00+00:00,39.37,993.41,42.78,24.4,2.36,True,ANOMALY,FROZEN_SENSOR
AWS-01,Delhi NCR Urban,2026-08-08T14:30:00+00:00,39.37,993.16,44.94,25.23,2.29,True,ANOMALY,FROZEN_SENSOR
AWS-01,Delhi NCR Urban,2026-08-08T14:45:00+00:00,39.37,993.04,42.09,24.13,5.68,True,ANOMALY,FROZEN_SENSOR
AWS-01,Delhi NCR Urban,2026-08-08T15:00:00+00:00,39.37,992.88,43.93,24.85,3.29,True,ANOMALY,FROZEN_SENSOR
AWS-01,Delhi NCR Urban,2026-08-08T15:15:00+00:00,39.06,993.24,44.24,24.69,4.27,False,NORMAL,NONE
AWS-01,Delhi NCR Urban,2026-08-08T15:30:00+00:00,39.12,992.43,43.87,24.59,3.88,False,NORMAL,NONE
AWS-01,Delhi NCR Urban,2026-08-08T15:45:00+00:00,38.93,992.96,42.19,23.77,5.54,False,NORMAL,NONE
AWS-01,Delhi NCR Urban,2026-08-08T16:00:00+00:00,38.67,993.2,44.53,24.44,4.77,False,NORMAL,NONE
AWS-01,Delhi NCR Urban,2026-08-08T16:15:00+00:00,38.58,992.89,43.59,24.0,6.3,False,NORMAL,NONE
AWS-01,Delhi NCR Urban,2026-08-08T16:30:00+00:00,38.23,992.59,43.57,23.68,2.03,False,NORMAL,NONE
AWS-01,Delhi NCR Urban,2026-08-08T16:45:00+00:00,37.8,993.0,43.95,23.43,0.5,False,NORMAL,NONE
AWS-01,Delhi NCR Urban,2026-08-08T17:00:00+00:00,36.36,993.34,45.99,22.89,3.29,False,NORMAL,NONE
AWS-01,Delhi NCR Urban,2026-08-08T17:15:00+00:00,37.91,992.98,45.45,24.09,4.11,False,NORMAL,NONE
AWS-01,Delhi NCR Urban,2026-08-08T17:30:00+00:00,36.33,993.06,47.27,23.31,2.51,False,NORMAL,NONE
AWS-01,Delhi NCR Urban,2026-08-08T17:45:00+00:00,36.38,993.43,45.3,22.66,4.91,False,NORMAL,NONE
AWS-01,Delhi NCR Urban,2026-08-08T18:00:00+00:00,36.63,993.47,49.01,24.19,3.08,False,NORMAL,NONE
AWS-01,Delhi NCR Urban,2026-08-08T18:15:00+00:00,35.21,993.35,50.14,23.27,4.58,True,ANOMALY,FROZEN_SENSOR
AWS-01,Delhi NCR Urban,2026-08-08T18:30:00+00:00,35.21,993.88,51.55,23.73,6.46,True,ANOMALY,FROZEN_SENSOR
AWS-01,Delhi NCR Urban,2026-08-08T18:45:00+00:00,35.21,994.14,50.63,23.43,4.18,True,ANOMALY,FROZEN_SENSOR
AWS-01,Delhi NCR Urban,2026-08-08T19:00:00+00:00,35.21,994.23,51.7,23.78,4.64,True,ANOMALY,FROZEN_SENSOR
AWS-01,Delhi NCR Urban,2026-08-08T19:15:00+00:00,35.21,994.19,53.74,24.42,5.73,True,ANOMALY,FROZEN_SENSOR
AWS-01,Delhi NCR Urban,2026-08-08T19:30:00+00:00,35.21,994.4,53.55,24.37,5.3,True,ANOMALY,FROZEN_SENSOR
AWS-01,Delhi NCR Urban,2026-08-08T19:45:00+00:00,35.21,994.59,55.5,24.96,3.78,True,ANOMALY,FROZEN_SENSOR
AWS-01,Delhi NCR Urban,2026-08-08T20:00:00+00:00,35.21,994.7,54.76,24.74,2.88,True,ANOMALY,FROZEN_SENSOR
AWS-01,Delhi NCR Urban,2026-08-08T20:15:00+00:00,31.62,994.7,53.88,21.15,4.37,False,NORMAL,NONE
AWS-01,Delhi NCR Urban,2026-08-08T20:30:00+00:00,31.36,994.83,56.73,21.75,7.0,True,ANOMALY,FROZEN_SENSOR
AWS-01,Delhi NCR Urban,2026-08-08T20:45:00+00:00,31.36,994.88,57.05,21.84,0.55,True,ANOMALY,FROZEN_SENSOR
AWS-01,Delhi NCR Urban,2026-08-08T21:00:00+00:00,31.36,995.22,58.9,22.36,6.46,True,ANOMALY,FROZEN_SENSOR
AWS-01,Delhi NCR Urban,2026-08-08T21:15:00+00:00,31.36,995.38,57.84,22.06,4.61,True,ANOMALY,FROZEN_SENSOR
AWS-01,Delhi NCR Urban,2026-08-08T21:30:00+00:00,31.36,995.17,61.0,22.94,2.72,True,ANOMALY,FROZEN_SENSOR
AWS-01,Delhi NCR Urban,2026-08-08T21:45:00+00:00,31.36,994.77,60.36,22.76,4.76,True,ANOMALY,FROZEN_SENSOR
AWS-01,Delhi NCR Urban,2026-08-08T22:00:00+00:00,31.36,995.67,60.52,22.81,3.77,True,ANOMALY,FROZEN_SENSOR
AWS-01,Delhi NCR Urban,2026-08-08T22:15:00+00:00,31.36,995.39,62.64,23.38,5.48,True,ANOMALY,FROZEN_SENSOR
AWS-01,Delhi NCR Urban,2026-08-08T22:30:00+00:00,26.75,995.73,63.37,19.21,5.95,False,NORMAL,NONE
AWS-01,Delhi NCR Urban,2026-08-08T22:45:00+00:00,25.84,995.05,62.11,18.04,1.84,False,NORMAL,NONE
AWS-01,Delhi NCR Urban,2026-08-08T23:00:00+00:00,20.0,994.44,100.0,23.5,2.06,True,ANOMALY,CROSS_SENSOR_INCONSISTENCY
AWS-01,Delhi NCR Urban,2026-08-08T23:15:00+00:00,43.99,995.06,65.53,36.08,4.33,True,ANOMALY,SPIKE
AWS-01,Delhi NCR Urban,2026-08-08T23:30:00+00:00,26.39,994.61,64.0,19.03,3.68,False,NORMAL,NONE
AWS-01,Delhi NCR Urban,2026-08-08T23:45:00+00:00,25.05,994.98,66.83,18.45,4.4,False,NORMAL,NONE
AWS-01,Delhi NCR Urban,2026-08-09T00:00:00+00:00,24.0,994.21,65.25,17.08,4.35,False,NORMAL,NONE
AWS-01,Delhi NCR Urban,2026-08-09T00:15:00+00:00,25.15,993.68,65.93,18.34,4.48,False,NORMAL,NONE
AWS-01,Delhi NCR Urban,2026-08-09T00:30:00+00:00,24.35,994.36,67.01,17.83,5.17,False,NORMAL,NONE
AWS-01,Delhi NCR Urban,2026-08-09T00:45:00+00:00,48.56,994.27,68.17,41.15,5.49,True,ANOMALY,SPIKE
AWS-01,Delhi NCR Urban,2026-08-09T01:00:00+00:00,24.96,994.0,68.01,18.65,3.19,False,NORMAL,NONE
AWS-01,Delhi NCR Urban,2026-08-09T01:15:00+00:00,23.73,994.44,66.85,17.2,0.8,False,NORMAL,NONE
AWS-01,Delhi NCR Urban,2026-08-09T01:30:00+00:00,24.24,993.51,68.22,18.01,1.97,False,NORMAL,NONE
AWS-01,Delhi NCR Urban,2026-08-09T01:45:00+00:00,23.79,993.44,67.29,17.37,2.97,False,NORMAL,NONE
AWS-01,Delhi NCR Urban,2026-08-09T02:00:00+00:00,23.42,993.26,72.16,18.12,3.54,True,ANOMALY,SENSOR_DRIFT
AWS-01,Delhi NCR Urban,2026-08-09T02:15:00+00:00,24.3,993.35,67.76,17.96,4.57,False,NORMAL,NONE
AWS-01,Delhi NCR Urban,2026-08-09T02:30:00+00:00,23.96,993.11,64.71,16.9,1.54,False,NORMAL,NONE
AWS-01,Delhi NCR Urban,2026-08-09T02:45:00+00:00,23.9,992.77,68.84,17.83,3.18,False,NORMAL,NONE
AWS-01,Delhi NCR Urban,2026-08-09T03:00:00+00:00,24.9,992.86,67.4,18.44,2.14,False,NORMAL,NONE
AWS-01,Delhi NCR Urban,2026-08-09T03:15:00+00:00,24.56,992.53,65.1,17.58,4.56,False,NORMAL,NONE
AWS-01,Delhi NCR Urban,2026-08-09T03:30:00+00:00,24.94,992.39,65.27,17.97,4.89,False,NORMAL,NONE
AWS-01,Delhi NCR Urban,2026-08-09T03:45:00+00:00,25.03,993.06,66.65,18.39,4.55,False,NORMAL,NONE
AWS-01,Delhi NCR Urban,2026-08-09T04:00:00+00:00,25.31,992.68,65.48,18.38,6.22,False,NORMAL,NONE
AWS-01,Delhi NCR Urban,2026-08-09T04:15:00+00:00,25.09,992.91,67.15,18.57,6.06,False,NORMAL,NONE
AWS-01,Delhi NCR Urban,2026-08-09T04:30:00+00:00,25.66,993.05,63.08,18.12,4.42,False,NORMAL,NONE
AWS-01,Delhi NCR Urban,2026-08-09T04:45:00+00:00,25.77,992.63,63.39,18.29,4.23,False,NORMAL,NONE
AWS-01,Delhi NCR Urban,2026-08-09T05:00:00+00:00,26.8,992.91,63.93,19.4,4.08,False,NORMAL,NONE
AWS-01,Delhi NCR Urban,2026-08-09T05:15:00+00:00,26.68,992.87,62.41,18.91,2.63,False,NORMAL,NONE
AWS-01,Delhi NCR Urban,2026-08-09T05:30:00+00:00,26.6,992.88,62.68,18.89,2.46,False,NORMAL,NONE
AWS-01,Delhi NCR Urban,2026-08-09T05:45:00+00:00,27.56,993.57,61.2,19.42,1.37,False,NORMAL,NONE
AWS-01,Delhi NCR Urban,2026-08-09T06:00:00+00:00,27.36,993.27,60.33,19.0,0.82,False,NORMAL,NONE
AWS-01,Delhi NCR Urban,2026-08-09T06:15:00+00:00,28.21,993.2,60.37,19.81,1.91,False,NORMAL,NONE
AWS-01,Delhi NCR Urban,2026-08-09T06:30:00+00:00,29.0,992.76,58.83,20.13,4.74,False,NORMAL,NONE
AWS-01,Delhi NCR Urban,2026-08-09T06:45:00+00:00,29.64,994.35,58.84,20.74,5.16,False,NORMAL,NONE
AWS-01,Delhi NCR Urban,2026-08-09T07:00:00+00:00,30.33,993.96,58.19,21.2,1.26,False,NORMAL,NONE
AWS-01,Delhi NCR Urban,2026-08-09T07:15:00+00:00,30.35,994.4,56.56,20.75,1.2,False,NORMAL,NONE
AWS-01,Delhi NCR Urban,2026-08-09T07:30:00+00:00,20.0,993.86,100.0,23.5,2.26,True,ANOMALY,CROSS_SENSOR_INCONSISTENCY
AWS-01,Delhi NCR Urban,2026-08-09T07:45:00+00:00,31.23,994.71,55.65,21.31,5.44,False,NORMAL,NONE
AWS-01,Delhi NCR Urban,2026-08-09T08:00:00+00:00,55.16,994.35,53.77,42.82,0.5,True,ANOMALY,SPIKE
AWS-01,Delhi NCR Urban,2026-08-09T08:15:00+00:00,32.21,994.47,55.22,22.09,3.63,False,NORMAL,NONE
AWS-01,Delhi NCR Urban,2026-08-09T08:30:00+00:00,33.22,994.81,54.23,22.73,5.29,False,NORMAL,NONE
AWS-01,Delhi NCR Urban,2026-08-09T08:45:00+00:00,33.33,995.09,51.97,22.13,4.69,False,NORMAL,NONE
AWS-01,Delhi NCR Urban,2026-08-09T09:00:00+00:00,33.54,995.31,50.48,21.85,4.83,False,NORMAL,NONE
AWS-01,Delhi NCR Urban,2026-08-09T09:15:00+00:00,34.67,995.14,49.17,22.45,4.72,False,NORMAL,NONE
AWS-01,Delhi NCR Urban,2026-08-09T09:30:00+00:00,34.61,1017.02,48.11,22.03,3.31,True,ANOMALY,SPIKE
AWS-01,Delhi NCR Urban,2026-08-09T09:45:00+00:00,35.41,995.05,50.16,23.46,4.65,False,NORMAL,NONE
AWS-01,Delhi NCR Urban,2026-08-09T10:00:00+00:00,36.23,994.9,49.8,24.09,3.22,False,NORMAL,NONE
AWS-01,Delhi NCR Urban,2026-08-09T10:15:00+00:00,36.14,995.42,45.91,22.66,5.93,False,NORMAL,NONE
AWS-01,Delhi NCR Urban,2026-08-09T10:30:00+00:00,36.89,995.13,46.44,23.53,2.03,False,NORMAL,NONE
AWS-01,Delhi NCR Urban,2026-08-09T10:45:00+00:00,37.12,995.57,46.28,23.68,5.94,False,NORMAL,NONE
AWS-01,Delhi NCR Urban,2026-08-09T11:00:00+00:00,37.93,994.48,44.65,23.82,4.92,False,NORMAL,NONE
AWS-01,Delhi NCR Urban,2026-08-09T11:15:00+00:00,38.57,994.63,46.62,25.12,6.79,False,NORMAL,NONE
AWS-01,Delhi NCR Urban,2026-08-09T11:30:00+00:00,38.26,994.54,45.51,24.44,5.33,False,NORMAL,NONE
AWS-01,Delhi NCR Urban,2026-08-09T11:45:00+00:00,38.51,994.28,43.04,23.73,2.6,False,NORMAL,NONE
AWS-01,Delhi NCR Urban,2026-08-09T12:00:00+00:00,20.0,994.53,100.0,23.5,6.48,True,ANOMALY,CROSS_SENSOR_INCONSISTENCY
AWS-01,Delhi NCR Urban,2026-08-09T12:15:00+00:00,39.02,994.59,41.83,23.71,4.77,False,NORMAL,NONE
AWS-01,Delhi NCR Urban,2026-08-09T12:30:00+00:00,39.59,994.28,41.84,24.22,4.39,False,NORMAL,NONE
AWS-01,Delhi NCR Urban,2026-08-09T12:45:00+00:00,39.79,994.47,40.83,24.0,7.14,False,NORMAL,NONE
AWS-01,Delhi NCR Urban,2026-08-09T13:00:00+00:00,38.96,994.35,40.97,23.31,4.08,False,NORMAL,NONE
AWS-01,Delhi NCR Urban,2026-08-09T13:15:00+00:00,39.82,993.62,42.33,24.63,1.61,False,NORMAL,NONE
AWS-01,Delhi NCR Urban,2026-08-09T13:30:00+00:00,39.46,993.89,44.54,25.15,2.74,False,NORMAL,NONE
AWS-01,Delhi NCR Urban,2026-08-09T13:45:00+00:00,40.29,994.38,41.85,24.85,1.93,False,NORMAL,NONE
AWS-01,Delhi NCR Urban,2026-08-09T14:00:00+00:00,20.0,993.15,100.0,23.5,4.37,True,ANOMALY,CROSS_SENSOR_INCONSISTENCY
AWS-01,Delhi NCR Urban,2026-08-09T14:15:00+00:00,40.36,993.24,41.31,24.7,3.53,False,NORMAL,NONE
AWS-01,Delhi NCR Urban,2026-08-09T14:30:00+00:00,40.07,993.19,42.11,24.76,5.12,False,NORMAL,NONE
AWS-01,Delhi NCR Urban,2026-08-09T14:45:00+00:00,39.04,993.52,40.11,23.04,1.49,False,NORMAL,NONE
AWS-01,Delhi NCR Urban,2026-08-09T15:00:00+00:00,39.96,992.86,43.88,25.35,2.87,False,NORMAL,NONE
AWS-01,Delhi NCR Urban,2026-08-09T15:15:00+00:00,39.71,993.02,43.48,24.97,5.19,False,NORMAL,NONE
AWS-01,Delhi NCR Urban,2026-08-09T15:30:00+00:00,39.06,993.02,43.55,24.42,2.9,False,NORMAL,NONE
AWS-01,Delhi NCR Urban,2026-08-09T15:45:00+00:00,38.62,993.29,44.45,24.37,5.45,False,NORMAL,NONE
AWS-01,Delhi NCR Urban,2026-08-09T16:00:00+00:00,38.77,993.14,43.4,24.1,3.6,False,NORMAL,NONE
AWS-01,Delhi NCR Urban,2026-08-09T16:15:00+00:00,38.77,992.82,46.25,25.16,5.75,False,NORMAL,NONE
AWS-01,Delhi NCR Urban,2026-08-09T16:30:00+00:00,38.51,992.66,43.75,24.0,3.81,False,NORMAL,NONE
AWS-01,Delhi NCR Urban,2026-08-09T16:45:00+00:00,38.72,992.96,45.49,24.85,3.65,False,NORMAL,NONE
AWS-01,Delhi NCR Urban,2026-08-09T17:00:00+00:00,36.57,993.03,46.97,23.43,2.79,False,NORMAL,NONE
AWS-01,Delhi NCR Urban,2026-08-09T17:15:00+00:00,36.82,993.35,47.15,23.72,3.87,False,NORMAL,NONE
AWS-01,Delhi NCR Urban,2026-08-09T17:30:00+00:00,36.72,993.47,46.9,23.54,6.23,False,NORMAL,NONE
AWS-01,Delhi NCR Urban,2026-08-09T17:45:00+00:00,36.42,993.07,49.72,24.24,5.7,False,NORMAL,NONE
AWS-01,Delhi NCR Urban,2026-08-09T18:00:00+00:00,36.94,993.59,46.88,23.73,5.62,False,NORMAL,NONE
AWS-01,Delhi NCR Urban,2026-08-09T18:15:00+00:00,35.71,993.25,51.1,24.04,5.26,False,NORMAL,NONE
AWS-01,Delhi NCR Urban,2026-08-09T18:30:00+00:00,35.03,993.42,49.95,23.04,1.35,False,NORMAL,NONE
AWS-01,Delhi NCR Urban,2026-08-09T18:45:00+00:00,34.2,994.08,50.85,22.58,3.81,False,NORMAL,NONE
AWS-01,Delhi NCR Urban,2026-08-09T19:00:00+00:00,34.27,994.17,50.22,22.43,3.29,False,NORMAL,NONE
AWS-01,Delhi NCR Urban,2026-08-09T19:15:00+00:00,33.19,993.68,52.11,22.05,3.67,False,NORMAL,NONE
AWS-01,Delhi NCR Urban,2026-08-09T19:30:00+00:00,33.21,993.89,54.37,22.76,1.71,False,NORMAL,NONE
AWS-01,Delhi NCR Urban,2026-08-09T19:45:00+00:00,32.38,994.12,54.27,21.97,3.2,False,NORMAL,NONE
AWS-01,Delhi NCR Urban,2026-08-09T20:00:00+00:00,32.03,994.91,54.32,21.66,2.14,False,NORMAL,NONE
AWS-01,Delhi NCR Urban,2026-08-09T20:15:00+00:00,31.61,995.02,56.66,21.96,6.94,False,NORMAL,NONE
AWS-01,Delhi NCR Urban,2026-08-09T20:30:00+00:00,30.83,995.0,56.39,21.15,5.31,False,NORMAL,NONE
AWS-01,Delhi NCR Urban,2026-08-09T20:45:00+00:00,30.3,995.15,56.57,20.71,2.74,False,NORMAL,NONE
AWS-01,Delhi NCR Urban,2026-08-09T21:00:00+00:00,29.79,994.83,58.79,20.86,2.86,False,NORMAL,NONE
AWS-01,Delhi NCR Urban,2026-08-09T21:15:00+00:00,29.32,995.11,60.73,20.95,6.0,False,NORMAL,NONE
AWS-01,Delhi NCR Urban,2026-08-09T21:30:00+00:00,28.96,995.03,58.57,20.03,6.02,False,NORMAL,NONE
AWS-01,Delhi NCR Urban,2026-08-09T21:45:00+00:00,29.03,995.69,60.9,20.72,3.67,False,NORMAL,NONE
AWS-01,Delhi NCR Urban,2026-08-09T22:00:00+00:00,27.73,995.04,60.72,19.45,3.41,False,NORMAL,NONE
AWS-01,Delhi NCR Urban,2026-08-09T22:15:00+00:00,27.17,995.33,63.08,19.53,5.22,False,NORMAL,NONE
AWS-01,Delhi NCR Urban,2026-08-09T22:30:00+00:00,27.5,995.36,62.76,19.77,4.41,False,NORMAL,NONE
AWS-01,Delhi NCR Urban,2026-08-09T22:45:00+00:00,26.54,995.45,62.74,18.86,3.58,False,NORMAL,NONE
AWS-01,Delhi NCR Urban,2026-08-09T23:00:00+00:00,26.56,995.11,63.17,18.98,3.01,False,NORMAL,NONE
AWS-01,Delhi NCR Urban,2026-08-09T23:15:00+00:00,25.49,995.17,64.93,18.41,3.12,False,NORMAL,NONE
AWS-01,Delhi NCR Urban,2026-08-09T23:30:00+00:00,25.55,994.56,66.12,18.76,3.65,False,NORMAL,NONE
AWS-01,Delhi NCR Urban,2026-08-09T23:45:00+00:00,25.1,994.51,68.36,18.87,5.38,False,NORMAL,NONE
AWS-01,Delhi NCR Urban,2026-08-10T00:00:00+00:00,25.17,994.45,64.99,18.12,6.54,False,NORMAL,NONE
AWS-01,Delhi NCR Urban,2026-08-10T00:15:00+00:00,24.49,994.02,66.88,17.94,4.72,False,NORMAL,NONE
AWS-01,Delhi NCR Urban,2026-08-10T00:30:00+00:00,25.35,994.01,64.8,18.25,3.53,False,NORMAL,NONE
AWS-01,Delhi NCR Urban,2026-08-10T00:45:00+00:00,25.23,994.6,69.09,19.16,6.67,False,NORMAL,NONE
AWS-01,Delhi NCR Urban,2026-08-10T01:00:00+00:00,23.63,994.3,67.72,17.31,3.41,False,NORMAL,NONE
AWS-01,Delhi NCR Urban,2026-08-10T01:15:00+00:00,23.94,993.54,68.15,17.7,2.53,False,NORMAL,NONE
AWS-01,Delhi NCR Urban,2026-08-10T01:30:00+00:00,24.15,993.27,67.93,17.86,2.85,False,NORMAL,NONE
AWS-01,Delhi NCR Urban,2026-08-10T01:45:00+00:00,24.53,993.61,67.62,18.14,5.56,False,NORMAL,NONE
AWS-01,Delhi NCR Urban,2026-08-10T02:00:00+00:00,23.8,993.58,68.73,17.71,3.99,False,NORMAL,NONE
AWS-01,Delhi NCR Urban,2026-08-10T02:15:00+00:00,24.16,992.83,66.67,17.57,3.99,False,NORMAL,NONE
AWS-01,Delhi NCR Urban,2026-08-10T02:30:00+00:00,23.46,993.33,67.34,17.06,3.92,False,NORMAL,NONE
AWS-01,Delhi NCR Urban,2026-08-10T02:45:00+00:00,24.28,993.09,67.2,17.81,4.85,False,NORMAL,NONE
AWS-01,Delhi NCR Urban,2026-08-10T03:00:00+00:00,23.96,993.4,68.99,17.92,3.44,False,NORMAL,NONE
AWS-01,Delhi NCR Urban,2026-08-10T03:15:00+00:00,25.11,992.42,67.48,18.67,2.95,False,NORMAL,NONE
AWS-01,Delhi NCR Urban,2026-08-10T03:30:00+00:00,20.0,992.85,100.0,23.5,2.71,True,ANOMALY,CROSS_SENSOR_INCONSISTENCY
AWS-01,Delhi NCR Urban,2026-08-10T03:45:00+00:00,25.3,993.47,70.73,19.6,4.91,True,ANOMALY,SENSOR_DRIFT
AWS-01,Delhi NCR Urban,2026-08-10T04:00:00+00:00,24.72,992.74,66.67,18.11,3.14,False,NORMAL,NONE
AWS-01,Delhi NCR Urban,2026-08-10T04:15:00+00:00,25.31,992.97,65.72,18.44,4.21,False,NORMAL,NONE
AWS-01,Delhi NCR Urban,2026-08-10T04:30:00+00:00,26.03,993.07,65.7,19.12,1.75,False,NORMAL,NONE
AWS-01,Delhi NCR Urban,2026-08-10T04:45:00+00:00,26.68,992.38,65.53,19.68,5.29,False,NORMAL,NONE
AWS-01,Delhi NCR Urban,2026-08-10T05:00:00+00:00,26.44,993.24,63.83,19.03,5.0,False,NORMAL,NONE
AWS-01,Delhi NCR Urban,2026-08-10T05:15:00+00:00,27.24,993.09,62.54,19.47,6.31,False,NORMAL,NONE
AWS-01,Delhi NCR Urban,2026-08-10T05:30:00+00:00,27.22,992.85,62.77,19.51,3.6,False,NORMAL,NONE
AWS-01,Delhi NCR Urban,2026-08-10T05:45:00+00:00,26.83,993.5,63.3,19.28,5.67,False,NORMAL,NONE
AWS-01,Delhi NCR Urban,2026-08-10T06:00:00+00:00,27.98,993.59,59.66,19.4,5.0,False,NORMAL,NONE
AWS-01,Delhi NCR Urban,2026-08-10T06:15:00+00:00,27.95,993.38,60.32,19.55,2.02,False,NORMAL,NONE
AWS-01,Delhi NCR Urban,2026-08-10T06:30:00+00:00,28.99,993.73,66.99,22.24,4.64,True,ANOMALY,SENSOR_DRIFT
AWS-01,Delhi NCR Urban,2026-08-10T06:45:00+00:00,28.97,993.24,60.87,20.65,5.71,False,NORMAL,NONE
AWS-01,Delhi NCR Urban,2026-08-10T07:00:00+00:00,30.01,993.45,57.92,20.82,2.85,False,NORMAL,NONE
AWS-01,Delhi NCR Urban,2026-08-10T07:15:00+00:00,30.68,994.45,59.15,21.79,2.63,False,NORMAL,NONE
AWS-01,Delhi NCR Urban,2026-08-10T07:30:00+00:00,31.05,993.73,56.7,21.45,1.06,False,NORMAL,NONE
AWS-01,Delhi NCR Urban,2026-08-10T07:45:00+00:00,31.8,994.48,58.43,22.64,6.07,False,NORMAL,NONE
AWS-01,Delhi NCR Urban,2026-08-10T08:00:00+00:00,31.98,994.56,56.09,22.14,4.9,False,NORMAL,NONE
AWS-01,Delhi NCR Urban,2026-08-10T08:15:00+00:00,32.39,994.21,52.08,21.3,2.67,False,NORMAL,NONE
AWS-01,Delhi NCR Urban,2026-08-10T08:30:00+00:00,33.47,995.24,52.31,22.37,0.92,False,NORMAL,NONE
AWS-01,Delhi NCR Urban,2026-08-10T08:45:00+00:00,34.6,994.91,51.13,23.03,2.04,False,NORMAL,NONE
AWS-01,Delhi NCR Urban,2026-08-10T09:00:00+00:00,34.63,995.43,50.37,22.81,3.87,False,NORMAL,NONE
AWS-01,Delhi NCR Urban,2026-08-10T09:15:00+00:00,34.81,995.0,49.47,22.68,2.7,False,NORMAL,NONE
AWS-01,Delhi NCR Urban,2026-08-10T09:30:00+00:00,35.22,994.75,48.89,22.86,1.88,False,NORMAL,NONE
AWS-01,Delhi NCR Urban,2026-08-10T09:45:00+00:00,35.64,995.35,49.33,23.39,1.29,False,NORMAL,NONE
AWS-01,Delhi NCR Urban,2026-08-10T10:00:00+00:00,35.19,994.91,48.63,22.75,5.11,False,NORMAL,NONE
AWS-01,Delhi NCR Urban,2026-08-10T10:15:00+00:00,36.03,994.81,48.75,23.56,4.65,False,NORMAL,NONE
AWS-01,Delhi NCR Urban,2026-08-10T10:30:00+00:00,36.44,995.45,46.27,23.06,3.48,False,NORMAL,NONE
AWS-01,Delhi NCR Urban,2026-08-10T10:45:00+00:00,37.38,995.34,45.79,23.74,3.49,False,NORMAL,NONE
AWS-01,Delhi NCR Urban,2026-08-10T11:00:00+00:00,37.25,994.79,44.6,23.18,5.08,False,NORMAL,NONE
AWS-01,Delhi NCR Urban,2026-08-10T11:15:00+00:00,38.02,994.84,44.82,23.96,3.41,False,NORMAL,NONE
AWS-01,Delhi NCR Urban,2026-08-10T11:30:00+00:00,38.27,994.59,43.53,23.7,4.31,False,NORMAL,NONE
AWS-01,Delhi NCR Urban,2026-08-10T11:45:00+00:00,39.09,994.98,43.23,24.33,6.35,False,NORMAL,NONE
AWS-01,Delhi NCR Urban,2026-08-10T12:00:00+00:00,39.1,994.22,45.73,25.28,1.74,False,NORMAL,NONE
AWS-01,Delhi NCR Urban,2026-08-10T12:15:00+00:00,38.55,994.8,45.55,24.71,3.38,False,NORMAL,NONE
AWS-01,Delhi NCR Urban,2026-08-10T12:30:00+00:00,40.2,994.15,43.84,25.55,2.41,False,NORMAL,NONE
AWS-01,Delhi NCR Urban,2026-08-10T12:45:00+00:00,39.67,994.32,41.75,24.26,6.28,False,NORMAL,NONE
AWS-01,Delhi NCR Urban,2026-08-10T13:00:00+00:00,40.36,994.37,44.06,25.78,1.84,False,NORMAL,NONE
AWS-01,Delhi NCR Urban,2026-08-10T13:15:00+00:00,40.63,993.87,44.47,26.18,4.04,False,NORMAL,NONE
AWS-01,Delhi NCR Urban,2026-08-10T13:30:00+00:00,40.44,994.25,41.92,25.01,2.19,False,NORMAL,NONE
AWS-01,Delhi NCR Urban,2026-08-10T13:45:00+00:00,40.1,993.38,42.05,24.76,4.36,False,NORMAL,NONE
AWS-01,Delhi NCR Urban,2026-08-10T14:00:00+00:00,40.18,992.81,41.72,24.7,6.82,False,NORMAL,NONE
AWS-01,Delhi NCR Urban,2026-08-10T14:15:00+00:00,39.93,993.43,41.9,24.55,4.75,False,NORMAL,NONE
AWS-01,Delhi NCR Urban,2026-08-10T14:30:00+00:00,20.0,992.84,100.0,23.5,5.29,True,ANOMALY,CROSS_SENSOR_INCONSISTENCY
AWS-01,Delhi NCR Urban,2026-08-10T14:45:00+00:00,39.62,993.24,42.25,24.41,2.44,False,NORMAL,NONE
AWS-01,Delhi NCR Urban,2026-08-10T15:00:00+00:00,39.52,992.91,42.94,24.59,5.83,False,NORMAL,NONE
AWS-01,Delhi NCR Urban,2026-08-10T15:15:00+00:00,39.84,992.92,44.67,25.55,4.28,False,NORMAL,NONE
AWS-01,Delhi NCR Urban,2026-08-10T15:30:00+00:00,39.33,992.78,42.24,24.16,3.41,False,NORMAL,NONE
AWS-01,Delhi NCR Urban,2026-08-10T15:45:00+00:00,39.06,993.53,42.79,24.12,3.1,False,NORMAL,NONE
AWS-01,Delhi NCR Urban,2026-08-10T16:00:00+00:00,38.8,992.88,42.4,23.74,4.39,False,NORMAL,NONE
AWS-01,Delhi NCR Urban,2026-08-10T16:15:00+00:00,38.06,992.47,42.02,22.93,4.17,False,NORMAL,NONE
AWS-01,Delhi NCR Urban,2026-08-10T16:30:00+00:00,39.07,992.54,43.88,24.56,4.31,False,NORMAL,NONE
AWS-01,Delhi NCR Urban,2026-08-10T16:45:00+00:00,38.09,992.83,47.54,25.0,3.58,False,NORMAL,NONE
AWS-01,Delhi NCR Urban,2026-08-10T17:00:00+00:00,38.28,993.22,45.08,24.29,6.47,False,NORMAL,NONE
AWS-01,Delhi NCR Urban,2026-08-10T17:15:00+00:00,37.4,992.55,47.16,24.25,4.98,False,NORMAL,NONE
AWS-01,Delhi NCR Urban,2026-08-10T17:30:00+00:00,20.0,992.77,100.0,23.5,6.01,True,ANOMALY,CROSS_SENSOR_INCONSISTENCY
AWS-01,Delhi NCR Urban,2026-08-10T17:45:00+00:00,36.92,993.86,47.35,23.88,0.5,False,NORMAL,NONE
AWS-01,Delhi NCR Urban,2026-08-10T18:00:00+00:00,36.37,993.41,54.17,25.62,3.6,True,ANOMALY,SENSOR_DRIFT
AWS-01,Delhi NCR Urban,2026-08-10T18:15:00+00:00,35.48,993.69,55.7,25.27,1.5,True,ANOMALY,SENSOR_DRIFT
AWS-01,Delhi NCR Urban,2026-08-10T18:30:00+00:00,20.0,993.47,100.0,23.5,7.02,True,ANOMALY,CROSS_SENSOR_INCONSISTENCY
AWS-01,Delhi NCR Urban,2026-08-10T18:45:00+00:00,35.15,993.23,49.79,23.09,3.88,False,NORMAL,NONE
AWS-01,Delhi NCR Urban,2026-08-10T19:00:00+00:00,34.66,993.79,51.63,23.24,4.83,False,NORMAL,NONE
AWS-01,Delhi NCR Urban,2026-08-10T19:15:00+00:00,33.42,994.07,52.77,22.47,6.05,False,NORMAL,NONE
AWS-01,Delhi NCR Urban,2026-08-10T19:30:00+00:00,33.32,993.99,53.01,22.45,3.45,False,NORMAL,NONE
AWS-01,Delhi NCR Urban,2026-08-10T19:45:00+00:00,32.05,994.23,53.64,21.47,3.61,True,ANOMALY,FROZEN_SENSOR
AWS-01,Delhi NCR Urban,2026-08-10T20:00:00+00:00,32.05,994.23,56.2,22.23,4.72,True,ANOMALY,FROZEN_SENSOR
AWS-01,Delhi NCR Urban,2026-08-10T20:15:00+00:00,32.05,994.75,55.53,22.03,4.72,True,ANOMALY,FROZEN_SENSOR
AWS-01,Delhi NCR Urban,2026-08-10T20:30:00+00:00,32.05,995.08,56.74,22.39,4.56,True,ANOMALY,FROZEN_SENSOR
AWS-01,Delhi NCR Urban,2026-08-10T20:45:00+00:00,32.05,996.8,85.76,29.36,2.5,True,ANOMALY,FROZEN_SENSOR
AWS-01,Delhi NCR Urban,2026-08-10T21:00:00+00:00,32.05,994.83,55.91,22.15,3.02,True,ANOMALY,FROZEN_SENSOR
AWS-01,Delhi NCR Urban,2026-08-10T21:15:00+00:00,32.05,994.98,61.75,23.79,3.62,True,ANOMALY,FROZEN_SENSOR
AWS-01,Delhi NCR Urban,2026-08-10T21:30:00+00:00,32.05,995.06,58.4,22.86,1.66,True,ANOMALY,FROZEN_SENSOR
AWS-01,Delhi NCR Urban,2026-08-10T21:45:00+00:00,27.93,995.18,60.78,19.65,3.79,False,NORMAL,NONE
AWS-01,Delhi NCR Urban,2026-08-10T22:00:00+00:00,28.62,995.22,60.3,20.17,6.39,False,NORMAL,NONE
AWS-01,Delhi NCR Urban,2026-08-10T22:15:00+00:00,27.64,994.73,63.5,20.09,5.63,False,NORMAL,NONE
AWS-01,Delhi NCR Urban,2026-08-10T22:30:00+00:00,27.11,994.96,63.3,19.54,1.14,False,NORMAL,NONE
AWS-01,Delhi NCR Urban,2026-08-10T22:45:00+00:00,26.82,995.28,61.88,18.9,5.29,False,NORMAL,NONE
AWS-01,Delhi NCR Urban,2026-08-10T23:00:00+00:00,26.51,995.09,64.21,19.2,5.5,False,NORMAL,NONE
AWS-01,Delhi NCR Urban,2026-08-10T23:15:00+00:00,26.18,994.79,65.58,19.22,3.83,False,NORMAL,NONE
AWS-01,Delhi NCR Urban,2026-08-10T23:30:00+00:00,19.88,996.96,94.06,18.9,3.23,False,GENUINE_WEATHER_EVENT,GENUINE_WEATHER_EVENT
AWS-01,Delhi NCR Urban,2026-08-10T23:45:00+00:00,25.53,994.88,65.72,18.65,4.86,False,NORMAL,NONE
AWS-01,Delhi NCR Urban,2026-08-11T00:00:00+00:00,25.29,994.43,65.18,18.28,3.54,False,NORMAL,NONE
AWS-01,Delhi NCR Urban,2026-08-11T00:15:00+00:00,24.91,994.26,68.13,18.63,5.02,False,NORMAL,NONE
AWS-01,Delhi NCR Urban,2026-08-11T00:30:00+00:00,24.54,993.61,66.45,17.88,2.48,False,NORMAL,NONE
AWS-01,Delhi NCR Urban,2026-08-11T00:45:00+00:00,24.57,993.87,69.64,18.66,3.61,False,NORMAL,NONE
AWS-01,Delhi NCR Urban,2026-08-11T01:00:00+00:00,24.27,994.31,65.25,17.33,2.48,False,NORMAL,NONE
AWS-01,Delhi NCR Urban,2026-08-11T01:15:00+00:00,23.97,993.6,67.9,17.67,4.57,False,NORMAL,NONE
AWS-01,Delhi NCR Urban,2026-08-11T01:30:00+00:00,24.51,993.09,66.81,17.94,5.13,False,NORMAL,NONE
AWS-01,Delhi NCR Urban,2026-08-11T01:45:00+00:00,24.19,993.29,69.31,18.22,2.71,False,NORMAL,NONE
AWS-01,Delhi NCR Urban,2026-08-11T02:00:00+00:00,18.74,995.72,96.66,18.2,4.13,False,GENUINE_WEATHER_EVENT,GENUINE_WEATHER_EVENT
AWS-01,Delhi NCR Urban,2026-08-11T02:15:00+00:00,23.77,993.65,66.05,17.05,3.08,False,NORMAL,NONE
AWS-01,Delhi NCR Urban,2026-08-11T02:30:00+00:00,23.95,992.49,68.11,17.71,4.23,False,NORMAL,NONE
AWS-01,Delhi NCR Urban,2026-08-11T02:45:00+00:00,23.75,993.1,66.07,17.04,4.12,False,NORMAL,NONE
AWS-01,Delhi NCR Urban,2026-08-11T03:00:00+00:00,24.43,992.92,67.82,18.1,4.88,False,NORMAL,NONE
AWS-01,Delhi NCR Urban,2026-08-11T03:15:00+00:00,23.9,993.08,66.31,17.24,0.5,False,NORMAL,NONE
AWS-01,Delhi NCR Urban,2026-08-11T03:30:00+00:00,24.28,992.93,64.7,17.21,1.72,True,ANOMALY,FROZEN_SENSOR
AWS-01,Delhi NCR Urban,2026-08-11T03:45:00+00:00,24.28,992.41,66.74,17.7,5.81,True,ANOMALY,FROZEN_SENSOR
AWS-01,Delhi NCR Urban,2026-08-11T04:00:00+00:00,24.28,993.3,65.94,17.51,1.59,True,ANOMALY,FROZEN_SENSOR
AWS-01,Delhi NCR Urban,2026-08-11T04:15:00+00:00,24.28,993.02,64.1,17.06,4.44,True,ANOMALY,FROZEN_SENSOR
AWS-01,Delhi NCR Urban,2026-08-11T04:30:00+00:00,24.28,992.74,64.29,17.11,3.67,True,ANOMALY,FROZEN_SENSOR
AWS-01,Delhi NCR Urban,2026-08-11T04:45:00+00:00,24.28,992.84,64.06,17.05,2.86,True,ANOMALY,FROZEN_SENSOR
AWS-01,Delhi NCR Urban,2026-08-11T05:00:00+00:00,24.28,992.78,62.96,16.78,4.47,True,ANOMALY,FROZEN_SENSOR
AWS-01,Delhi NCR Urban,2026-08-11T05:15:00+00:00,24.28,992.9,63.92,17.02,7.05,True,ANOMALY,FROZEN_SENSOR
AWS-01,Delhi NCR Urban,2026-08-11T05:30:00+00:00,27.04,993.12,61.88,19.1,5.72,True,ANOMALY,FROZEN_SENSOR
AWS-01,Delhi NCR Urban,2026-08-11T05:45:00+00:00,27.04,993.8,61.53,19.01,4.25,True,ANOMALY,FROZEN_SENSOR
AWS-01,Delhi NCR Urban,2026-08-11T06:00:00+00:00,27.04,975.46,65.16,19.94,6.09,True,ANOMALY,FROZEN_SENSOR
AWS-01,Delhi NCR Urban,2026-08-11T06:15:00+00:00,27.04,993.9,59.82,18.56,4.87,True,ANOMALY,FROZEN_SENSOR
AWS-01,Delhi NCR Urban,2026-08-11T06:30:00+00:00,27.04,993.47,60.64,18.78,3.73,True,ANOMALY,FROZEN_SENSOR
AWS-01,Delhi NCR Urban,2026-08-11T06:45:00+00:00,27.04,993.23,57.84,18.03,3.5,True,ANOMALY,FROZEN_SENSOR
AWS-01,Delhi NCR Urban,2026-08-11T07:00:00+00:00,27.04,993.97,57.33,17.89,3.34,True,ANOMALY,FROZEN_SENSOR
AWS-01,Delhi NCR Urban,2026-08-11T07:15:00+00:00,27.04,994.16,57.53,17.94,7.77,True,ANOMALY,FROZEN_SENSOR
AWS-01,Delhi NCR Urban,2026-08-11T07:30:00+00:00,30.86,994.01,57.36,21.46,6.16,False,NORMAL,NONE
AWS-01,Delhi NCR Urban,2026-08-11T07:45:00+00:00,31.58,994.26,58.94,22.58,5.02,False,NORMAL,NONE
AWS-01,Delhi NCR Urban,2026-08-11T08:00:00+00:00,31.54,994.52,54.13,21.15,2.35,False,NORMAL,NONE
AWS-01,Delhi NCR Urban,2026-08-11T08:15:00+00:00,32.76,994.63,54.86,22.5,2.04,False,NORMAL,NONE
AWS-01,Delhi NCR Urban,2026-08-11T08:30:00+00:00,33.17,994.73,54.01,22.62,5.2,False,NORMAL,NONE
AWS-01,Delhi NCR Urban,2026-08-11T08:45:00+00:00,33.94,994.79,50.85,22.34,4.8,False,NORMAL,NONE
AWS-01,Delhi NCR Urban,2026-08-11T09:00:00+00:00,34.26,995.37,50.72,22.59,1.91,False,NORMAL,NONE
AWS-01,Delhi NCR Urban,2026-08-11T09:15:00+00:00,35.38,994.75,50.78,23.64,3.95,True,ANOMALY,FROZEN_SENSOR
AWS-01,Delhi NCR Urban,2026-08-11T09:30:00+00:00,35.38,995.27,50.38,23.51,0.71,True,ANOMALY,FROZEN_SENSOR
AWS-01,Delhi NCR Urban,2026-08-11T09:45:00+00:00,35.38,994.92,51.77,23.96,2.67,True,ANOMALY,FROZEN_SENSOR
AWS-01,Delhi NCR Urban,2026-08-11T10:00:00+00:00,35.38,995.57,48.22,22.78,0.72,True,ANOMALY,FROZEN_SENSOR
AWS-01,Delhi NCR Urban,2026-08-11T10:15:00+00:00,35.38,994.88,50.46,23.53,4.88,True,ANOMALY,FROZEN_SENSOR
AWS-01,Delhi NCR Urban,2026-08-11T10:30:00+00:00,35.38,995.29,46.71,22.26,5.17,True,ANOMALY,FROZEN_SENSOR
AWS-01,Delhi NCR Urban,2026-08-11T10:45:00+00:00,35.38,994.71,46.38,22.14,4.72,True,ANOMALY,FROZEN_SENSOR
AWS-01,Delhi NCR Urban,2026-08-11T11:00:00+00:00,35.38,995.03,47.04,22.37,4.85,True,ANOMALY,FROZEN_SENSOR
AWS-01,Delhi NCR Urban,2026-08-11T11:15:00+00:00,38.88,995.04,48.38,26.03,5.6,False,NORMAL,NONE
AWS-01,Delhi NCR Urban,2026-08-11T11:30:00+00:00,38.48,995.31,44.2,24.14,6.33,False,NORMAL,NONE
AWS-01,Delhi NCR Urban,2026-08-11T11:45:00+00:00,37.88,994.51,44.13,23.58,2.09,False,NORMAL,NONE
AWS-01,Delhi NCR Urban,2026-08-11T12:00:00+00:00,39.27,993.93,44.77,25.07,5.39,False,NORMAL,NONE
AWS-01,Delhi NCR Urban,2026-08-11T12:15:00+00:00,38.82,994.07,41.28,23.31,2.47,False,NORMAL,NONE
AWS-01,Delhi NCR Urban,2026-08-11T12:30:00+00:00,39.49,994.62,43.31,24.72,4.16,False,NORMAL,NONE
AWS-01,Delhi NCR Urban,2026-08-11T12:45:00+00:00,39.73,994.54,43.97,25.18,2.62,False,NORMAL,NONE
AWS-01,Delhi NCR Urban,2026-08-11T13:00:00+00:00,39.82,994.25,42.28,24.6,6.27,False,NORMAL,NONE
AWS-01,Delhi NCR Urban,2026-08-11T13:15:00+00:00,40.02,994.33,42.82,25.0,1.03,False,NORMAL,NONE
AWS-01,Delhi NCR Urban,2026-08-11T13:30:00+00:00,40.23,993.15,43.59,25.49,2.42,False,NORMAL,NONE
AWS-01,Delhi NCR Urban,2026-08-11T13:45:00+00:00,39.64,993.61,41.51,24.13,5.56,False,NORMAL,NONE
AWS-01,Delhi NCR Urban,2026-08-11T14:00:00+00:00,40.36,993.43,42.34,25.12,4.58,False,NORMAL,NONE
AWS-01,Delhi NCR Urban,2026-08-11T14:15:00+00:00,39.79,993.11,40.19,23.74,3.99,False,NORMAL,NONE
AWS-01,Delhi NCR Urban,2026-08-11T14:30:00+00:00,39.08,993.37,44.37,24.75,5.99,False,NORMAL,NONE
AWS-01,Delhi NCR Urban,2026-08-11T14:45:00+00:00,40.36,992.99,42.83,25.31,6.55,False,NORMAL,NONE
AWS-01,Delhi NCR Urban,2026-08-11T15:00:00+00:00,39.78,993.12,41.77,24.37,6.25,True,ANOMALY,FROZEN_SENSOR
AWS-01,Delhi NCR Urban,2026-08-11T15:15:00+00:00,39.78,993.64,42.51,24.66,2.58,True,ANOMALY,FROZEN_SENSOR
AWS-01,Delhi NCR Urban,2026-08-11T15:30:00+00:00,39.78,993.01,42.05,24.48,4.76,True,ANOMALY,FROZEN_SENSOR
AWS-01,Delhi NCR Urban,2026-08-11T15:45:00+00:00,39.78,992.76,42.58,24.69,2.71,True,ANOMALY,FROZEN_SENSOR
AWS-01,Delhi NCR Urban,2026-08-11T16:00:00+00:00,39.78,992.89,43.45,25.03,1.9,True,ANOMALY,FROZEN_SENSOR
AWS-01,Delhi NCR Urban,2026-08-11T16:15:00+00:00,39.78,992.71,43.98,25.23,8.06,True,ANOMALY,FROZEN_SENSOR
AWS-01,Delhi NCR Urban,2026-08-11T16:30:00+00:00,39.78,992.51,100.0,39.78,3.07,True,ANOMALY,FROZEN_SENSOR
AWS-01,Delhi NCR Urban,2026-08-11T16:45:00+00:00,39.78,993.33,42.18,24.53,2.7,True,ANOMALY,FROZEN_SENSOR
AWS-01,Delhi NCR Urban,2026-08-11T17:00:00+00:00,37.66,993.01,45.74,23.98,3.86,False,NORMAL,NONE
AWS-01,Delhi NCR Urban,2026-08-11T17:15:00+00:00,37.25,993.17,46.31,23.8,3.72,False,NORMAL,NONE
AWS-01,Delhi NCR Urban,2026-08-11T17:30:00+00:00,36.75,993.2,47.51,23.78,4.2,False,NORMAL,NONE
AWS-01,Delhi NCR Urban,2026-08-11T17:45:00+00:00,36.48,993.87,47.61,23.57,4.12,False,NORMAL,NONE
AWS-01,Delhi NCR Urban,2026-08-11T18:00:00+00:00,35.8,993.23,47.39,22.87,4.12,False,NORMAL,NONE
AWS-01,Delhi NCR Urban,2026-08-11T18:15:00+00:00,35.35,993.75,49.73,23.26,5.18,False,NORMAL,NONE
AWS-01,Delhi NCR Urban,2026-08-11T18:30:00+00:00,34.19,993.43,49.65,22.17,1.28,False,NORMAL,NONE
AWS-01,Delhi NCR Urban,2026-08-11T18:45:00+00:00,34.5,993.8,52.93,23.51,1.39,False,NORMAL,NONE
AWS-01,Delhi NCR Urban,2026-08-11T19:00:00+00:00,33.82,993.92,50.79,22.21,2.72,False,NORMAL,NONE
AWS-01,Delhi NCR Urban,2026-08-11T19:15:00+00:00,33.48,994.03,53.57,22.77,3.07,False,NORMAL,NONE
AWS-01,Delhi NCR Urban,2026-08-11T19:30:00+00:00,33.26,993.81,55.28,23.08,0.5,False,NORMAL,NONE
AWS-01,Delhi NCR Urban,2026-08-11T19:45:00+00:00,32.91,994.32,52.59,21.94,5.8,False,NORMAL,NONE
AWS-01,Delhi NCR Urban,2026-08-11T20:00:00+00:00,31.85,995.25,53.21,21.15,5.51,False,NORMAL,NONE
AWS-01,Delhi NCR Urban,2026-08-11T20:15:00+00:00,31.58,994.92,56.3,21.83,1.91,False,NORMAL,NONE
AWS-01,Delhi NCR Urban,2026-08-11T20:30:00+00:00,31.16,994.77,56.15,21.39,3.96,False,NORMAL,NONE
AWS-01,Delhi NCR Urban,2026-08-11T20:45:00+00:00,30.41,994.62,57.89,21.18,1.61,False,NORMAL,NONE
AWS-01,Delhi NCR Urban,2026-08-11T21:00:00+00:00,29.39,995.37,59.68,20.73,3.64,False,NORMAL,NONE
AWS-01,Delhi NCR Urban,2026-08-11T21:15:00+00:00,28.64,995.23,59.63,20.02,1.33,False,NORMAL,NONE
AWS-01,Delhi NCR Urban,2026-08-11T21:30:00+00:00,29.15,995.34,59.96,20.59,4.3,False,NORMAL,NONE
AWS-01,Delhi NCR Urban,2026-08-11T21:45:00+00:00,28.54,995.62,59.91,20.0,5.95,False,NORMAL,NONE
AWS-01,Delhi NCR Urban,2026-08-11T22:00:00+00:00,28.2,995.07,62.47,20.35,5.18,False,NORMAL,NONE
AWS-01,Delhi NCR Urban,2026-08-11T22:15:00+00:00,26.73,994.78,63.25,19.17,3.26,False,NORMAL,NONE
AWS-01,Delhi NCR Urban,2026-08-11T22:30:00+00:00,27.58,995.25,63.31,19.99,6.11,False,NORMAL,NONE
AWS-01,Delhi NCR Urban,2026-08-11T22:45:00+00:00,26.84,995.0,64.78,19.66,2.92,False,NORMAL,NONE
AWS-01,Delhi NCR Urban,2026-08-11T23:00:00+00:00,25.71,994.55,64.64,18.55,3.24,False,NORMAL,NONE
AWS-01,Delhi NCR Urban,2026-08-11T23:15:00+00:00,26.45,994.61,65.79,19.53,5.52,False,NORMAL,NONE
AWS-01,Delhi NCR Urban,2026-08-11T23:30:00+00:00,24.77,994.65,64.43,17.6,5.47,False,NORMAL,NONE
AWS-01,Delhi NCR Urban,2026-08-11T23:45:00+00:00,25.54,994.97,67.36,19.05,5.28,False,NORMAL,NONE
AWS-01,Delhi NCR Urban,2026-08-12T00:00:00+00:00,25.41,994.43,66.02,18.6,3.75,False,NORMAL,NONE
AWS-01,Delhi NCR Urban,2026-08-12T00:15:00+00:00,24.42,994.41,66.48,17.77,2.78,False,NORMAL,NONE
AWS-01,Delhi NCR Urban,2026-08-12T00:30:00+00:00,24.59,994.49,67.59,18.2,3.9,False,NORMAL,NONE
AWS-01,Delhi NCR Urban,2026-08-12T00:45:00+00:00,20.0,994.22,100.0,23.5,6.08,True,ANOMALY,CROSS_SENSOR_INCONSISTENCY
AWS-01,Delhi NCR Urban,2026-08-12T01:00:00+00:00,24.13,993.64,68.77,18.03,2.65,False,NORMAL,NONE
AWS-01,Delhi NCR Urban,2026-08-12T01:15:00+00:00,23.78,993.81,66.77,17.23,3.74,False,NORMAL,NONE
AWS-01,Delhi NCR Urban,2026-08-12T01:30:00+00:00,24.33,993.68,67.14,17.84,4.34,False,NORMAL,NONE
AWS-01,Delhi NCR Urban,2026-08-12T01:45:00+00:00,24.35,993.79,68.35,18.15,8.17,False,NORMAL,NONE
AWS-01,Delhi NCR Urban,2026-08-12T02:00:00+00:00,24.1,993.09,66.79,17.55,0.5,False,NORMAL,NONE
AWS-01,Delhi NCR Urban,2026-08-12T02:15:00+00:00,24.49,992.98,68.75,18.37,4.54,False,NORMAL,NONE
AWS-01,Delhi NCR Urban,2026-08-12T02:30:00+00:00,24.06,992.72,73.42,19.01,8.09,True,ANOMALY,SENSOR_DRIFT
AWS-01,Delhi NCR Urban,2026-08-12T02:45:00+00:00,23.99,992.98,68.71,17.88,2.68,False,NORMAL,NONE
AWS-01,Delhi NCR Urban,2026-08-12T03:00:00+00:00,48.39,992.63,65.77,40.31,3.28,True,ANOMALY,SPIKE
AWS-01,Delhi NCR Urban,2026-08-12T03:15:00+00:00,24.4,992.93,66.93,17.86,4.15,False,NORMAL,NONE
AWS-01,Delhi NCR Urban,2026-08-12T03:30:00+00:00,24.91,992.62,67.06,18.37,3.94,False,NORMAL,NONE
AWS-01,Delhi NCR Urban,2026-08-12T03:45:00+00:00,19.64,995.02,96.22,19.02,4.31,False,GENUINE_WEATHER_EVENT,GENUINE_WEATHER_EVENT
AWS-01,Delhi NCR Urban,2026-08-12T04:00:00+00:00,25.07,992.73,64.85,18.0,4.43,False,NORMAL,NONE
AWS-01,Delhi NCR Urban,2026-08-12T04:15:00+00:00,25.37,993.32,65.81,18.51,1.67,True,ANOMALY,FROZEN_SENSOR
AWS-01,Delhi NCR Urban,2026-08-12T04:30:00+00:00,25.37,992.9,65.84,18.52,6.35,True,ANOMALY,FROZEN_SENSOR
AWS-01,Delhi NCR Urban,2026-08-12T04:45:00+00:00,25.37,992.81,64.41,18.17,2.1,True,ANOMALY,FROZEN_SENSOR
AWS-01,Delhi NCR Urban,2026-08-12T05:00:00+00:00,25.37,993.1,66.11,18.59,3.86,True,ANOMALY,FROZEN_SENSOR
AWS-01,Delhi NCR Urban,2026-08-12T05:15:00+00:00,25.37,993.6,65.38,18.41,2.55,True,ANOMALY,FROZEN_SENSOR
AWS-01,Delhi NCR Urban,2026-08-12T05:30:00+00:00,25.37,993.62,62.65,17.73,3.07,True,ANOMALY,FROZEN_SENSOR
AWS-01,Delhi NCR Urban,2026-08-12T05:45:00+00:00,25.37,992.78,63.8,18.02,4.15,True,ANOMALY,FROZEN_SENSOR
AWS-01,Delhi NCR Urban,2026-08-12T06:00:00+00:00,25.37,993.34,61.95,17.55,1.6,True,ANOMALY,FROZEN_SENSOR
AWS-01,Delhi NCR Urban,2026-08-12T06:15:00+00:00,28.41,993.71,64.76,21.13,5.16,True,ANOMALY,SENSOR_DRIFT
AWS-01,Delhi NCR Urban,2026-08-12T06:30:00+00:00,28.46,993.39,59.76,19.88,4.08,False,NORMAL,NONE
AWS-01,Delhi NCR Urban,2026-08-12T06:45:00+00:00,29.83,994.01,57.97,20.68,3.66,False,NORMAL,NONE
AWS-01,Delhi NCR Urban,2026-08-12T07:00:00+00:00,30.59,994.15,57.98,21.39,5.25,False,NORMAL,NONE
AWS-01,Delhi NCR Urban,2026-08-12T07:15:00+00:00,30.26,994.0,57.83,21.03,4.7,False,NORMAL,NONE
AWS-01,Delhi NCR Urban,2026-08-12T07:30:00+00:00,31.78,994.16,55.51,21.78,6.4,False,NORMAL,NONE
AWS-01,Delhi NCR Urban,2026-08-12T07:45:00+00:00,31.11,994.82,56.24,21.37,4.45,False,NORMAL,NONE
AWS-01,Delhi NCR Urban,2026-08-12T08:00:00+00:00,32.55,994.39,54.1,22.07,0.5,False,NORMAL,NONE
AWS-01,Delhi NCR Urban,2026-08-12T08:15:00+00:00,32.44,994.9,52.77,21.56,4.2,False,NORMAL,NONE
AWS-01,Delhi NCR Urban,2026-08-12T08:30:00+00:00,33.21,994.85,55.5,23.1,1.62,False,NORMAL,NONE
AWS-01,Delhi NCR Urban,2026-08-12T08:45:00+00:00,33.77,995.13,51.02,22.23,6.08,False,NORMAL,NONE
AWS-01,Delhi NCR Urban,2026-08-12T09:00:00+00:00,34.08,995.26,51.94,22.82,3.93,False,NORMAL,NONE
AWS-01,Delhi NCR Urban,2026-08-12T09:15:00+00:00,34.35,995.03,50.71,22.67,4.85,False,NORMAL,NONE
AWS-01,Delhi NCR Urban,2026-08-12T09:30:00+00:00,35.05,994.95,50.17,23.13,2.49,False,NORMAL,NONE
AWS-01,Delhi NCR Urban,2026-08-12T09:45:00+00:00,34.86,995.13,48.05,22.25,4.95,False,NORMAL,NONE
AWS-01,Delhi NCR Urban,2026-08-12T10:00:00+00:00,35.89,995.11,49.42,23.65,4.6,False,NORMAL,NONE
AWS-01,Delhi NCR Urban,2026-08-12T10:15:00+00:00,37.21,995.0,46.7,23.91,3.31,False,NORMAL,NONE
AWS-01,Delhi NCR Urban,2026-08-12T10:30:00+00:00,31.33,997.81,75.32,26.44,3.27,False,GENUINE_WEATHER_EVENT,GENUINE_WEATHER_EVENT
AWS-01,Delhi NCR Urban,2026-08-12T10:45:00+00:00,37.92,995.07,46.97,24.65,2.47,True,ANOMALY,FROZEN_SENSOR
AWS-01,Delhi NCR Urban,2026-08-12T11:00:00+00:00,37.92,994.56,46.06,24.33,3.65,True,ANOMALY,FROZEN_SENSOR
AWS-01,Delhi NCR Urban,2026-08-12T11:15:00+00:00,37.92,995.21,44.87,23.89,3.97,True,ANOMALY,FROZEN_SENSOR
AWS-01,Delhi NCR Urban,2026-08-12T11:30:00+00:00,37.92,994.75,43.78,23.48,1.82,True,ANOMALY,FROZEN_SENSOR
AWS-01,Delhi NCR Urban,2026-08-12T11:45:00+00:00,37.92,995.13,41.93,22.77,2.11,True,ANOMALY,FROZEN_SENSOR
AWS-01,Delhi NCR Urban,2026-08-12T12:00:00+00:00,37.92,994.67,46.14,24.35,5.19,True,ANOMALY,FROZEN_SENSOR
AWS-01,Delhi NCR Urban,2026-08-12T12:15:00+00:00,37.92,994.11,43.95,23.55,4.67,True,ANOMALY,FROZEN_SENSOR
AWS-01,Delhi NCR Urban,2026-08-12T12:30:00+00:00,37.92,994.09,43.76,23.47,6.28,True,ANOMALY,FROZEN_SENSOR
AWS-01,Delhi NCR Urban,2026-08-12T12:45:00+00:00,39.44,994.25,43.25,24.64,4.57,False,NORMAL,NONE
AWS-01,Delhi NCR Urban,2026-08-12T13:00:00+00:00,39.91,993.88,42.14,24.63,2.61,False,NORMAL,NONE
AWS-01,Delhi NCR Urban,2026-08-12T13:15:00+00:00,40.14,993.63,43.19,25.24,3.5,False,NORMAL,NONE
AWS-01,Delhi NCR Urban,2026-08-12T13:30:00+00:00,38.91,993.7,42.27,23.79,3.64,False,NORMAL,NONE
AWS-01,Delhi NCR Urban,2026-08-12T13:45:00+00:00,40.18,993.22,39.96,23.99,3.74,False,NORMAL,NONE
AWS-01,Delhi NCR Urban,2026-08-12T14:00:00+00:00,39.53,993.6,42.62,24.48,2.8,False,NORMAL,NONE
AWS-01,Delhi NCR Urban,2026-08-12T14:15:00+00:00,40.22,993.07,40.35,24.18,2.95,False,NORMAL,NONE
AWS-01,Delhi NCR Urban,2026-08-12T14:30:00+00:00,39.71,992.71,43.54,25.0,2.89,False,NORMAL,NONE
AWS-01,Delhi NCR Urban,2026-08-12T14:45:00+00:00,39.99,992.77,41.6,24.49,3.21,False,NORMAL,NONE
AWS-01,Delhi NCR Urban,2026-08-12T15:00:00+00:00,39.5,993.18,43.94,24.96,4.0,False,NORMAL,NONE
AWS-01,Delhi NCR Urban,2026-08-12T15:15:00+00:00,39.35,992.91,43.39,24.62,5.28,False,NORMAL,NONE
AWS-01,Delhi NCR Urban,2026-08-12T15:30:00+00:00,39.32,992.63,44.01,24.83,4.02,False,NORMAL,NONE
AWS-01,Delhi NCR Urban,2026-08-12T15:45:00+00:00,39.12,993.38,42.53,24.08,0.5,False,NORMAL,NONE
AWS-01,Delhi NCR Urban,2026-08-12T16:00:00+00:00,38.75,992.82,46.39,25.2,3.57,False,NORMAL,NONE
AWS-01,Delhi NCR Urban,2026-08-12T16:15:00+00:00,38.63,993.29,43.38,23.97,7.54,False,NORMAL,NONE
AWS-01,Delhi NCR Urban,2026-08-12T16:30:00+00:00,38.4,992.77,44.76,24.29,4.04,False,NORMAL,NONE
AWS-01,Delhi NCR Urban,2026-08-12T16:45:00+00:00,38.51,992.54,44.29,24.2,3.35,False,NORMAL,NONE
AWS-01,Delhi NCR Urban,2026-08-12T17:00:00+00:00,37.49,992.93,45.86,23.87,0.5,False,NORMAL,NONE
AWS-01,Delhi NCR Urban,2026-08-12T17:15:00+00:00,36.89,992.93,46.5,23.55,5.23,False,NORMAL,NONE
AWS-01,Delhi NCR Urban,2026-08-12T17:30:00+00:00,36.98,993.11,46.42,23.6,4.39,False,NORMAL,NONE
AWS-01,Delhi NCR Urban,2026-08-12T17:45:00+00:00,35.89,1014.56,47.62,23.03,2.76,True,ANOMALY,SPIKE
AWS-01,Delhi NCR Urban,2026-08-12T18:00:00+00:00,35.69,993.77,49.68,23.55,1.86,False,NORMAL,NONE
AWS-01,Delhi NCR Urban,2026-08-12T18:15:00+00:00,35.19,993.56,50.23,23.28,2.86,False,NORMAL,NONE
AWS-01,Delhi NCR Urban,2026-08-12T18:30:00+00:00,34.95,993.71,50.29,23.07,5.39,False,NORMAL,NONE
AWS-01,Delhi NCR Urban,2026-08-12T18:45:00+00:00,34.71,994.08,49.32,22.54,5.49,False,NORMAL,NONE
AWS-01,Delhi NCR Urban,2026-08-12T19:00:00+00:00,33.9,993.97,50.73,22.26,5.76,False,NORMAL,NONE
AWS-01,Delhi NCR Urban,2026-08-12T19:15:00+00:00,33.78,993.79,53.31,22.97,4.17,False,NORMAL,NONE
AWS-01,Delhi NCR Urban,2026-08-12T19:30:00+00:00,27.51,996.54,81.07,23.97,2.9,False,GENUINE_WEATHER_EVENT,GENUINE_WEATHER_EVENT
AWS-01,Delhi NCR Urban,2026-08-12T19:45:00+00:00,32.37,994.85,55.54,22.33,4.05,False,NORMAL,NONE
AWS-01,Delhi NCR Urban,2026-08-12T20:00:00+00:00,31.92,995.05,54.21,21.52,6.63,False,NORMAL,NONE
AWS-01,Delhi NCR Urban,2026-08-12T20:15:00+00:00,30.72,994.73,55.39,20.76,4.7,False,NORMAL,NONE
AWS-01,Delhi NCR Urban,2026-08-12T20:30:00+00:00,30.98,994.91,57.99,21.75,3.02,False,NORMAL,NONE
AWS-01,Delhi NCR Urban,2026-08-12T20:45:00+00:00,30.62,994.72,56.55,21.0,3.43,False,NORMAL,NONE
AWS-01,Delhi NCR Urban,2026-08-12T21:00:00+00:00,30.11,994.88,60.16,21.53,2.16,False,NORMAL,NONE
AWS-01,Delhi NCR Urban,2026-08-12T21:15:00+00:00,29.21,995.59,59.96,20.64,4.57,False,NORMAL,NONE
AWS-01,Delhi NCR Urban,2026-08-12T21:30:00+00:00,23.36,997.15,87.38,21.14,4.94,False,GENUINE_WEATHER_EVENT,GENUINE_WEATHER_EVENT
AWS-01,Delhi NCR Urban,2026-08-12T21:45:00+00:00,28.18,994.28,59.61,19.58,4.23,False,NORMAL,NONE
AWS-01,Delhi NCR Urban,2026-08-12T22:00:00+00:00,28.5,995.12,62.31,20.59,0.5,False,NORMAL,NONE
AWS-01,Delhi NCR Urban,2026-08-12T22:15:00+00:00,27.31,995.57,62.57,19.54,2.34,False,NORMAL,NONE
AWS-01,Delhi NCR Urban,2026-08-12T22:30:00+00:00,26.55,995.22,63.5,19.06,4.35,False,NORMAL,NONE
AWS-01,Delhi NCR Urban,2026-08-12T22:45:00+00:00,26.3,995.64,63.48,18.82,4.27,False,NORMAL,NONE
AWS-01,Delhi NCR Urban,2026-08-12T23:00:00+00:00,26.14,994.91,63.31,18.63,2.49,False,NORMAL,NONE
AWS-01,Delhi NCR Urban,2026-08-12T23:15:00+00:00,26.72,995.21,65.05,19.6,4.12,False,NORMAL,NONE
AWS-01,Delhi NCR Urban,2026-08-12T23:30:00+00:00,25.68,994.58,65.84,18.82,6.79,False,NORMAL,NONE
AWS-01,Delhi NCR Urban,2026-08-12T23:45:00+00:00,25.09,994.32,65.67,18.22,5.97,True,ANOMALY,FROZEN_SENSOR
AWS-01,Delhi NCR Urban,2026-08-13T00:00:00+00:00,25.09,994.75,64.6,17.95,4.3,True,ANOMALY,FROZEN_SENSOR
AWS-01,Delhi NCR Urban,2026-08-13T00:15:00+00:00,25.09,994.45,66.74,18.47,5.23,True,ANOMALY,FROZEN_SENSOR
AWS-01,Delhi NCR Urban,2026-08-13T00:30:00+00:00,25.09,994.32,67.81,18.73,3.5,True,ANOMALY,FROZEN_SENSOR
AWS-01,Delhi NCR Urban,2026-08-13T00:45:00+00:00,25.09,994.02,64.98,18.05,3.27,True,ANOMALY,FROZEN_SENSOR
AWS-01,Delhi NCR Urban,2026-08-13T01:00:00+00:00,25.09,993.66,67.01,18.54,4.51,True,ANOMALY,FROZEN_SENSOR
AWS-01,Delhi NCR Urban,2026-08-13T01:15:00+00:00,25.09,994.06,65.89,18.27,6.48,True,ANOMALY,FROZEN_SENSOR
AWS-01,Delhi NCR Urban,2026-08-13T01:30:00+00:00,25.09,993.31,66.58,18.44,3.23,True,ANOMALY,FROZEN_SENSOR
AWS-01,Delhi NCR Urban,2026-08-13T01:45:00+00:00,20.0,993.61,100.0,23.5,4.12,True,ANOMALY,CROSS_SENSOR_INCONSISTENCY
AWS-01,Delhi NCR Urban,2026-08-13T02:00:00+00:00,24.29,993.64,69.94,18.46,2.53,False,NORMAL,NONE
AWS-01,Delhi NCR Urban,2026-08-13T02:15:00+00:00,24.45,993.23,69.0,18.4,4.44,False,NORMAL,NONE
AWS-01,Delhi NCR Urban,2026-08-13T02:30:00+00:00,24.11,993.1,69.62,18.21,5.83,False,NORMAL,NONE
AWS-01,Delhi NCR Urban,2026-08-13T02:45:00+00:00,24.05,993.24,68.99,18.01,4.76,False,NORMAL,NONE
AWS-01,Delhi NCR Urban,2026-08-13T03:00:00+00:00,24.09,992.63,67.56,17.71,2.62,False,NORMAL,NONE
AWS-01,Delhi NCR Urban,2026-08-13T03:15:00+00:00,24.59,993.2,67.34,18.13,3.37,False,NORMAL,NONE
AWS-01,Delhi NCR Urban,2026-08-13T03:30:00+00:00,23.55,992.66,67.32,17.14,2.38,False,NORMAL,NONE
AWS-01,Delhi NCR Urban,2026-08-13T03:45:00+00:00,24.74,992.82,65.82,17.92,4.54,False,NORMAL,NONE
AWS-01,Delhi NCR Urban,2026-08-13T04:00:00+00:00,24.83,993.05,63.66,17.47,4.36,False,NORMAL,NONE
AWS-01,Delhi NCR Urban,2026-08-13T04:15:00+00:00,25.39,992.71,64.59,18.23,5.54,False,NORMAL,NONE
AWS-01,Delhi NCR Urban,2026-08-13T04:30:00+00:00,25.6,992.41,66.62,18.93,3.98,False,NORMAL,NONE
AWS-01,Delhi NCR Urban,2026-08-13T04:45:00+00:00,25.23,992.81,64.81,18.14,5.96,False,NORMAL,NONE
AWS-01,Delhi NCR Urban,2026-08-13T05:00:00+00:00,27.05,993.39,63.48,19.53,2.75,False,NORMAL,NONE
AWS-01,Delhi NCR Urban,2026-08-13T05:15:00+00:00,26.35,993.76,64.62,19.15,3.43,False,NORMAL,NONE
AWS-01,Delhi NCR Urban,2026-08-13T05:30:00+00:00,27.05,993.5,63.3,19.48,4.1,False,NORMAL,NONE
AWS-01,Delhi NCR Urban,2026-08-13T05:45:00+00:00,27.58,993.4,61.86,19.6,1.77,False,NORMAL,NONE
AWS-01,Delhi NCR Urban,2026-08-13T06:00:00+00:00,27.89,993.26,61.63,19.84,3.72,False,NORMAL,NONE
AWS-01,Delhi NCR Urban,2026-08-13T06:15:00+00:00,27.72,993.71,59.18,19.03,4.65,False,NORMAL,NONE
AWS-01,Delhi NCR Urban,2026-08-13T06:30:00+00:00,28.18,993.04,61.98,20.2,4.03,False,NORMAL,NONE
AWS-01,Delhi NCR Urban,2026-08-13T06:45:00+00:00,29.27,1016.2,60.14,20.74,7.31,True,ANOMALY,SPIKE
AWS-01,Delhi NCR Urban,2026-08-13T07:00:00+00:00,29.42,993.83,56.28,19.81,2.88,False,NORMAL,NONE
AWS-01,Delhi NCR Urban,2026-08-13T07:15:00+00:00,30.62,993.38,57.47,21.27,3.57,False,NORMAL,NONE
AWS-01,Delhi NCR Urban,2026-08-13T07:30:00+00:00,31.65,994.49,56.43,21.92,3.23,False,NORMAL,NONE
AWS-01,Delhi NCR Urban,2026-08-13T07:45:00+00:00,31.99,994.37,55.73,22.04,9.33,False,NORMAL,NONE
AWS-01,Delhi NCR Urban,2026-08-13T08:00:00+00:00,32.13,994.53,55.13,21.99,3.48,False,NORMAL,NONE
AWS-01,Delhi NCR Urban,2026-08-13T08:15:00+00:00,32.47,994.52,55.44,22.4,3.21,False,NORMAL,NONE
AWS-01,Delhi NCR Urban,2026-08-13T08:30:00+00:00,33.18,1016.54,53.85,22.58,5.87,True,ANOMALY,SPIKE
AWS-01,Delhi NCR Urban,2026-08-13T08:45:00+00:00,33.96,994.67,54.07,23.36,3.25,False,NORMAL,NONE
AWS-01,Delhi NCR Urban,2026-08-13T09:00:00+00:00,33.8,994.96,51.63,22.46,4.14,False,NORMAL,NONE
AWS-01,Delhi NCR Urban,2026-08-13T09:15:00+00:00,34.31,994.95,50.73,22.63,3.13,False,NORMAL,NONE
AWS-01,Delhi NCR Urban,2026-08-13T09:30:00+00:00,34.42,995.39,50.2,22.56,6.07,False,NORMAL,NONE
AWS-01,Delhi NCR Urban,2026-08-13T09:45:00+00:00,36.22,994.95,51.41,24.61,3.34,False,NORMAL,NONE
AWS-01,Delhi NCR Urban,2026-08-13T10:00:00+00:00,36.14,995.13,49.02,23.74,6.05,False,NORMAL,NONE
AWS-01,Delhi NCR Urban,2026-08-13T10:15:00+00:00,36.58,995.13,46.41,23.23,4.61,False,NORMAL,NONE
AWS-01,Delhi NCR Urban,2026-08-13T10:30:00+00:00,36.94,994.69,48.99,24.46,4.08,False,NORMAL,NONE
AWS-01,Delhi NCR Urban,2026-08-13T10:45:00+00:00,37.19,995.03,45.59,23.49,6.7,False,NORMAL,NONE
AWS-01,Delhi NCR Urban,2026-08-13T11:00:00+00:00,38.32,995.3,44.04,23.94,6.45,False,NORMAL,NONE
AWS-01,Delhi NCR Urban,2026-08-13T11:15:00+00:00,37.76,995.39,46.0,24.16,4.31,False,NORMAL,NONE
AWS-01,Delhi NCR Urban,2026-08-13T11:30:00+00:00,38.5,994.75,44.93,24.43,0.83,False,NORMAL,NONE
AWS-01,Delhi NCR Urban,2026-08-13T11:45:00+00:00,38.22,994.52,43.58,23.67,4.25,False,NORMAL,NONE
AWS-01,Delhi NCR Urban,2026-08-13T12:00:00+00:00,38.8,994.53,42.42,23.75,2.76,False,NORMAL,NONE
AWS-01,Delhi NCR Urban,2026-08-13T12:15:00+00:00,39.02,994.19,45.43,25.09,3.46,False,NORMAL,NONE
AWS-01,Delhi NCR Urban,2026-08-13T12:30:00+00:00,39.62,994.1,43.86,25.04,4.04,False,NORMAL,NONE
AWS-01,Delhi NCR Urban,2026-08-13T12:45:00+00:00,39.76,994.26,44.48,25.4,6.34,False,NORMAL,NONE
AWS-01,Delhi NCR Urban,2026-08-13T13:00:00+00:00,39.36,993.94,43.04,24.49,4.61,False,NORMAL,NONE
AWS-01,Delhi NCR Urban,2026-08-13T13:15:00+00:00,40.44,993.78,43.75,25.73,4.33,False,NORMAL,NONE
AWS-01,Delhi NCR Urban,2026-08-13T13:30:00+00:00,20.0,993.57,100.0,23.5,3.27,True,ANOMALY,CROSS_SENSOR_INCONSISTENCY
AWS-01,Delhi NCR Urban,2026-08-13T13:45:00+00:00,40.04,993.31,39.67,23.74,6.42,False,NORMAL,NONE
AWS-01,Delhi NCR Urban,2026-08-13T14:00:00+00:00,39.56,993.35,43.36,24.8,3.04,False,NORMAL,NONE
AWS-01,Delhi NCR Urban,2026-08-13T14:15:00+00:00,40.81,993.16,44.54,26.37,2.41,False,NORMAL,NONE
AWS-01,Delhi NCR Urban,2026-08-13T14:30:00+00:00,39.8,992.71,44.61,25.48,1.64,False,NORMAL,NONE
AWS-01,Delhi NCR Urban,2026-08-13T14:45:00+00:00,39.44,992.67,41.18,23.83,4.51,False,NORMAL,NONE
AWS-01,Delhi NCR Urban,2026-08-13T15:00:00+00:00,39.54,993.1,42.37,24.39,2.62,False,NORMAL,NONE
AWS-01,Delhi NCR Urban,2026-08-13T15:15:00+00:00,39.31,993.26,44.2,24.89,5.44,False,NORMAL,NONE
AWS-01,Delhi NCR Urban,2026-08-13T15:30:00+00:00,39.86,993.48,45.55,25.89,1.03,False,NORMAL,NONE
AWS-01,Delhi NCR Urban,2026-08-13T15:45:00+00:00,39.46,993.03,43.08,24.6,3.02,False,NORMAL,NONE
AWS-01,Delhi NCR Urban,2026-08-13T16:00:00+00:00,39.22,992.5,42.2,24.03,4.82,False,NORMAL,NONE
AWS-01,Delhi NCR Urban,2026-08-13T16:15:00+00:00,38.04,992.88,45.65,24.29,4.06,False,NORMAL,NONE
AWS-01,Delhi NCR Urban,2026-08-13T16:30:00+00:00,38.66,993.49,43.87,24.18,5.18,False,NORMAL,NONE
AWS-01,Delhi NCR Urban,2026-08-13T16:45:00+00:00,38.27,993.09,44.72,24.15,5.27,False,NORMAL,NONE
AWS-01,Delhi NCR Urban,2026-08-13T17:00:00+00:00,20.0,992.73,100.0,23.5,2.35,True,ANOMALY,CROSS_SENSOR_INCONSISTENCY
AWS-01,Delhi NCR Urban,2026-08-13T17:15:00+00:00,37.11,992.66,46.45,23.73,4.35,False,NORMAL,NONE
AWS-01,Delhi NCR Urban,2026-08-13T17:30:00+00:00,36.78,992.31,47.51,23.81,0.92,False,NORMAL,NONE
AWS-01,Delhi NCR Urban,2026-08-13T17:45:00+00:00,36.07,993.37,49.39,23.81,5.63,False,NORMAL,NONE
AWS-01,Delhi NCR Urban,2026-08-13T18:00:00+00:00,36.23,992.88,48.15,23.53,5.25,False,NORMAL,NONE
AWS-01,Delhi NCR Urban,2026-08-13T18:15:00+00:00,35.04,993.77,49.54,22.91,3.99,False,NORMAL,NONE
AWS-01,Delhi NCR Urban,2026-08-13T18:30:00+00:00,35.07,993.86,52.89,24.03,1.03,False,NORMAL,NONE
AWS-01,Delhi NCR Urban,2026-08-13T18:45:00+00:00,34.77,993.75,50.82,23.09,5.0,False,NORMAL,NONE
AWS-01,Delhi NCR Urban,2026-08-13T19:00:00+00:00,34.22,993.94,52.81,23.21,5.21,False,NORMAL,NONE
AWS-01,Delhi NCR Urban,2026-08-13T19:15:00+00:00,33.67,994.22,51.58,22.32,5.63,False,NORMAL,NONE
AWS-01,Delhi NCR Urban,2026-08-13T19:30:00+00:00,20.0,994.31,100.0,23.5,6.44,True,ANOMALY,CROSS_SENSOR_INCONSISTENCY
AWS-01,Delhi NCR Urban,2026-08-13T19:45:00+00:00,31.98,994.61,55.35,21.91,5.01,False,NORMAL,NONE
AWS-01,Delhi NCR Urban,2026-08-13T20:00:00+00:00,32.32,994.08,55.28,22.22,0.62,False,NORMAL,NONE
AWS-01,Delhi NCR Urban,2026-08-13T20:15:00+00:00,31.34,994.2,54.1,20.95,6.84,True,ANOMALY,FROZEN_SENSOR
AWS-01,Delhi NCR Urban,2026-08-13T20:30:00+00:00,31.34,994.77,53.84,20.87,2.5,True,ANOMALY,FROZEN_SENSOR
AWS-01,Delhi NCR Urban,2026-08-13T20:45:00+00:00,31.34,995.09,57.5,21.94,4.6,True,ANOMALY,FROZEN_SENSOR
AWS-01,Delhi NCR Urban,2026-08-13T21:00:00+00:00,31.34,995.29,56.09,21.54,6.29,True,ANOMALY,FROZEN_SENSOR
AWS-01,Delhi NCR Urban,2026-08-13T21:15:00+00:00,31.34,995.41,59.32,22.45,4.41,True,ANOMALY,FROZEN_SENSOR
AWS-01,Delhi NCR Urban,2026-08-13T21:30:00+00:00,31.34,995.63,60.15,22.68,6.11,True,ANOMALY,FROZEN_SENSOR
AWS-01,Delhi NCR Urban,2026-08-13T21:45:00+00:00,31.34,995.11,100.0,31.34,5.52,True,ANOMALY,FROZEN_SENSOR
AWS-01,Delhi NCR Urban,2026-08-13T22:00:00+00:00,31.34,995.41,59.5,22.51,5.14,True,ANOMALY,FROZEN_SENSOR
AWS-01,Delhi NCR Urban,2026-08-13T22:15:00+00:00,27.09,995.49,62.0,19.19,4.73,False,NORMAL,NONE
AWS-01,Delhi NCR Urban,2026-08-13T22:30:00+00:00,27.24,995.24,61.23,19.12,5.13,False,NORMAL,NONE
AWS-01,Delhi NCR Urban,2026-08-13T22:45:00+00:00,26.74,994.97,64.16,19.41,4.22,False,NORMAL,NONE
AWS-01,Delhi NCR Urban,2026-08-13T23:00:00+00:00,26.06,994.4,65.08,18.99,4.76,False,NORMAL,NONE
AWS-01,Delhi NCR Urban,2026-08-13T23:15:00+00:00,25.37,994.48,64.35,18.15,2.11,False,NORMAL,NONE
AWS-01,Delhi NCR Urban,2026-08-13T23:30:00+00:00,25.98,994.96,65.55,19.03,2.87,False,NORMAL,NONE
AWS-01,Delhi NCR Urban,2026-08-13T23:45:00+00:00,25.77,994.53,66.11,18.97,5.22,False,NORMAL,NONE
AWS-01,Delhi NCR Urban,2026-08-14T00:00:00+00:00,25.86,994.96,67.79,19.45,6.11,False,NORMAL,NONE
AWS-01,Delhi NCR Urban,2026-08-14T00:15:00+00:00,24.33,994.55,68.05,18.06,3.17,False,NORMAL,NONE
AWS-02,Jaisalmer Desert,2026-08-01T00:00:00+00:00,25.83,988.0,40.82,11.51,4.9,False,NORMAL,NONE
AWS-02,Jaisalmer Desert,2026-08-01T00:15:00+00:00,25.14,988.37,40.39,10.74,4.09,False,NORMAL,NONE
AWS-02,Jaisalmer Desert,2026-08-01T00:30:00+00:00,20.0,988.33,100.0,23.5,5.33,True,ANOMALY,CROSS_SENSOR_INCONSISTENCY
AWS-02,Jaisalmer Desert,2026-08-01T00:45:00+00:00,24.98,987.71,41.05,10.84,3.9,False,NORMAL,NONE
AWS-02,Jaisalmer Desert,2026-08-01T01:00:00+00:00,24.18,988.03,40.79,10.02,5.43,False,NORMAL,NONE
AWS-02,Jaisalmer Desert,2026-08-01T01:15:00+00:00,24.36,987.18,43.26,11.07,2.69,False,NORMAL,NONE
AWS-02,Jaisalmer Desert,2026-08-01T01:30:00+00:00,23.93,987.88,42.09,10.26,7.49,False,NORMAL,NONE
AWS-02,Jaisalmer Desert,2026-08-01T01:45:00+00:00,24.27,987.83,43.27,10.99,5.57,False,NORMAL,NONE
AWS-02,Jaisalmer Desert,2026-08-01T02:00:00+00:00,23.94,987.37,41.91,10.22,1.57,False,NORMAL,NONE
AWS-02,Jaisalmer Desert,2026-08-01T02:15:00+00:00,22.84,987.29,41.25,8.99,4.04,False,NORMAL,NONE
AWS-02,Jaisalmer Desert,2026-08-01T02:30:00+00:00,23.56,986.76,41.29,9.65,4.4,False,NORMAL,NONE
AWS-02,Jaisalmer Desert,2026-08-01T02:45:00+00:00,20.0,987.24,100.0,23.5,4.12,True,ANOMALY,CROSS_SENSOR_INCONSISTENCY
AWS-02,Jaisalmer Desert,2026-08-01T03:00:00+00:00,25.83,986.98,42.79,12.23,1.99,False,NORMAL,NONE
AWS-02,Jaisalmer Desert,2026-08-01T03:15:00+00:00,24.53,987.45,41.8,10.7,5.95,False,NORMAL,NONE
AWS-02,Jaisalmer Desert,2026-08-01T03:30:00+00:00,25.29,986.7,40.97,11.09,3.43,False,NORMAL,NONE
AWS-02,Jaisalmer Desert,2026-08-01T03:45:00+00:00,25.15,986.33,41.33,11.1,5.53,False,NORMAL,NONE
AWS-02,Jaisalmer Desert,2026-08-01T04:00:00+00:00,25.94,986.93,40.13,11.35,3.97,False,NORMAL,NONE
AWS-02,Jaisalmer Desert,2026-08-01T04:15:00+00:00,25.83,986.42,42.07,11.97,5.02,False,NORMAL,NONE
AWS-02,Jaisalmer Desert,2026-08-01T04:30:00+00:00,27.8,987.16,39.55,12.79,3.3,False,NORMAL,NONE
AWS-02,Jaisalmer Desert,2026-08-01T04:45:00+00:00,27.52,987.68,38.71,12.22,1.82,False,NORMAL,NONE
AWS-02,Jaisalmer Desert,2026-08-01T05:00:00+00:00,27.54,987.02,35.64,10.98,4.05,False,NORMAL,NONE
AWS-02,Jaisalmer Desert,2026-08-01T05:15:00+00:00,28.09,986.95,34.9,11.16,2.99,False,NORMAL,NONE
AWS-02,Jaisalmer Desert,2026-08-01T05:30:00+00:00,29.27,986.93,33.6,11.61,3.0,False,NORMAL,NONE
AWS-02,Jaisalmer Desert,2026-08-01T05:45:00+00:00,30.19,986.97,33.35,12.3,3.95,False,NORMAL,NONE
AWS-02,Jaisalmer Desert,2026-08-01T06:00:00+00:00,30.67,987.6,30.52,11.38,4.03,False,NORMAL,NONE
AWS-02,Jaisalmer Desert,2026-08-01T06:15:00+00:00,30.68,986.6,28.72,10.47,5.31,False,NORMAL,NONE
AWS-02,Jaisalmer Desert,2026-08-01T06:30:00+00:00,31.6,987.25,27.87,10.81,1.31,False,NORMAL,NONE
AWS-02,Jaisalmer Desert,2026-08-01T06:45:00+00:00,33.08,988.53,29.9,13.15,4.92,False,NORMAL,NONE
AWS-02,Jaisalmer Desert,2026-08-01T07:00:00+00:00,33.81,987.98,26.76,12.07,2.98,False,NORMAL,NONE
AWS-02,Jaisalmer Desert,2026-08-01T07:15:00+00:00,34.7,988.95,26.68,12.78,4.5,False,NORMAL,NONE
AWS-02,Jaisalmer Desert,2026-08-01T07:30:00+00:00,34.81,987.95,24.49,11.58,5.9,False,NORMAL,NONE
AWS-02,Jaisalmer Desert,2026-08-01T07:45:00+00:00,36.15,988.88,22.24,11.24,4.61,False,NORMAL,NONE
AWS-02,Jaisalmer Desert,2026-08-01T08:00:00+00:00,36.81,988.64,23.84,12.84,0.76,False,NORMAL,NONE
AWS-02,Jaisalmer Desert,2026-08-01T08:15:00+00:00,37.38,988.48,22.88,12.69,4.33,False,NORMAL,NONE
AWS-02,Jaisalmer Desert,2026-08-01T08:30:00+00:00,39.18,988.32,17.73,10.3,4.28,False,NORMAL,NONE
AWS-02,Jaisalmer Desert,2026-08-01T08:45:00+00:00,39.52,989.39,16.87,9.83,3.94,False,NORMAL,NONE
AWS-02,Jaisalmer Desert,2026-08-01T09:00:00+00:00,40.11,988.31,16.52,9.99,4.8,False,NORMAL,NONE
AWS-02,Jaisalmer Desert,2026-08-01T09:15:00+00:00,41.34,989.39,15.29,9.82,8.7,False,NORMAL,NONE
AWS-02,Jaisalmer Desert,2026-08-01T09:30:00+00:00,41.93,989.05,14.34,9.32,2.67,False,NORMAL,NONE
AWS-02,Jaisalmer Desert,2026-08-01T09:45:00+00:00,42.79,1010.84,11.93,7.28,3.15,True,ANOMALY,SPIKE
AWS-02,Jaisalmer Desert,2026-08-01T10:00:00+00:00,44.12,989.02,13.06,9.63,3.8,False,NORMAL,NONE
AWS-02,Jaisalmer Desert,2026-08-01T10:15:00+00:00,44.36,989.33,11.6,8.07,5.85,True,ANOMALY,FROZEN_SENSOR
AWS-02,Jaisalmer Desert,2026-08-01T10:30:00+00:00,44.36,991.39,38.0,26.84,5.06,True,ANOMALY,FROZEN_SENSOR
AWS-02,Jaisalmer Desert,2026-08-01T10:45:00+00:00,44.36,989.07,10.0,5.9,4.19,True,ANOMALY,FROZEN_SENSOR
AWS-02,Jaisalmer Desert,2026-08-01T11:00:00+00:00,44.36,989.17,10.0,5.9,2.44,True,ANOMALY,FROZEN_SENSOR
AWS-02,Jaisalmer Desert,2026-08-01T11:15:00+00:00,47.1,988.93,10.0,7.95,5.21,True,ANOMALY,FROZEN_SENSOR
AWS-02,Jaisalmer Desert,2026-08-01T11:30:00+00:00,47.1,988.88,10.0,7.95,2.03,True,ANOMALY,FROZEN_SENSOR
AWS-02,Jaisalmer Desert,2026-08-01T11:45:00+00:00,47.1,988.58,10.0,7.95,4.22,True,ANOMALY,FROZEN_SENSOR
AWS-02,Jaisalmer Desert,2026-08-01T12:00:00+00:00,47.1,988.67,10.0,7.95,2.72,True,ANOMALY,FROZEN_SENSOR
AWS-02,Jaisalmer Desert,2026-08-01T12:15:00+00:00,47.1,988.4,10.0,7.95,0.5,True,ANOMALY,FROZEN_SENSOR
AWS-02,Jaisalmer Desert,2026-08-01T12:30:00+00:00,47.1,988.45,10.0,7.95,4.45,True,ANOMALY,FROZEN_SENSOR
AWS-02,Jaisalmer Desert,2026-08-01T12:45:00+00:00,47.1,988.63,10.0,7.95,4.39,True,ANOMALY,FROZEN_SENSOR
AWS-02,Jaisalmer Desert,2026-08-01T13:00:00+00:00,47.1,988.03,10.0,7.95,1.02,True,ANOMALY,FROZEN_SENSOR
AWS-02,Jaisalmer Desert,2026-08-01T13:15:00+00:00,49.73,987.53,10.0,9.92,7.53,False,NORMAL,NONE
AWS-02,Jaisalmer Desert,2026-08-01T13:30:00+00:00,49.55,987.47,10.0,9.79,3.52,False,NORMAL,NONE
AWS-02,Jaisalmer Desert,2026-08-01T13:45:00+00:00,50.09,987.11,10.0,10.19,1.41,False,NORMAL,NONE
AWS-02,Jaisalmer Desert,2026-08-01T14:00:00+00:00,50.48,987.07,10.0,10.48,2.47,False,NORMAL,NONE
AWS-02,Jaisalmer Desert,2026-08-01T14:15:00+00:00,50.3,987.37,10.0,10.34,2.62,False,NORMAL,NONE
AWS-02,Jaisalmer Desert,2026-08-01T14:30:00+00:00,49.69,987.15,10.0,9.89,3.59,False,NORMAL,NONE
AWS-02,Jaisalmer Desert,2026-08-01T14:45:00+00:00,49.56,986.52,10.0,9.79,0.5,False,NORMAL,NONE
AWS-02,Jaisalmer Desert,2026-08-01T15:00:00+00:00,73.4,986.99,10.0,27.4,4.14,True,ANOMALY,SPIKE
AWS-02,Jaisalmer Desert,2026-08-01T15:15:00+00:00,49.08,986.89,10.0,9.43,4.46,False,NORMAL,NONE
AWS-02,Jaisalmer Desert,2026-08-01T15:30:00+00:00,49.46,986.88,10.0,9.72,3.33,False,NORMAL,NONE
AWS-02,Jaisalmer Desert,2026-08-01T15:45:00+00:00,48.67,986.9,10.0,9.13,4.4,False,NORMAL,NONE
AWS-02,Jaisalmer Desert,2026-08-01T16:00:00+00:00,48.3,986.37,10.0,8.85,7.44,False,NORMAL,NONE
AWS-02,Jaisalmer Desert,2026-08-01T16:15:00+00:00,47.26,987.11,10.0,8.08,3.52,False,NORMAL,NONE
AWS-02,Jaisalmer Desert,2026-08-01T16:30:00+00:00,46.89,986.52,10.0,7.79,3.78,False,NORMAL,NONE
AWS-02,Jaisalmer Desert,2026-08-01T16:45:00+00:00,46.75,987.1,10.0,7.69,4.34,False,NORMAL,NONE
AWS-02,Jaisalmer Desert,2026-08-01T17:00:00+00:00,46.4,986.96,10.0,7.43,4.23,False,NORMAL,NONE
AWS-02,Jaisalmer Desert,2026-08-01T17:15:00+00:00,45.11,987.3,10.0,6.46,7.05,False,NORMAL,NONE
AWS-02,Jaisalmer Desert,2026-08-01T17:30:00+00:00,44.72,987.17,10.0,6.17,2.76,False,NORMAL,NONE
AWS-02,Jaisalmer Desert,2026-08-01T17:45:00+00:00,44.71,987.68,10.0,6.16,5.08,False,NORMAL,NONE
AWS-02,Jaisalmer Desert,2026-08-01T18:00:00+00:00,42.8,987.63,11.58,6.85,0.5,False,NORMAL,NONE
AWS-02,Jaisalmer Desert,2026-08-01T18:15:00+00:00,42.26,1009.81,13.88,9.11,3.09,True,ANOMALY,SPIKE
AWS-02,Jaisalmer Desert,2026-08-01T18:30:00+00:00,41.56,987.48,14.37,9.06,4.82,False,NORMAL,NONE
AWS-02,Jaisalmer Desert,2026-08-01T18:45:00+00:00,40.88,988.01,15.8,9.94,2.75,False,NORMAL,NONE
AWS-02,Jaisalmer Desert,2026-08-01T19:00:00+00:00,41.12,987.67,15.68,10.02,3.86,False,NORMAL,NONE
AWS-02,Jaisalmer Desert,2026-08-01T19:15:00+00:00,39.99,988.31,18.06,11.24,1.13,False,NORMAL,NONE
AWS-02,Jaisalmer Desert,2026-08-01T19:30:00+00:00,38.97,988.3,18.8,11.01,6.94,False,NORMAL,NONE
AWS-02,Jaisalmer Desert,2026-08-01T19:45:00+00:00,38.32,988.59,19.56,11.08,4.25,False,NORMAL,NONE
AWS-02,Jaisalmer Desert,2026-08-01T20:00:00+00:00,36.86,988.31,20.76,10.78,2.91,False,NORMAL,NONE
AWS-02,Jaisalmer Desert,2026-08-01T20:15:00+00:00,36.01,988.3,22.56,11.34,3.64,False,NORMAL,NONE
AWS-02,Jaisalmer Desert,2026-08-01T20:30:00+00:00,35.33,988.83,23.16,11.16,5.98,False,NORMAL,NONE
AWS-02,Jaisalmer Desert,2026-08-01T20:45:00+00:00,35.02,989.02,25.47,12.35,4.0,False,NORMAL,NONE
AWS-02,Jaisalmer Desert,2026-08-01T21:00:00+00:00,33.4,989.06,28.0,12.41,5.27,False,NORMAL,NONE
AWS-02,Jaisalmer Desert,2026-08-01T21:15:00+00:00,32.64,989.42,29.98,12.81,6.26,False,NORMAL,NONE
AWS-02,Jaisalmer Desert,2026-08-01T21:30:00+00:00,31.88,989.45,30.76,12.54,3.48,False,NORMAL,NONE
AWS-02,Jaisalmer Desert,2026-08-01T21:45:00+00:00,31.08,989.04,34.52,13.62,3.19,False,NORMAL,NONE
AWS-02,Jaisalmer Desert,2026-08-01T22:00:00+00:00,30.56,989.21,32.73,12.34,5.7,False,NORMAL,NONE
AWS-02,Jaisalmer Desert,2026-08-01T22:15:00+00:00,29.54,989.42,34.33,12.17,5.66,False,NORMAL,NONE
AWS-02,Jaisalmer Desert,2026-08-01T22:30:00+00:00,28.55,988.87,33.13,10.77,4.85,False,NORMAL,NONE
AWS-02,Jaisalmer Desert,2026-08-01T22:45:00+00:00,27.44,989.35,37.95,11.84,5.46,False,NORMAL,NONE
AWS-02,Jaisalmer Desert,2026-08-01T23:00:00+00:00,27.84,988.84,36.5,11.61,4.3,False,NORMAL,NONE
AWS-02,Jaisalmer Desert,2026-08-01T23:15:00+00:00,26.63,989.1,38.2,11.22,1.46,False,NORMAL,NONE
AWS-02,Jaisalmer Desert,2026-08-01T23:30:00+00:00,26.89,988.68,38.08,11.41,3.26,False,NORMAL,NONE
AWS-02,Jaisalmer Desert,2026-08-01T23:45:00+00:00,25.9,989.06,40.68,11.52,3.32,False,NORMAL,NONE
AWS-02,Jaisalmer Desert,2026-08-02T00:00:00+00:00,26.63,988.01,40.86,12.25,6.28,False,NORMAL,NONE
AWS-02,Jaisalmer Desert,2026-08-02T00:15:00+00:00,25.62,988.65,40.2,11.09,7.35,False,NORMAL,NONE
AWS-02,Jaisalmer Desert,2026-08-02T00:30:00+00:00,24.34,988.44,40.65,10.11,7.44,True,ANOMALY,FROZEN_SENSOR
AWS-02,Jaisalmer Desert,2026-08-02T00:45:00+00:00,24.34,987.61,43.28,11.05,1.34,True,ANOMALY,FROZEN_SENSOR
AWS-02,Jaisalmer Desert,2026-08-02T01:00:00+00:00,24.34,988.14,40.19,9.95,4.12,True,ANOMALY,FROZEN_SENSOR
AWS-02,Jaisalmer Desert,2026-08-02T01:15:00+00:00,24.34,987.85,42.87,10.91,2.47,True,ANOMALY,FROZEN_SENSOR
AWS-02,Jaisalmer Desert,2026-08-02T01:30:00+00:00,24.34,987.7,42.54,10.8,6.46,True,ANOMALY,FROZEN_SENSOR
AWS-02,Jaisalmer Desert,2026-08-02T01:45:00+00:00,24.34,987.86,41.97,10.59,6.32,True,ANOMALY,FROZEN_SENSOR
AWS-02,Jaisalmer Desert,2026-08-02T02:00:00+00:00,24.34,987.54,41.11,10.28,5.17,True,ANOMALY,FROZEN_SENSOR
AWS-02,Jaisalmer Desert,2026-08-02T02:15:00+00:00,24.34,987.1,42.15,10.66,4.73,True,ANOMALY,FROZEN_SENSOR
AWS-02,Jaisalmer Desert,2026-08-02T02:30:00+00:00,24.07,986.77,42.91,10.69,2.17,False,NORMAL,NONE
AWS-02,Jaisalmer Desert,2026-08-02T02:45:00+00:00,9.3,986.42,42.51,-2.8,2.07,True,ANOMALY,SPIKE
AWS-02,Jaisalmer Desert,2026-08-02T03:00:00+00:00,25.16,986.93,43.12,11.74,6.78,False,NORMAL,NONE
AWS-02,Jaisalmer Desert,2026-08-02T03:15:00+00:00,24.43,987.14,42.74,10.95,2.26,False,NORMAL,NONE
AWS-02,Jaisalmer Desert,2026-08-02T03:30:00+00:00,25.19,986.56,38.56,10.09,3.35,False,NORMAL,NONE
AWS-02,Jaisalmer Desert,2026-08-02T03:45:00+00:00,20.0,986.47,100.0,23.5,4.16,True,ANOMALY,CROSS_SENSOR_INCONSISTENCY
AWS-02,Jaisalmer Desert,2026-08-02T04:00:00+00:00,25.44,986.74,40.37,10.99,3.21,False,NORMAL,NONE
AWS-02,Jaisalmer Desert,2026-08-02T04:15:00+00:00,26.76,986.34,38.18,11.33,5.51,False,NORMAL,NONE
AWS-02,Jaisalmer Desert,2026-08-02T04:30:00+00:00,26.17,986.45,39.55,11.34,3.97,True,ANOMALY,FROZEN_SENSOR
AWS-02,Jaisalmer Desert,2026-08-02T04:45:00+00:00,26.17,986.83,38.89,11.09,2.54,True,ANOMALY,FROZEN_SENSOR
AWS-02,Jaisalmer Desert,2026-08-02T05:00:00+00:00,26.17,987.69,33.97,9.07,4.95,True,ANOMALY,FROZEN_SENSOR
AWS-02,Jaisalmer Desert,2026-08-02T05:15:00+00:00,26.17,986.9,35.36,9.66,6.01,True,ANOMALY,FROZEN_SENSOR
AWS-02,Jaisalmer Desert,2026-08-02T05:30:00+00:00,26.17,987.48,34.43,9.27,6.57,True,ANOMALY,FROZEN_SENSOR
AWS-02,Jaisalmer Desert,2026-08-02T05:45:00+00:00,26.17,987.18,34.72,9.39,2.84,True,ANOMALY,FROZEN_SENSOR
AWS-02,Jaisalmer Desert,2026-08-02T06:00:00+00:00,26.17,986.85,31.02,7.73,3.41,True,ANOMALY,FROZEN_SENSOR
AWS-02,Jaisalmer Desert,2026-08-02T06:15:00+00:00,26.17,988.34,31.69,8.04,3.47,True,ANOMALY,FROZEN_SENSOR
AWS-02,Jaisalmer Desert,2026-08-02T06:30:00+00:00,32.03,987.78,29.64,12.11,4.57,False,NORMAL,NONE
AWS-02,Jaisalmer Desert,2026-08-02T06:45:00+00:00,33.16,988.02,26.86,11.58,2.28,False,NORMAL,NONE
AWS-02,Jaisalmer Desert,2026-08-02T07:00:00+00:00,33.28,988.12,29.62,13.17,2.97,False,NORMAL,NONE
AWS-02,Jaisalmer Desert,2026-08-02T07:15:00+00:00,34.34,987.7,24.94,11.46,2.25,False,NORMAL,NONE
AWS-02,Jaisalmer Desert,2026-08-02T07:30:00+00:00,35.18,988.65,25.27,12.37,5.5,False,NORMAL,NONE
AWS-02,Jaisalmer Desert,2026-08-02T07:45:00+00:00,35.53,988.56,21.61,10.29,2.56,False,NORMAL,NONE
AWS-02,Jaisalmer Desert,2026-08-02T08:00:00+00:00,37.12,988.92,21.72,11.68,3.39,False,NORMAL,NONE
AWS-02,Jaisalmer Desert,2026-08-02T08:15:00+00:00,37.35,988.54,20.34,10.88,4.29,False,NORMAL,NONE
AWS-02,Jaisalmer Desert,2026-08-02T08:30:00+00:00,38.16,988.94,18.39,10.03,2.3,False,NORMAL,NONE
AWS-02,Jaisalmer Desert,2026-08-02T08:45:00+00:00,39.6,988.33,17.72,10.63,6.67,False,NORMAL,NONE
AWS-02,Jaisalmer Desert,2026-08-02T09:00:00+00:00,40.38,989.37,17.77,11.31,2.78,False,NORMAL,NONE
AWS-02,Jaisalmer Desert,2026-08-02T09:15:00+00:00,40.41,989.47,17.26,10.89,6.49,False,NORMAL,NONE
AWS-02,Jaisalmer Desert,2026-08-02T09:30:00+00:00,42.33,989.14,16.19,11.46,3.75,True,ANOMALY,SENSOR_DRIFT
AWS-02,Jaisalmer Desert,2026-08-02T09:45:00+00:00,42.32,988.89,12.76,7.91,5.01,False,NORMAL,NONE
AWS-02,Jaisalmer Desert,2026-08-02T10:00:00+00:00,43.74,989.59,11.96,8.05,5.04,False,NORMAL,NONE
AWS-02,Jaisalmer Desert,2026-08-02T10:15:00+00:00,44.38,988.64,11.42,7.85,1.99,False,NORMAL,NONE
AWS-02,Jaisalmer Desert,2026-08-02T10:30:00+00:00,44.24,989.03,10.0,5.81,1.57,False,NORMAL,NONE
AWS-02,Jaisalmer Desert,2026-08-02T10:45:00+00:00,30.36,989.04,10.0,-4.67,7.0,True,ANOMALY,SPIKE
AWS-02,Jaisalmer Desert,2026-08-02T11:00:00+00:00,45.98,988.91,10.0,7.12,4.13,False,NORMAL,NONE
AWS-02,Jaisalmer Desert,2026-08-02T11:15:00+00:00,47.21,989.15,10.0,8.04,1.14,False,NORMAL,NONE
AWS-02,Jaisalmer Desert,2026-08-02T11:30:00+00:00,47.98,988.75,10.0,8.62,4.9,False,NORMAL,NONE
AWS-02,Jaisalmer Desert,2026-08-02T11:45:00+00:00,47.88,988.24,10.0,8.54,3.52,False,NORMAL,NONE
AWS-02,Jaisalmer Desert,2026-08-02T12:00:00+00:00,48.45,988.75,10.0,8.96,2.51,False,NORMAL,NONE
AWS-02,Jaisalmer Desert,2026-08-02T12:15:00+00:00,48.6,988.45,10.0,9.07,4.04,False,NORMAL,NONE
AWS-02,Jaisalmer Desert,2026-08-02T12:30:00+00:00,48.99,988.06,10.0,9.37,3.27,False,NORMAL,NONE
AWS-02,Jaisalmer Desert,2026-08-02T12:45:00+00:00,49.68,988.09,10.0,9.89,4.63,False,NORMAL,NONE
AWS-02,Jaisalmer Desert,2026-08-02T13:00:00+00:00,49.77,987.87,10.0,9.95,3.15,False,NORMAL,NONE
AWS-02,Jaisalmer Desert,2026-08-02T13:15:00+00:00,49.32,988.2,10.0,9.61,1.11,False,NORMAL,NONE
AWS-02,Jaisalmer Desert,2026-08-02T13:30:00+00:00,49.51,987.37,10.0,9.75,5.55,False,NORMAL,NONE
AWS-02,Jaisalmer Desert,2026-08-02T13:45:00+00:00,49.98,987.06,10.0,10.11,4.41,False,NORMAL,NONE
AWS-02,Jaisalmer Desert,2026-08-02T14:00:00+00:00,50.26,987.51,10.0,10.32,1.12,False,NORMAL,NONE
AWS-02,Jaisalmer Desert,2026-08-02T14:15:00+00:00,68.44,987.55,10.0,23.77,4.3,True,ANOMALY,SPIKE
AWS-02,Jaisalmer Desert,2026-08-02T14:30:00+00:00,50.08,986.97,10.0,10.18,2.59,False,NORMAL,NONE
AWS-02,Jaisalmer Desert,2026-08-02T14:45:00+00:00,50.25,987.16,10.0,10.31,2.56,False,NORMAL,NONE
AWS-02,Jaisalmer Desert,2026-08-02T15:00:00+00:00,50.25,986.89,10.0,10.31,3.22,False,NORMAL,NONE
AWS-02,Jaisalmer Desert,2026-08-02T15:15:00+00:00,48.66,986.88,10.0,9.12,4.65,False,NORMAL,NONE
AWS-02,Jaisalmer Desert,2026-08-02T15:30:00+00:00,48.95,987.41,10.0,9.34,3.86,False,NORMAL,NONE
AWS-02,Jaisalmer Desert,2026-08-02T15:45:00+00:00,48.4,987.13,10.0,8.92,0.5,False,NORMAL,NONE
AWS-02,Jaisalmer Desert,2026-08-02T16:00:00+00:00,48.54,987.33,10.0,9.03,2.42,False,NORMAL,NONE
AWS-02,Jaisalmer Desert,2026-08-02T16:15:00+00:00,47.9,986.73,10.0,8.55,1.51,False,NORMAL,NONE
AWS-02,Jaisalmer Desert,2026-08-02T16:30:00+00:00,47.47,986.97,10.0,8.23,4.04,False,NORMAL,NONE
AWS-02,Jaisalmer Desert,2026-08-02T16:45:00+00:00,46.64,987.28,10.0,7.61,6.57,False,NORMAL,NONE
AWS-02,Jaisalmer Desert,2026-08-02T17:00:00+00:00,45.89,986.85,10.0,7.05,5.76,False,NORMAL,NONE
AWS-02,Jaisalmer Desert,2026-08-02T17:15:00+00:00,45.21,987.07,10.0,6.54,1.65,False,NORMAL,NONE
AWS-02,Jaisalmer Desert,2026-08-02T17:30:00+00:00,44.41,987.46,10.0,5.94,7.01,False,NORMAL,NONE
AWS-02,Jaisalmer Desert,2026-08-02T17:45:00+00:00,44.36,987.03,10.0,5.9,2.15,False,NORMAL,NONE
AWS-02,Jaisalmer Desert,2026-08-02T18:00:00+00:00,44.03,987.4,11.35,7.5,1.36,False,NORMAL,NONE
AWS-02,Jaisalmer Desert,2026-08-02T18:15:00+00:00,43.12,987.3,12.19,7.84,2.99,False,NORMAL,NONE
AWS-02,Jaisalmer Desert,2026-08-02T18:30:00+00:00,41.69,987.15,15.07,9.87,5.36,False,NORMAL,NONE
AWS-02,Jaisalmer Desert,2026-08-02T18:45:00+00:00,40.82,987.61,15.81,9.9,5.75,False,NORMAL,NONE
AWS-02,Jaisalmer Desert,2026-08-02T19:00:00+00:00,40.3,987.94,15.57,9.26,2.2,False,NORMAL,NONE
AWS-02,Jaisalmer Desert,2026-08-02T19:15:00+00:00,39.79,987.73,16.98,10.15,1.79,False,NORMAL,NONE
AWS-02,Jaisalmer Desert,2026-08-02T19:30:00+00:00,38.91,987.54,19.32,11.38,3.74,False,NORMAL,NONE
AWS-02,Jaisalmer Desert,2026-08-02T19:45:00+00:00,20.0,988.56,100.0,23.5,4.38,True,ANOMALY,CROSS_SENSOR_INCONSISTENCY
AWS-02,Jaisalmer Desert,2026-08-02T20:00:00+00:00,36.26,988.44,21.39,10.74,4.48,False,NORMAL,NONE
AWS-02,Jaisalmer Desert,2026-08-02T20:15:00+00:00,36.28,989.25,23.56,12.22,2.63,False,NORMAL,NONE
AWS-02,Jaisalmer Desert,2026-08-02T20:30:00+00:00,35.2,988.86,25.44,12.48,5.91,False,NORMAL,NONE
AWS-02,Jaisalmer Desert,2026-08-02T20:45:00+00:00,34.52,988.83,23.81,10.91,4.35,False,NORMAL,NONE
AWS-02,Jaisalmer Desert,2026-08-02T21:00:00+00:00,33.41,988.81,27.77,12.3,3.76,False,NORMAL,NONE
AWS-02,Jaisalmer Desert,2026-08-02T21:15:00+00:00,32.29,989.16,27.18,11.02,1.61,False,NORMAL,NONE
AWS-02,Jaisalmer Desert,2026-08-02T21:30:00+00:00,31.41,989.14,31.57,12.53,1.18,False,NORMAL,NONE
AWS-02,Jaisalmer Desert,2026-08-02T21:45:00+00:00,31.65,989.4,31.72,12.82,4.69,False,NORMAL,NONE
AWS-02,Jaisalmer Desert,2026-08-02T22:00:00+00:00,29.88,989.75,32.56,11.67,3.36,False,NORMAL,NONE
AWS-02,Jaisalmer Desert,2026-08-02T22:15:00+00:00,30.01,989.17,34.27,12.56,2.61,False,NORMAL,NONE
AWS-02,Jaisalmer Desert,2026-08-02T22:30:00+00:00,29.36,989.07,34.42,12.06,3.13,False,NORMAL,NONE
AWS-02,Jaisalmer Desert,2026-08-02T22:45:00+00:00,12.64,988.92,38.22,-1.24,3.58,True,ANOMALY,SPIKE
AWS-02,Jaisalmer Desert,2026-08-02T23:00:00+00:00,20.0,989.21,100.0,23.5,2.14,True,ANOMALY,CROSS_SENSOR_INCONSISTENCY
AWS-02,Jaisalmer Desert,2026-08-02T23:15:00+00:00,27.63,988.99,39.06,12.45,1.34,False,NORMAL,NONE
AWS-02,Jaisalmer Desert,2026-08-02T23:30:00+00:00,26.48,988.58,40.51,11.98,5.94,False,NORMAL,NONE
AWS-02,Jaisalmer Desert,2026-08-02T23:45:00+00:00,25.84,988.84,40.11,11.26,1.72,False,NORMAL,NONE
AWS-02,Jaisalmer Desert,2026-08-03T00:00:00+00:00,25.18,988.64,40.2,10.71,3.59,False,NORMAL,NONE
AWS-02,Jaisalmer Desert,2026-08-03T00:15:00+00:00,25.22,987.92,42.02,11.41,3.76,False,NORMAL,NONE
AWS-02,Jaisalmer Desert,2026-08-03T00:30:00+00:00,9.98,988.62,40.7,-2.78,3.77,True,ANOMALY,SPIKE
AWS-02,Jaisalmer Desert,2026-08-03T00:45:00+00:00,24.92,987.89,42.71,11.38,6.45,False,NORMAL,NONE
AWS-02,Jaisalmer Desert,2026-08-03T01:00:00+00:00,24.24,988.49,41.93,10.49,5.97,False,NORMAL,NONE
AWS-02,Jaisalmer Desert,2026-08-03T01:15:00+00:00,20.0,987.24,100.0,23.5,3.85,True,ANOMALY,CROSS_SENSOR_INCONSISTENCY
AWS-02,Jaisalmer Desert,2026-08-03T01:30:00+00:00,24.16,987.8,42.62,10.66,5.04,False,NORMAL,NONE
AWS-02,Jaisalmer Desert,2026-08-03T01:45:00+00:00,23.54,987.46,44.67,10.81,3.63,False,NORMAL,NONE
AWS-02,Jaisalmer Desert,2026-08-03T02:00:00+00:00,23.45,987.64,43.27,10.25,5.81,False,NORMAL,NONE
AWS-02,Jaisalmer Desert,2026-08-03T02:15:00+00:00,24.25,986.76,43.74,11.13,2.74,False,NORMAL,NONE
AWS-02,Jaisalmer Desert,2026-08-03T02:30:00+00:00,24.1,987.46,41.88,10.35,4.44,False,NORMAL,NONE
AWS-02,Jaisalmer Desert,2026-08-03T02:45:00+00:00,24.4,986.71,43.98,11.35,1.24,False,NORMAL,NONE
AWS-02,Jaisalmer Desert,2026-08-03T03:00:00+00:00,24.94,987.02,39.6,10.26,3.38,False,NORMAL,NONE
AWS-02,Jaisalmer Desert,2026-08-03T03:15:00+00:00,25.22,986.67,40.61,10.89,2.91,False,NORMAL,NONE
AWS-02,Jaisalmer Desert,2026-08-03T03:30:00+00:00,25.67,986.94,39.27,10.78,3.59,False,NORMAL,NONE
AWS-02,Jaisalmer Desert,2026-08-03T03:45:00+00:00,25.62,986.5,39.49,10.83,1.42,False,NORMAL,NONE
AWS-02,Jaisalmer Desert,2026-08-03T04:00:00+00:00,20.0,986.33,100.0,23.5,3.48,True,ANOMALY,CROSS_SENSOR_INCONSISTENCY
AWS-02,Jaisalmer Desert,2026-08-03T04:15:00+00:00,11.51,986.43,38.07,-2.31,8.77,True,ANOMALY,SPIKE
AWS-02,Jaisalmer Desert,2026-08-03T04:30:00+00:00,27.06,986.93,39.83,12.24,6.0,False,NORMAL,NONE
AWS-02,Jaisalmer Desert,2026-08-03T04:45:00+00:00,27.42,986.72,36.02,11.04,3.73,False,NORMAL,NONE
AWS-02,Jaisalmer Desert,2026-08-03T05:00:00+00:00,27.9,986.78,37.94,12.25,1.81,False,NORMAL,NONE
AWS-02,Jaisalmer Desert,2026-08-03T05:15:00+00:00,28.33,987.26,35.1,11.45,1.53,False,NORMAL,NONE
AWS-02,Jaisalmer Desert,2026-08-03T05:30:00+00:00,30.22,987.18,36.79,13.83,6.09,False,NORMAL,NONE
AWS-02,Jaisalmer Desert,2026-08-03T05:45:00+00:00,30.49,987.33,34.23,12.96,3.14,False,NORMAL,NONE
AWS-02,Jaisalmer Desert,2026-08-03T06:00:00+00:00,30.98,987.76,34.23,13.39,3.45,False,NORMAL,NONE
AWS-02,Jaisalmer Desert,2026-08-03T06:15:00+00:00,31.34,987.21,30.04,11.72,5.6,False,NORMAL,NONE
AWS-02,Jaisalmer Desert,2026-08-03T06:30:00+00:00,31.85,987.81,30.97,12.62,4.93,False,NORMAL,NONE
AWS-02,Jaisalmer Desert,2026-08-03T06:45:00+00:00,33.05,988.34,28.54,12.4,2.16,False,NORMAL,NONE
AWS-02,Jaisalmer Desert,2026-08-03T07:00:00+00:00,33.78,988.5,26.9,12.13,3.76,False,NORMAL,NONE
AWS-02,Jaisalmer Desert,2026-08-03T07:15:00+00:00,34.63,987.81,26.46,12.6,1.93,False,NORMAL,NONE
AWS-02,Jaisalmer Desert,2026-08-03T07:30:00+00:00,34.72,988.34,22.53,10.24,4.73,False,NORMAL,NONE
AWS-02,Jaisalmer Desert,2026-08-03T07:45:00+00:00,30.63,990.5,52.29,19.74,4.36,False,GENUINE_WEATHER_EVENT,GENUINE_WEATHER_EVENT
AWS-02,Jaisalmer Desert,2026-08-03T08:00:00+00:00,37.01,987.98,22.23,11.94,4.65,False,NORMAL,NONE
AWS-02,Jaisalmer Desert,2026-08-03T08:15:00+00:00,38.3,988.37,21.51,12.51,6.17,False,NORMAL,NONE
AWS-02,Jaisalmer Desert,2026-08-03T08:30:00+00:00,39.28,989.51,20.0,12.2,3.48,False,NORMAL,NONE
AWS-02,Jaisalmer Desert,2026-08-03T08:45:00+00:00,39.07,988.89,18.94,11.21,5.15,False,NORMAL,NONE
AWS-02,Jaisalmer Desert,2026-08-03T09:00:00+00:00,40.07,988.7,17.75,11.04,3.45,False,NORMAL,NONE
AWS-02,Jaisalmer Desert,2026-08-03T09:15:00+00:00,41.15,988.8,14.7,9.08,7.94,False,NORMAL,NONE
AWS-02,Jaisalmer Desert,2026-08-03T09:30:00+00:00,42.0,989.18,13.82,8.83,7.12,False,NORMAL,NONE
AWS-02,Jaisalmer Desert,2026-08-03T09:45:00+00:00,42.85,989.53,11.99,7.4,3.74,False,NORMAL,NONE
AWS-02,Jaisalmer Desert,2026-08-03T10:00:00+00:00,43.62,988.72,11.82,7.77,1.77,False,NORMAL,NONE
AWS-02,Jaisalmer Desert,2026-08-03T10:15:00+00:00,43.64,988.93,11.6,7.52,4.22,True,ANOMALY,SENSOR_DRIFT
AWS-02,Jaisalmer Desert,2026-08-03T10:30:00+00:00,45.19,988.87,10.0,6.52,5.01,False,NORMAL,NONE
AWS-02,Jaisalmer Desert,2026-08-03T10:45:00+00:00,46.01,989.35,10.0,7.14,4.18,False,NORMAL,NONE
AWS-02,Jaisalmer Desert,2026-08-03T11:00:00+00:00,45.94,989.28,10.0,7.09,4.11,False,NORMAL,NONE
AWS-02,Jaisalmer Desert,2026-08-03T11:15:00+00:00,46.74,989.17,10.0,7.68,5.23,False,NORMAL,NONE
AWS-02,Jaisalmer Desert,2026-08-03T11:30:00+00:00,47.28,989.04,10.0,8.09,6.19,False,NORMAL,NONE
AWS-02,Jaisalmer Desert,2026-08-03T11:45:00+00:00,48.65,988.64,10.0,9.11,2.09,False,NORMAL,NONE
AWS-02,Jaisalmer Desert,2026-08-03T12:00:00+00:00,48.93,988.52,10.0,9.32,2.06,False,NORMAL,NONE
AWS-02,Jaisalmer Desert,2026-08-03T12:15:00+00:00,48.7,988.39,10.0,9.15,4.24,False,NORMAL,NONE
AWS-02,Jaisalmer Desert,2026-08-03T12:30:00+00:00,48.07,988.15,10.0,8.68,4.15,False,NORMAL,NONE
AWS-02,Jaisalmer Desert,2026-08-03T12:45:00+00:00,48.96,988.32,10.0,9.34,4.97,False,NORMAL,NONE
AWS-02,Jaisalmer Desert,2026-08-03T13:00:00+00:00,49.2,988.2,10.0,9.52,2.45,False,NORMAL,NONE
AWS-02,Jaisalmer Desert,2026-08-03T13:15:00+00:00,49.84,987.57,10.0,10.01,4.42,False,NORMAL,NONE
AWS-02,Jaisalmer Desert,2026-08-03T13:30:00+00:00,49.85,988.03,10.0,10.01,3.52,False,NORMAL,NONE
AWS-02,Jaisalmer Desert,2026-08-03T13:45:00+00:00,50.14,987.56,10.0,10.23,3.33,False,NORMAL,NONE
AWS-02,Jaisalmer Desert,2026-08-03T14:00:00+00:00,49.81,987.13,10.0,9.98,5.54,False,NORMAL,NONE
AWS-02,Jaisalmer Desert,2026-08-03T14:15:00+00:00,50.45,987.68,10.0,10.46,4.88,False,NORMAL,NONE
AWS-02,Jaisalmer Desert,2026-08-03T14:30:00+00:00,49.69,987.05,10.0,9.89,4.12,False,NORMAL,NONE
AWS-02,Jaisalmer Desert,2026-08-03T14:45:00+00:00,48.59,987.17,10.0,9.07,2.98,False,NORMAL,NONE
AWS-02,Jaisalmer Desert,2026-08-03T15:00:00+00:00,49.74,986.76,10.0,9.93,1.37,False,NORMAL,NONE
AWS-02,Jaisalmer Desert,2026-08-03T15:15:00+00:00,49.53,986.98,10.0,9.77,4.29,False,NORMAL,NONE
AWS-02,Jaisalmer Desert,2026-08-03T15:30:00+00:00,48.01,987.46,10.0,8.64,2.04,False,NORMAL,NONE
AWS-02,Jaisalmer Desert,2026-08-03T15:45:00+00:00,47.96,987.01,10.0,8.59,3.9,False,NORMAL,NONE
AWS-02,Jaisalmer Desert,2026-08-03T16:00:00+00:00,47.63,987.27,10.0,8.35,4.94,False,NORMAL,NONE
AWS-02,Jaisalmer Desert,2026-08-03T16:15:00+00:00,47.24,986.65,10.0,8.06,2.82,False,NORMAL,NONE
AWS-02,Jaisalmer Desert,2026-08-03T16:30:00+00:00,47.75,987.39,10.0,8.44,4.88,False,NORMAL,NONE
AWS-02,Jaisalmer Desert,2026-08-03T16:45:00+00:00,46.29,987.04,10.0,7.35,2.35,False,NORMAL,NONE
AWS-02,Jaisalmer Desert,2026-08-03T17:00:00+00:00,46.25,986.83,10.0,7.32,7.45,False,NORMAL,NONE
AWS-02,Jaisalmer Desert,2026-08-03T17:15:00+00:00,46.32,987.22,10.04,7.42,4.56,False,NORMAL,NONE
AWS-02,Jaisalmer Desert,2026-08-03T17:30:00+00:00,44.6,987.11,10.0,6.08,2.7,False,NORMAL,NONE
AWS-02,Jaisalmer Desert,2026-08-03T17:45:00+00:00,45.16,987.46,10.0,6.5,2.8,False,NORMAL,NONE
AWS-02,Jaisalmer Desert,2026-08-03T18:00:00+00:00,43.79,987.96,13.02,9.33,4.62,False,NORMAL,NONE
AWS-02,Jaisalmer Desert,2026-08-03T18:15:00+00:00,42.58,987.98,14.8,10.3,4.43,False,NORMAL,NONE
AWS-02,Jaisalmer Desert,2026-08-03T18:30:00+00:00,59.51,988.01,14.13,22.77,5.26,True,ANOMALY,SPIKE
AWS-02,Jaisalmer Desert,2026-08-03T18:45:00+00:00,41.33,987.5,14.9,9.43,3.63,False,NORMAL,NONE
AWS-02,Jaisalmer Desert,2026-08-03T19:00:00+00:00,40.76,988.0,14.05,8.1,2.95,False,NORMAL,NONE
AWS-02,Jaisalmer Desert,2026-08-03T19:15:00+00:00,39.68,988.4,19.31,12.0,3.26,False,NORMAL,NONE
AWS-02,Jaisalmer Desert,2026-08-03T19:30:00+00:00,39.08,988.44,20.33,12.29,3.49,False,NORMAL,NONE
AWS-02,Jaisalmer Desert,2026-08-03T19:45:00+00:00,37.77,989.03,21.26,11.89,0.5,False,NORMAL,NONE
AWS-02,Jaisalmer Desert,2026-08-03T20:00:00+00:00,36.39,988.55,22.05,11.31,3.59,False,NORMAL,NONE
AWS-02,Jaisalmer Desert,2026-08-03T20:15:00+00:00,35.52,988.88,25.5,12.79,5.19,False,NORMAL,NONE
AWS-02,Jaisalmer Desert,2026-08-03T20:30:00+00:00,34.84,989.03,24.34,11.51,5.01,False,NORMAL,NONE
AWS-02,Jaisalmer Desert,2026-08-03T20:45:00+00:00,34.62,989.25,23.64,10.89,1.46,False,NORMAL,NONE
AWS-02,Jaisalmer Desert,2026-08-03T21:00:00+00:00,33.55,989.33,28.02,12.55,5.85,False,NORMAL,NONE
AWS-02,Jaisalmer Desert,2026-08-03T21:15:00+00:00,33.11,989.12,27.39,11.83,5.44,False,NORMAL,NONE
AWS-02,Jaisalmer Desert,2026-08-03T21:30:00+00:00,31.81,988.92,29.57,11.89,2.79,False,NORMAL,NONE
AWS-02,Jaisalmer Desert,2026-08-03T21:45:00+00:00,31.55,989.3,30.88,12.31,1.62,False,NORMAL,NONE
AWS-02,Jaisalmer Desert,2026-08-03T22:00:00+00:00,30.63,989.14,32.21,12.15,4.05,False,NORMAL,NONE
AWS-02,Jaisalmer Desert,2026-08-03T22:15:00+00:00,30.08,988.88,34.27,12.62,5.2,False,NORMAL,NONE
AWS-02,Jaisalmer Desert,2026-08-03T22:30:00+00:00,29.48,988.92,36.68,13.14,6.41,False,NORMAL,NONE
AWS-02,Jaisalmer Desert,2026-08-03T22:45:00+00:00,28.13,989.31,35.33,11.38,3.39,False,NORMAL,NONE
AWS-02,Jaisalmer Desert,2026-08-03T23:00:00+00:00,27.11,988.59,35.61,10.59,5.01,False,NORMAL,NONE
AWS-02,Jaisalmer Desert,2026-08-03T23:15:00+00:00,25.98,988.74,38.13,10.62,3.93,False,NORMAL,NONE
AWS-02,Jaisalmer Desert,2026-08-03T23:30:00+00:00,26.82,988.81,37.83,11.24,3.37,False,NORMAL,NONE
AWS-02,Jaisalmer Desert,2026-08-03T23:45:00+00:00,20.0,988.81,100.0,23.5,1.84,True,ANOMALY,CROSS_SENSOR_INCONSISTENCY
AWS-02,Jaisalmer Desert,2026-08-04T00:00:00+00:00,25.45,989.12,38.22,10.19,4.33,False,NORMAL,NONE
AWS-02,Jaisalmer Desert,2026-08-04T00:15:00+00:00,25.69,988.23,40.0,11.08,2.68,False,NORMAL,NONE
AWS-02,Jaisalmer Desert,2026-08-04T00:30:00+00:00,25.21,988.26,40.28,10.76,4.91,False,NORMAL,NONE
AWS-02,Jaisalmer Desert,2026-08-04T00:45:00+00:00,24.45,988.03,41.87,10.66,6.38,False,NORMAL,NONE
AWS-02,Jaisalmer Desert,2026-08-04T01:00:00+00:00,24.51,988.06,43.04,11.12,1.51,False,NORMAL,NONE
AWS-02,Jaisalmer Desert,2026-08-04T01:15:00+00:00,23.98,987.86,42.4,10.42,2.75,False,NORMAL,NONE
AWS-02,Jaisalmer Desert,2026-08-04T01:30:00+00:00,23.75,987.46,43.05,10.44,2.18,False,NORMAL,NONE
AWS-02,Jaisalmer Desert,2026-08-04T01:45:00+00:00,23.7,987.32,42.77,10.3,4.07,False,NORMAL,NONE
AWS-02,Jaisalmer Desert,2026-08-04T02:00:00+00:00,24.2,969.19,41.99,10.47,3.8,True,ANOMALY,SPIKE
AWS-02,Jaisalmer Desert,2026-08-04T02:15:00+00:00,24.17,987.23,41.88,10.41,1.93,False,NORMAL,NONE
AWS-02,Jaisalmer Desert,2026-08-04T02:30:00+00:00,20.0,987.45,100.0,23.5,3.45,True,ANOMALY,CROSS_SENSOR_INCONSISTENCY
AWS-02,Jaisalmer Desert,2026-08-04T02:45:00+00:00,23.74,986.96,43.77,10.69,2.88,False,NORMAL,NONE
AWS-02,Jaisalmer Desert,2026-08-04T03:00:00+00:00,24.24,986.99,40.64,10.03,4.22,False,NORMAL,NONE
AWS-02,Jaisalmer Desert,2026-08-04T03:15:00+00:00,25.12,986.88,43.21,11.74,3.97,False,NORMAL,NONE
AWS-02,Jaisalmer Desert,2026-08-04T03:30:00+00:00,24.53,986.6,41.22,10.5,1.09,False,NORMAL,NONE
AWS-02,Jaisalmer Desert,2026-08-04T03:45:00+00:00,25.59,986.82,39.12,10.66,5.61,False,NORMAL,NONE
AWS-02,Jaisalmer Desert,2026-08-04T04:00:00+00:00,25.81,987.42,40.85,11.51,6.58,False,NORMAL,NONE
AWS-02,Jaisalmer Desert,2026-08-04T04:15:00+00:00,25.63,987.22,39.17,10.71,3.85,False,NORMAL,NONE
AWS-02,Jaisalmer Desert,2026-08-04T04:30:00+00:00,26.36,986.19,39.7,11.57,1.06,False,NORMAL,NONE
AWS-02,Jaisalmer Desert,2026-08-04T04:45:00+00:00,27.54,986.84,37.66,11.82,1.82,False,NORMAL,NONE
AWS-02,Jaisalmer Desert,2026-08-04T05:00:00+00:00,27.77,987.03,37.41,11.93,2.66,False,NORMAL,NONE
AWS-02,Jaisalmer Desert,2026-08-04T05:15:00+00:00,28.0,986.59,35.3,11.25,5.41,False,NORMAL,NONE
AWS-02,Jaisalmer Desert,2026-08-04T05:30:00+00:00,28.91,987.32,34.34,11.63,2.71,False,NORMAL,NONE
AWS-02,Jaisalmer Desert,2026-08-04T05:45:00+00:00,30.19,987.52,31.79,11.58,4.41,False,NORMAL,NONE
AWS-02,Jaisalmer Desert,2026-08-04T06:00:00+00:00,30.75,987.11,31.57,11.96,3.01,False,NORMAL,NONE
AWS-02,Jaisalmer Desert,2026-08-04T06:15:00+00:00,31.22,987.52,29.79,11.49,5.24,False,NORMAL,NONE
AWS-02,Jaisalmer Desert,2026-08-04T06:30:00+00:00,32.25,987.64,31.11,13.04,3.03,False,NORMAL,NONE
AWS-02,Jaisalmer Desert,2026-08-04T06:45:00+00:00,32.6,988.09,29.72,12.64,3.83,False,NORMAL,NONE
AWS-02,Jaisalmer Desert,2026-08-04T07:00:00+00:00,33.39,988.04,30.67,13.8,3.99,False,NORMAL,NONE
AWS-02,Jaisalmer Desert,2026-08-04T07:15:00+00:00,35.06,987.92,28.45,14.07,3.18,False,NORMAL,NONE
AWS-02,Jaisalmer Desert,2026-08-04T07:30:00+00:00,34.94,988.16,22.91,10.68,4.01,False,NORMAL,NONE
AWS-02,Jaisalmer Desert,2026-08-04T07:45:00+00:00,36.36,988.3,23.49,12.24,5.16,False,NORMAL,NONE
AWS-02,Jaisalmer Desert,2026-08-04T08:00:00+00:00,36.22,988.96,21.73,10.95,3.36,False,NORMAL,NONE
AWS-02,Jaisalmer Desert,2026-08-04T08:15:00+00:00,38.33,988.69,20.8,12.02,2.02,False,NORMAL,NONE
AWS-02,Jaisalmer Desert,2026-08-04T08:30:00+00:00,38.74,988.75,18.95,10.95,4.21,False,NORMAL,NONE
AWS-02,Jaisalmer Desert,2026-08-04T08:45:00+00:00,39.38,988.96,18.28,10.93,1.65,False,NORMAL,NONE
AWS-02,Jaisalmer Desert,2026-08-04T09:00:00+00:00,39.98,989.18,16.79,10.13,4.42,False,NORMAL,NONE
AWS-02,Jaisalmer Desert,2026-08-04T09:15:00+00:00,41.19,989.39,14.62,9.03,2.91,False,NORMAL,NONE
AWS-02,Jaisalmer Desert,2026-08-04T09:30:00+00:00,41.68,989.22,15.52,10.31,1.86,False,NORMAL,NONE
AWS-02,Jaisalmer Desert,2026-08-04T09:45:00+00:00,42.74,988.73,12.57,8.01,3.65,False,NORMAL,NONE
AWS-02,Jaisalmer Desert,2026-08-04T10:00:00+00:00,43.11,989.2,10.84,6.13,4.88,False,NORMAL,NONE
AWS-02,Jaisalmer Desert,2026-08-04T10:15:00+00:00,43.68,989.22,10.51,6.12,3.28,False,NORMAL,NONE
AWS-02,Jaisalmer Desert,2026-08-04T10:30:00+00:00,69.23,988.99,10.0,24.34,3.66,True,ANOMALY,SPIKE
AWS-02,Jaisalmer Desert,2026-08-04T10:45:00+00:00,44.59,988.98,10.0,6.08,2.77,False,NORMAL,NONE
AWS-02,Jaisalmer Desert,2026-08-04T11:00:00+00:00,46.64,988.35,10.0,7.61,2.63,False,NORMAL,NONE
AWS-02,Jaisalmer Desert,2026-08-04T11:15:00+00:00,46.69,989.27,10.0,7.65,4.34,False,NORMAL,NONE
AWS-02,Jaisalmer Desert,2026-08-04T11:30:00+00:00,47.31,989.51,10.0,8.12,5.39,False,NORMAL,NONE
AWS-02,Jaisalmer Desert,2026-08-04T11:45:00+00:00,47.77,988.87,10.0,8.46,5.1,False,NORMAL,NONE
AWS-02,Jaisalmer Desert,2026-08-04T12:00:00+00:00,48.17,988.94,10.0,8.76,4.69,False,NORMAL,NONE
AWS-02,Jaisalmer Desert,2026-08-04T12:15:00+00:00,49.15,988.72,10.0,9.49,4.73,False,NORMAL,NONE
AWS-02,Jaisalmer Desert,2026-08-04T12:30:00+00:00,49.43,988.88,10.0,9.7,4.22,False,NORMAL,NONE
AWS-02,Jaisalmer Desert,2026-08-04T12:45:00+00:00,20.0,987.69,100.0,23.5,4.78,True,ANOMALY,CROSS_SENSOR_INCONSISTENCY
AWS-02,Jaisalmer Desert,2026-08-04T13:00:00+00:00,49.66,988.04,10.0,9.87,4.69,False,NORMAL,NONE
AWS-02,Jaisalmer Desert,2026-08-04T13:15:00+00:00,50.26,987.66,10.0,10.32,3.21,False,NORMAL,NONE
AWS-02,Jaisalmer Desert,2026-08-04T13:30:00+00:00,49.54,987.86,10.0,9.78,5.93,False,NORMAL,NONE
AWS-02,Jaisalmer Desert,2026-08-04T13:45:00+00:00,50.2,987.28,10.0,10.27,1.95,False,NORMAL,NONE
AWS-02,Jaisalmer Desert,2026-08-04T14:00:00+00:00,50.29,987.52,10.0,10.34,7.42,False,NORMAL,NONE
AWS-02,Jaisalmer Desert,2026-08-04T14:15:00+00:00,50.11,987.04,10.0,10.2,3.32,False,NORMAL,NONE
AWS-02,Jaisalmer Desert,2026-08-04T14:30:00+00:00,49.9,986.76,10.0,10.04,4.56,False,NORMAL,NONE
AWS-02,Jaisalmer Desert,2026-08-04T14:45:00+00:00,50.46,987.27,10.0,10.47,2.04,False,NORMAL,NONE
AWS-02,Jaisalmer Desert,2026-08-04T15:00:00+00:00,49.63,987.3,10.0,9.85,1.4,False,NORMAL,NONE
AWS-02,Jaisalmer Desert,2026-08-04T15:15:00+00:00,50.04,986.57,10.0,10.15,3.23,False,NORMAL,NONE
AWS-02,Jaisalmer Desert,2026-08-04T15:30:00+00:00,49.08,986.82,10.0,9.43,1.73,False,NORMAL,NONE
AWS-02,Jaisalmer Desert,2026-08-04T15:45:00+00:00,48.53,986.74,10.0,9.03,3.33,False,NORMAL,NONE
AWS-02,Jaisalmer Desert,2026-08-04T16:00:00+00:00,48.82,986.59,10.0,9.24,3.15,False,NORMAL,NONE
AWS-02,Jaisalmer Desert,2026-08-04T16:15:00+00:00,47.37,986.68,10.0,8.16,1.1,False,NORMAL,NONE
AWS-02,Jaisalmer Desert,2026-08-04T16:30:00+00:00,47.64,986.78,10.0,8.36,4.32,False,NORMAL,NONE
AWS-02,Jaisalmer Desert,2026-08-04T16:45:00+00:00,46.98,986.48,10.0,7.87,2.46,False,NORMAL,NONE
AWS-02,Jaisalmer Desert,2026-08-04T17:00:00+00:00,46.72,986.26,10.0,7.67,4.44,False,NORMAL,NONE
AWS-02,Jaisalmer Desert,2026-08-04T17:15:00+00:00,45.73,986.64,10.0,6.93,1.6,False,NORMAL,NONE
AWS-02,Jaisalmer Desert,2026-08-04T17:30:00+00:00,44.21,987.71,10.22,6.11,3.41,False,NORMAL,NONE
AWS-02,Jaisalmer Desert,2026-08-04T17:45:00+00:00,44.4,986.9,10.64,6.83,4.37,False,NORMAL,NONE
AWS-02,Jaisalmer Desert,2026-08-04T18:00:00+00:00,42.9,987.33,10.77,5.87,3.73,False,NORMAL,NONE
AWS-02,Jaisalmer Desert,2026-08-04T18:15:00+00:00,43.3,987.27,10.53,5.85,2.84,False,NORMAL,NONE
AWS-02,Jaisalmer Desert,2026-08-04T18:30:00+00:00,41.71,988.24,11.83,6.33,5.51,False,NORMAL,NONE
AWS-02,Jaisalmer Desert,2026-08-04T18:45:00+00:00,41.52,987.74,14.69,9.36,4.85,False,NORMAL,NONE
AWS-02,Jaisalmer Desert,2026-08-04T19:00:00+00:00,40.51,988.01,17.93,11.55,2.02,False,NORMAL,NONE
AWS-02,Jaisalmer Desert,2026-08-04T19:15:00+00:00,40.01,987.86,18.04,11.23,1.66,False,NORMAL,NONE
AWS-02,Jaisalmer Desert,2026-08-04T19:30:00+00:00,38.16,988.19,18.54,10.15,1.02,False,NORMAL,NONE
AWS-02,Jaisalmer Desert,2026-08-04T19:45:00+00:00,38.3,988.6,20.76,11.96,7.39,False,NORMAL,NONE
AWS-02,Jaisalmer Desert,2026-08-04T20:00:00+00:00,36.66,988.61,22.27,11.67,2.13,False,NORMAL,NONE
AWS-02,Jaisalmer Desert,2026-08-04T20:15:00+00:00,36.07,988.69,24.44,12.61,4.98,False,NORMAL,NONE
AWS-02,Jaisalmer Desert,2026-08-04T20:30:00+00:00,34.55,989.24,23.82,10.94,4.01,False,NORMAL,NONE
AWS-02,Jaisalmer Desert,2026-08-04T20:45:00+00:00,34.41,988.78,27.4,12.95,3.98,False,NORMAL,NONE
AWS-02,Jaisalmer Desert,2026-08-04T21:00:00+00:00,33.71,989.09,25.54,11.28,1.51,False,NORMAL,NONE
AWS-02,Jaisalmer Desert,2026-08-04T21:15:00+00:00,32.83,989.06,29.07,12.5,4.65,False,NORMAL,NONE
AWS-02,Jaisalmer Desert,2026-08-04T21:30:00+00:00,31.76,989.19,29.63,11.87,5.76,False,NORMAL,NONE
AWS-02,Jaisalmer Desert,2026-08-04T21:45:00+00:00,30.69,988.51,31.07,11.66,4.03,False,NORMAL,NONE
AWS-02,Jaisalmer Desert,2026-08-04T22:00:00+00:00,30.12,989.38,31.02,11.14,3.43,False,NORMAL,NONE
AWS-02,Jaisalmer Desert,2026-08-04T22:15:00+00:00,30.25,989.6,36.04,13.55,2.76,False,NORMAL,NONE
AWS-02,Jaisalmer Desert,2026-08-04T22:30:00+00:00,29.13,989.36,35.47,12.31,4.93,False,NORMAL,NONE
AWS-02,Jaisalmer Desert,2026-08-04T22:45:00+00:00,28.57,989.61,36.86,12.4,3.12,False,NORMAL,NONE
AWS-02,Jaisalmer Desert,2026-08-04T23:00:00+00:00,27.94,988.93,35.53,11.3,3.89,False,NORMAL,NONE
AWS-02,Jaisalmer Desert,2026-08-04T23:15:00+00:00,27.38,989.32,36.27,11.11,3.97,False,NORMAL,NONE
AWS-02,Jaisalmer Desert,2026-08-04T23:30:00+00:00,26.34,989.29,39.42,11.44,5.27,False,NORMAL,NONE
AWS-02,Jaisalmer Desert,2026-08-04T23:45:00+00:00,26.38,988.29,38.68,11.19,4.0,False,NORMAL,NONE
AWS-02,Jaisalmer Desert,2026-08-05T00:00:00+00:00,25.32,988.29,39.98,10.75,8.57,False,NORMAL,NONE
AWS-02,Jaisalmer Desert,2026-08-05T00:15:00+00:00,25.24,988.59,41.93,11.39,4.79,False,NORMAL,NONE
AWS-02,Jaisalmer Desert,2026-08-05T00:30:00+00:00,25.23,988.24,41.51,11.23,3.02,False,NORMAL,NONE
AWS-02,Jaisalmer Desert,2026-08-05T00:45:00+00:00,24.74,988.64,40.25,10.33,4.99,False,NORMAL,NONE
AWS-02,Jaisalmer Desert,2026-08-05T01:00:00+00:00,24.35,988.42,42.3,10.72,2.2,False,NORMAL,NONE
AWS-02,Jaisalmer Desert,2026-08-05T01:15:00+00:00,24.19,987.43,38.65,9.23,4.78,False,NORMAL,NONE
AWS-02,Jaisalmer Desert,2026-08-05T01:30:00+00:00,24.01,987.84,41.19,10.02,1.62,False,NORMAL,NONE
AWS-02,Jaisalmer Desert,2026-08-05T01:45:00+00:00,22.86,987.59,42.65,9.5,3.77,False,NORMAL,NONE
AWS-02,Jaisalmer Desert,2026-08-05T02:00:00+00:00,24.6,987.63,43.9,11.51,3.67,False,NORMAL,NONE
AWS-02,Jaisalmer Desert,2026-08-05T02:15:00+00:00,23.84,987.29,43.55,10.7,4.74,False,NORMAL,NONE
AWS-02,Jaisalmer Desert,2026-08-05T02:30:00+00:00,25.01,986.84,41.98,11.2,5.51,False,NORMAL,NONE
AWS-02,Jaisalmer Desert,2026-08-05T02:45:00+00:00,23.93,986.9,43.29,10.69,3.06,False,NORMAL,NONE
AWS-02,Jaisalmer Desert,2026-08-05T03:00:00+00:00,24.14,986.5,41.86,10.38,3.11,False,NORMAL,NONE
AWS-02,Jaisalmer Desert,2026-08-05T03:15:00+00:00,24.07,1008.75,42.05,10.38,3.51,True,ANOMALY,SPIKE
AWS-02,Jaisalmer Desert,2026-08-05T03:30:00+00:00,24.81,986.99,40.72,10.56,3.06,False,NORMAL,NONE
AWS-02,Jaisalmer Desert,2026-08-05T03:45:00+00:00,25.76,987.19,43.55,12.44,3.23,True,ANOMALY,SENSOR_DRIFT
AWS-02,Jaisalmer Desert,2026-08-05T04:00:00+00:00,25.57,987.04,39.44,10.76,6.01,False,NORMAL,NONE
AWS-02,Jaisalmer Desert,2026-08-05T04:15:00+00:00,26.18,986.91,38.49,10.94,2.28,False,NORMAL,NONE
AWS-02,Jaisalmer Desert,2026-08-05T04:30:00+00:00,26.34,986.68,40.56,11.87,1.07,False,NORMAL,NONE
AWS-02,Jaisalmer Desert,2026-08-05T04:45:00+00:00,27.17,986.75,35.44,10.58,2.89,False,NORMAL,NONE
AWS-02,Jaisalmer Desert,2026-08-05T05:00:00+00:00,27.52,987.29,36.54,11.34,5.42,False,NORMAL,NONE
AWS-02,Jaisalmer Desert,2026-08-05T05:15:00+00:00,28.97,987.51,35.11,12.02,5.03,False,NORMAL,NONE
AWS-02,Jaisalmer Desert,2026-08-05T05:30:00+00:00,28.8,987.16,35.93,12.22,5.78,False,NORMAL,NONE
AWS-02,Jaisalmer Desert,2026-08-05T05:45:00+00:00,30.55,987.36,34.17,12.99,5.71,False,NORMAL,NONE
AWS-02,Jaisalmer Desert,2026-08-05T06:00:00+00:00,30.48,986.96,35.14,13.36,4.96,False,NORMAL,NONE
AWS-02,Jaisalmer Desert,2026-08-05T06:15:00+00:00,31.08,987.25,30.63,11.78,4.73,False,NORMAL,NONE
AWS-02,Jaisalmer Desert,2026-08-05T06:30:00+00:00,33.19,988.19,29.04,12.79,6.42,False,NORMAL,NONE
AWS-02,Jaisalmer Desert,2026-08-05T06:45:00+00:00,33.29,988.0,28.97,12.84,3.16,False,NORMAL,NONE
AWS-02,Jaisalmer Desert,2026-08-05T07:00:00+00:00,33.6,988.0,28.08,12.63,3.24,False,NORMAL,NONE
AWS-02,Jaisalmer Desert,2026-08-05T07:15:00+00:00,34.21,988.05,23.23,10.27,2.55,False,NORMAL,NONE
AWS-02,Jaisalmer Desert,2026-08-05T07:30:00+00:00,35.08,988.62,25.01,12.12,3.82,False,NORMAL,NONE
AWS-02,Jaisalmer Desert,2026-08-05T07:45:00+00:00,35.87,988.25,22.87,11.42,4.38,False,NORMAL,NONE
AWS-02,Jaisalmer Desert,2026-08-05T08:00:00+00:00,37.5,988.48,21.22,11.64,4.6,False,NORMAL,NONE
AWS-02,Jaisalmer Desert,2026-08-05T08:15:00+00:00,36.88,988.78,19.47,9.84,3.08,False,NORMAL,NONE
AWS-02,Jaisalmer Desert,2026-08-05T08:30:00+00:00,38.96,989.27,19.63,11.66,2.09,False,NORMAL,NONE
AWS-02,Jaisalmer Desert,2026-08-05T08:45:00+00:00,39.77,989.34,16.86,10.03,3.45,False,NORMAL,NONE
AWS-02,Jaisalmer Desert,2026-08-05T09:00:00+00:00,40.25,988.98,17.63,11.09,2.86,False,NORMAL,NONE
AWS-02,Jaisalmer Desert,2026-08-05T09:15:00+00:00,40.47,989.06,15.58,9.41,5.84,False,NORMAL,NONE
AWS-02,Jaisalmer Desert,2026-08-05T09:30:00+00:00,42.05,988.66,13.54,8.57,3.64,False,NORMAL,NONE
AWS-02,Jaisalmer Desert,2026-08-05T09:45:00+00:00,42.53,989.16,12.38,7.62,4.16,False,NORMAL,NONE
AWS-02,Jaisalmer Desert,2026-08-05T10:00:00+00:00,43.63,988.81,10.0,5.36,3.21,False,NORMAL,NONE
AWS-02,Jaisalmer Desert,2026-08-05T10:15:00+00:00,44.02,989.16,10.23,5.97,2.79,False,NORMAL,NONE
AWS-02,Jaisalmer Desert,2026-08-05T10:30:00+00:00,45.13,989.6,10.0,6.48,4.22,False,NORMAL,NONE
AWS-02,Jaisalmer Desert,2026-08-05T10:45:00+00:00,46.13,989.56,10.0,7.23,5.27,False,NORMAL,NONE
AWS-02,Jaisalmer Desert,2026-08-05T11:00:00+00:00,46.09,989.08,10.0,7.2,3.2,False,NORMAL,NONE
AWS-02,Jaisalmer Desert,2026-08-05T11:15:00+00:00,47.16,988.55,10.0,8.0,3.98,False,NORMAL,NONE
AWS-02,Jaisalmer Desert,2026-08-05T11:30:00+00:00,47.69,988.97,10.0,8.4,2.44,False,NORMAL,NONE
AWS-02,Jaisalmer Desert,2026-08-05T11:45:00+00:00,47.44,988.68,10.0,8.21,5.76,False,NORMAL,NONE
AWS-02,Jaisalmer Desert,2026-08-05T12:00:00+00:00,47.6,988.16,10.0,8.33,7.46,False,NORMAL,NONE
AWS-02,Jaisalmer Desert,2026-08-05T12:15:00+00:00,48.25,988.49,10.0,8.82,2.59,False,NORMAL,NONE
AWS-02,Jaisalmer Desert,2026-08-05T12:30:00+00:00,48.85,988.15,10.0,9.26,1.92,False,NORMAL,NONE
AWS-02,Jaisalmer Desert,2026-08-05T12:45:00+00:00,49.7,988.36,10.0,9.89,2.85,False,NORMAL,NONE
AWS-02,Jaisalmer Desert,2026-08-05T13:00:00+00:00,49.4,987.78,10.0,9.67,1.37,False,NORMAL,NONE
AWS-02,Jaisalmer Desert,2026-08-05T13:15:00+00:00,49.59,987.72,10.0,9.81,4.01,False,NORMAL,NONE
AWS-02,Jaisalmer Desert,2026-08-05T13:30:00+00:00,50.04,987.63,10.0,10.15,3.47,False,NORMAL,NONE
AWS-02,Jaisalmer Desert,2026-08-05T13:45:00+00:00,49.74,987.31,10.0,9.93,4.57,False,NORMAL,NONE
AWS-02,Jaisalmer Desert,2026-08-05T14:00:00+00:00,50.57,987.28,10.0,10.55,3.62,False,NORMAL,NONE
AWS-02,Jaisalmer Desert,2026-08-05T14:15:00+00:00,50.55,986.85,10.0,10.53,1.76,False,NORMAL,NONE
AWS-02,Jaisalmer Desert,2026-08-05T14:30:00+00:00,49.33,987.3,10.0,9.62,1.55,False,NORMAL,NONE
AWS-02,Jaisalmer Desert,2026-08-05T14:45:00+00:00,49.88,986.95,10.0,10.03,5.57,False,NORMAL,NONE
AWS-02,Jaisalmer Desert,2026-08-05T15:00:00+00:00,48.31,986.74,10.0,8.86,4.06,False,NORMAL,NONE
AWS-02,Jaisalmer Desert,2026-08-05T15:15:00+00:00,49.71,986.11,10.0,9.9,5.77,False,NORMAL,NONE
AWS-02,Jaisalmer Desert,2026-08-05T15:30:00+00:00,48.61,986.08,10.0,9.08,5.48,False,NORMAL,NONE
AWS-02,Jaisalmer Desert,2026-08-05T15:45:00+00:00,48.43,986.71,10.0,8.95,2.31,False,NORMAL,NONE
AWS-02,Jaisalmer Desert,2026-08-05T16:00:00+00:00,47.53,986.87,10.0,8.28,3.79,False,NORMAL,NONE
AWS-02,Jaisalmer Desert,2026-08-05T16:15:00+00:00,47.52,986.61,10.0,8.27,2.23,False,NORMAL,NONE
AWS-02,Jaisalmer Desert,2026-08-05T16:30:00+00:00,47.3,986.77,10.0,8.1,5.48,False,NORMAL,NONE
AWS-02,Jaisalmer Desert,2026-08-05T16:45:00+00:00,46.76,986.53,10.0,7.7,7.47,False,NORMAL,NONE
AWS-02,Jaisalmer Desert,2026-08-05T17:00:00+00:00,20.0,987.17,100.0,23.5,0.72,True,ANOMALY,CROSS_SENSOR_INCONSISTENCY
AWS-02,Jaisalmer Desert,2026-08-05T17:15:00+00:00,45.57,987.19,10.0,6.81,3.74,False,NORMAL,NONE
AWS-02,Jaisalmer Desert,2026-08-05T17:30:00+00:00,44.2,987.66,10.0,5.78,3.15,False,NORMAL,NONE
AWS-02,Jaisalmer Desert,2026-08-05T17:45:00+00:00,44.0,987.39,11.21,7.29,4.58,False,NORMAL,NONE
AWS-02,Jaisalmer Desert,2026-08-05T18:00:00+00:00,43.51,987.48,10.99,6.63,4.11,False,NORMAL,NONE
AWS-02,Jaisalmer Desert,2026-08-05T18:15:00+00:00,42.87,987.53,11.84,7.24,3.87,False,NORMAL,NONE
AWS-02,Jaisalmer Desert,2026-08-05T18:30:00+00:00,41.9,988.21,14.63,9.6,5.13,False,NORMAL,NONE
AWS-02,Jaisalmer Desert,2026-08-05T18:45:00+00:00,41.27,1009.82,17.47,11.76,3.93,True,ANOMALY,SPIKE
AWS-02,Jaisalmer Desert,2026-08-05T19:00:00+00:00,40.01,987.43,13.59,7.03,6.87,False,NORMAL,NONE
AWS-02,Jaisalmer Desert,2026-08-05T19:15:00+00:00,39.27,988.02,16.88,9.65,3.2,False,NORMAL,NONE
AWS-02,Jaisalmer Desert,2026-08-05T19:30:00+00:00,38.27,988.5,19.11,10.7,6.17,False,NORMAL,NONE
AWS-02,Jaisalmer Desert,2026-08-05T19:45:00+00:00,38.23,988.5,22.26,12.97,2.27,False,NORMAL,NONE
AWS-02,Jaisalmer Desert,2026-08-05T20:00:00+00:00,35.98,988.78,22.18,11.06,4.7,False,NORMAL,NONE
AWS-02,Jaisalmer Desert,2026-08-05T20:15:00+00:00,35.75,988.54,24.88,12.6,4.85,False,NORMAL,NONE
AWS-02,Jaisalmer Desert,2026-08-05T20:30:00+00:00,35.12,989.33,25.2,12.27,5.85,False,NORMAL,NONE
AWS-02,Jaisalmer Desert,2026-08-05T20:45:00+00:00,35.39,988.68,24.6,12.13,1.17,False,NORMAL,NONE
AWS-02,Jaisalmer Desert,2026-08-05T21:00:00+00:00,33.49,989.33,26.15,11.45,2.58,False,NORMAL,NONE
AWS-02,Jaisalmer Desert,2026-08-05T21:15:00+00:00,33.76,989.1,30.88,14.23,3.38,False,NORMAL,NONE
AWS-02,Jaisalmer Desert,2026-08-05T21:30:00+00:00,31.92,988.96,29.6,12.0,0.62,False,NORMAL,NONE
AWS-02,Jaisalmer Desert,2026-08-05T21:45:00+00:00,31.32,989.1,31.31,12.33,6.13,False,NORMAL,NONE
AWS-02,Jaisalmer Desert,2026-08-05T22:00:00+00:00,30.54,989.25,33.98,12.9,5.24,False,NORMAL,NONE
AWS-02,Jaisalmer Desert,2026-08-05T22:15:00+00:00,30.23,989.28,34.47,12.84,5.08,False,NORMAL,NONE
AWS-02,Jaisalmer Desert,2026-08-05T22:30:00+00:00,29.07,989.5,35.18,12.14,4.05,False,NORMAL,NONE
AWS-02,Jaisalmer Desert,2026-08-05T22:45:00+00:00,28.47,988.9,34.11,11.14,5.08,False,NORMAL,NONE
AWS-02,Jaisalmer Desert,2026-08-05T23:00:00+00:00,26.74,988.4,35.6,10.27,4.41,False,NORMAL,NONE
AWS-02,Jaisalmer Desert,2026-08-05T23:15:00+00:00,27.25,988.54,37.91,11.66,4.24,False,NORMAL,NONE
AWS-02,Jaisalmer Desert,2026-08-05T23:30:00+00:00,27.03,988.62,39.57,12.11,5.19,False,NORMAL,NONE
AWS-02,Jaisalmer Desert,2026-08-05T23:45:00+00:00,26.02,988.81,38.76,10.91,7.09,False,NORMAL,NONE
AWS-02,Jaisalmer Desert,2026-08-06T00:00:00+00:00,25.72,988.76,37.65,10.2,2.47,False,NORMAL,NONE
AWS-02,Jaisalmer Desert,2026-08-06T00:15:00+00:00,25.33,988.34,42.41,11.64,3.55,False,NORMAL,NONE
AWS-02,Jaisalmer Desert,2026-08-06T00:30:00+00:00,25.6,988.6,41.43,11.53,2.92,False,NORMAL,NONE
AWS-02,Jaisalmer Desert,2026-08-06T00:45:00+00:00,25.12,989.03,41.09,10.98,0.5,False,NORMAL,NONE
AWS-02,Jaisalmer Desert,2026-08-06T01:00:00+00:00,24.78,987.93,41.48,10.81,2.0,False,NORMAL,NONE
AWS-02,Jaisalmer Desert,2026-08-06T01:15:00+00:00,24.36,970.19,42.0,10.63,3.29,True,ANOMALY,SPIKE
AWS-02,Jaisalmer Desert,2026-08-06T01:30:00+00:00,24.1,987.76,42.3,10.49,4.99,False,NORMAL,NONE
AWS-02,Jaisalmer Desert,2026-08-06T01:45:00+00:00,24.14,987.29,42.91,10.75,2.0,False,NORMAL,NONE
AWS-02,Jaisalmer Desert,2026-08-06T02:00:00+00:00,23.91,987.13,43.87,10.87,5.29,True,ANOMALY,SENSOR_DRIFT
AWS-02,Jaisalmer Desert,2026-08-06T02:15:00+00:00,23.77,987.34,44.15,10.84,4.32,False,NORMAL,NONE
AWS-02,Jaisalmer Desert,2026-08-06T02:30:00+00:00,23.53,986.69,43.43,10.38,5.56,False,NORMAL,NONE
AWS-02,Jaisalmer Desert,2026-08-06T02:45:00+00:00,23.8,987.06,40.79,9.68,0.5,False,NORMAL,NONE
AWS-02,Jaisalmer Desert,2026-08-06T03:00:00+00:00,23.81,986.73,43.02,10.48,3.23,False,NORMAL,NONE
AWS-02,Jaisalmer Desert,2026-08-06T03:15:00+00:00,25.5,986.93,41.49,11.47,3.27,False,NORMAL,NONE
AWS-02,Jaisalmer Desert,2026-08-06T03:30:00+00:00,24.95,986.55,43.6,11.72,3.13,False,NORMAL,NONE
AWS-02,Jaisalmer Desert,2026-08-06T03:45:00+00:00,24.72,986.91,41.43,10.74,5.54,False,NORMAL,NONE
AWS-02,Jaisalmer Desert,2026-08-06T04:00:00+00:00,26.33,987.1,40.38,11.8,1.67,False,NORMAL,NONE
AWS-02,Jaisalmer Desert,2026-08-06T04:15:00+00:00,25.74,986.38,39.06,10.77,1.6,False,NORMAL,NONE
AWS-02,Jaisalmer Desert,2026-08-06T04:30:00+00:00,26.91,986.58,36.27,10.69,1.73,False,NORMAL,NONE
AWS-02,Jaisalmer Desert,2026-08-06T04:45:00+00:00,27.93,987.01,38.76,12.6,2.32,False,NORMAL,NONE
AWS-02,Jaisalmer Desert,2026-08-06T05:00:00+00:00,27.8,986.98,36.41,11.54,1.33,False,NORMAL,NONE
AWS-02,Jaisalmer Desert,2026-08-06T05:15:00+00:00,28.97,987.41,33.54,11.33,4.46,False,NORMAL,NONE
AWS-02,Jaisalmer Desert,2026-08-06T05:30:00+00:00,29.29,987.12,30.56,10.2,3.63,False,NORMAL,NONE
AWS-02,Jaisalmer Desert,2026-08-06T05:45:00+00:00,23.77,989.18,61.06,15.82,2.85,False,GENUINE_WEATHER_EVENT,GENUINE_WEATHER_EVENT
AWS-02,Jaisalmer Desert,2026-08-06T06:00:00+00:00,31.07,987.35,31.73,12.31,6.58,False,NORMAL,NONE
AWS-02,Jaisalmer Desert,2026-08-06T06:15:00+00:00,30.62,987.67,29.4,10.77,8.37,False,NORMAL,NONE
AWS-02,Jaisalmer Desert,2026-08-06T06:30:00+00:00,32.51,987.88,30.44,12.92,4.18,False,NORMAL,NONE
AWS-02,Jaisalmer Desert,2026-08-06T06:45:00+00:00,33.01,988.05,29.71,12.99,3.89,False,NORMAL,NONE
AWS-02,Jaisalmer Desert,2026-08-06T07:00:00+00:00,34.18,988.07,26.78,12.4,4.58,False,NORMAL,NONE
AWS-02,Jaisalmer Desert,2026-08-06T07:15:00+00:00,34.5,988.53,26.29,12.38,4.96,False,NORMAL,NONE
AWS-02,Jaisalmer Desert,2026-08-06T07:30:00+00:00,35.11,988.24,25.04,12.17,3.52,False,NORMAL,NONE
AWS-02,Jaisalmer Desert,2026-08-06T07:45:00+00:00,35.69,988.72,24.4,12.26,4.72,False,NORMAL,NONE
AWS-02,Jaisalmer Desert,2026-08-06T08:00:00+00:00,36.87,988.38,22.89,12.27,4.24,False,NORMAL,NONE
AWS-02,Jaisalmer Desert,2026-08-06T08:15:00+00:00,38.03,988.49,21.61,12.35,4.47,False,NORMAL,NONE
AWS-02,Jaisalmer Desert,2026-08-06T08:30:00+00:00,38.02,988.6,18.52,10.02,6.01,False,NORMAL,NONE
AWS-02,Jaisalmer Desert,2026-08-06T08:45:00+00:00,40.16,988.58,18.84,12.01,5.07,False,NORMAL,NONE
AWS-02,Jaisalmer Desert,2026-08-06T09:00:00+00:00,39.85,988.95,15.99,9.3,1.76,False,NORMAL,NONE
AWS-02,Jaisalmer Desert,2026-08-06T09:15:00+00:00,40.96,989.2,16.04,10.23,3.87,False,NORMAL,NONE
AWS-02,Jaisalmer Desert,2026-08-06T09:30:00+00:00,42.01,989.23,12.13,6.93,3.36,False,NORMAL,NONE
AWS-02,Jaisalmer Desert,2026-08-06T09:45:00+00:00,42.64,988.88,14.38,9.92,3.06,False,NORMAL,NONE
AWS-02,Jaisalmer Desert,2026-08-06T10:00:00+00:00,42.83,989.57,10.0,4.75,3.07,False,NORMAL,NONE
AWS-02,Jaisalmer Desert,2026-08-06T10:15:00+00:00,43.29,988.94,11.9,7.62,4.99,False,NORMAL,NONE
AWS-02,Jaisalmer Desert,2026-08-06T10:30:00+00:00,45.3,989.3,10.0,6.6,3.07,False,NORMAL,NONE
AWS-02,Jaisalmer Desert,2026-08-06T10:45:00+00:00,45.87,989.43,10.0,7.04,3.4,False,NORMAL,NONE
AWS-02,Jaisalmer Desert,2026-08-06T11:00:00+00:00,45.55,989.1,10.0,6.79,4.25,False,NORMAL,NONE
AWS-02,Jaisalmer Desert,2026-08-06T11:15:00+00:00,47.04,988.6,10.0,7.91,1.81,False,NORMAL,NONE
AWS-02,Jaisalmer Desert,2026-08-06T11:30:00+00:00,47.6,988.64,10.0,8.33,2.99,False,NORMAL,NONE
AWS-02,Jaisalmer Desert,2026-08-06T11:45:00+00:00,47.97,988.91,10.0,8.61,1.85,False,NORMAL,NONE
AWS-02,Jaisalmer Desert,2026-08-06T12:00:00+00:00,48.12,988.22,10.0,8.72,5.95,False,NORMAL,NONE
AWS-02,Jaisalmer Desert,2026-08-06T12:15:00+00:00,48.12,988.52,10.0,8.72,2.16,False,NORMAL,NONE
AWS-02,Jaisalmer Desert,2026-08-06T12:30:00+00:00,49.19,988.46,10.0,9.52,6.08,False,NORMAL,NONE
AWS-02,Jaisalmer Desert,2026-08-06T12:45:00+00:00,49.23,988.21,14.0,14.66,1.16,True,ANOMALY,SENSOR_DRIFT
AWS-02,Jaisalmer Desert,2026-08-06T13:00:00+00:00,50.56,987.6,10.0,10.54,3.71,False,NORMAL,NONE
AWS-02,Jaisalmer Desert,2026-08-06T13:15:00+00:00,49.61,987.84,10.0,9.83,3.68,False,NORMAL,NONE
AWS-02,Jaisalmer Desert,2026-08-06T13:30:00+00:00,50.26,987.86,10.0,10.31,4.65,False,NORMAL,NONE
AWS-02,Jaisalmer Desert,2026-08-06T13:45:00+00:00,50.01,987.68,10.0,10.13,2.77,False,NORMAL,NONE
AWS-02,Jaisalmer Desert,2026-08-06T14:00:00+00:00,50.46,987.44,10.0,10.47,4.27,False,NORMAL,NONE
AWS-02,Jaisalmer Desert,2026-08-06T14:15:00+00:00,50.11,987.91,10.0,10.2,7.03,False,NORMAL,NONE
AWS-02,Jaisalmer Desert,2026-08-06T14:30:00+00:00,50.03,987.43,10.0,10.14,3.58,False,NORMAL,NONE
AWS-02,Jaisalmer Desert,2026-08-06T14:45:00+00:00,49.56,987.28,10.0,9.79,6.24,False,NORMAL,NONE
AWS-02,Jaisalmer Desert,2026-08-06T15:00:00+00:00,49.34,987.05,10.0,9.63,5.35,False,NORMAL,NONE
AWS-02,Jaisalmer Desert,2026-08-06T15:15:00+00:00,49.33,987.2,14.8,15.6,3.63,True,ANOMALY,SENSOR_DRIFT
AWS-02,Jaisalmer Desert,2026-08-06T15:30:00+00:00,49.14,987.58,10.0,9.48,4.92,False,NORMAL,NONE
AWS-02,Jaisalmer Desert,2026-08-06T15:45:00+00:00,49.24,986.69,10.0,9.55,4.4,False,NORMAL,NONE
AWS-02,Jaisalmer Desert,2026-08-06T16:00:00+00:00,49.5,986.54,10.0,9.75,2.53,False,NORMAL,NONE
AWS-02,Jaisalmer Desert,2026-08-06T16:15:00+00:00,47.33,986.72,10.0,8.13,1.57,False,NORMAL,NONE
AWS-02,Jaisalmer Desert,2026-08-06T16:30:00+00:00,47.41,986.54,10.0,8.19,8.28,False,NORMAL,NONE
AWS-02,Jaisalmer Desert,2026-08-06T16:45:00+00:00,46.7,986.82,10.0,7.66,3.5,False,NORMAL,NONE
AWS-02,Jaisalmer Desert,2026-08-06T17:00:00+00:00,46.72,986.88,10.0,7.67,5.37,False,NORMAL,NONE
AWS-02,Jaisalmer Desert,2026-08-06T17:15:00+00:00,45.49,987.59,10.0,6.75,5.37,False,NORMAL,NONE
AWS-02,Jaisalmer Desert,2026-08-06T17:30:00+00:00,20.0,987.49,100.0,23.5,5.55,True,ANOMALY,CROSS_SENSOR_INCONSISTENCY
AWS-02,Jaisalmer Desert,2026-08-06T17:45:00+00:00,44.04,987.07,10.0,5.66,3.13,False,NORMAL,NONE
AWS-02,Jaisalmer Desert,2026-08-06T18:00:00+00:00,43.61,987.15,13.64,9.89,7.4,False,NORMAL,NONE
AWS-02,Jaisalmer Desert,2026-08-06T18:15:00+00:00,42.93,987.64,10.94,6.13,4.59,False,NORMAL,NONE
AWS-02,Jaisalmer Desert,2026-08-06T18:30:00+00:00,42.92,987.47,11.53,6.88,5.0,False,NORMAL,NONE
AWS-02,Jaisalmer Desert,2026-08-06T18:45:00+00:00,40.66,987.55,16.75,10.64,6.65,False,NORMAL,NONE
AWS-02,Jaisalmer Desert,2026-08-06T19:00:00+00:00,58.5,988.06,15.56,23.58,4.82,True,ANOMALY,SPIKE
AWS-02,Jaisalmer Desert,2026-08-06T19:15:00+00:00,38.93,988.52,17.5,9.91,4.2,False,NORMAL,NONE
AWS-02,Jaisalmer Desert,2026-08-06T19:30:00+00:00,39.19,988.21,19.41,11.67,4.78,False,NORMAL,NONE
AWS-02,Jaisalmer Desert,2026-08-06T19:45:00+00:00,38.34,1010.31,20.32,11.67,4.27,True,ANOMALY,SPIKE
AWS-02,Jaisalmer Desert,2026-08-06T20:00:00+00:00,37.43,988.82,23.11,12.88,3.11,False,NORMAL,NONE
AWS-02,Jaisalmer Desert,2026-08-06T20:15:00+00:00,36.1,988.75,22.11,11.11,5.16,False,NORMAL,NONE
AWS-02,Jaisalmer Desert,2026-08-06T20:30:00+00:00,35.08,988.95,22.76,10.69,4.08,False,NORMAL,NONE
AWS-02,Jaisalmer Desert,2026-08-06T20:45:00+00:00,34.66,989.13,24.75,11.61,4.87,False,NORMAL,NONE
AWS-02,Jaisalmer Desert,2026-08-06T21:00:00+00:00,33.21,989.42,27.38,11.91,3.09,False,NORMAL,NONE
AWS-02,Jaisalmer Desert,2026-08-06T21:15:00+00:00,32.25,989.72,29.06,12.0,1.55,False,NORMAL,NONE
AWS-02,Jaisalmer Desert,2026-08-06T21:30:00+00:00,32.39,989.05,29.53,12.36,2.87,False,NORMAL,NONE
AWS-02,Jaisalmer Desert,2026-08-06T21:45:00+00:00,31.49,989.1,31.92,12.77,4.87,False,NORMAL,NONE
AWS-02,Jaisalmer Desert,2026-08-06T22:00:00+00:00,30.78,988.92,30.75,11.59,4.33,False,NORMAL,NONE
AWS-02,Jaisalmer Desert,2026-08-06T22:15:00+00:00,29.55,989.63,34.86,12.42,3.59,False,NORMAL,NONE
AWS-02,Jaisalmer Desert,2026-08-06T22:30:00+00:00,29.04,989.08,35.07,12.06,4.39,False,NORMAL,NONE
AWS-02,Jaisalmer Desert,2026-08-06T22:45:00+00:00,28.75,989.42,35.46,11.98,5.1,False,NORMAL,NONE
AWS-02,Jaisalmer Desert,2026-08-06T23:00:00+00:00,27.96,988.88,35.07,11.11,5.6,False,NORMAL,NONE
AWS-02,Jaisalmer Desert,2026-08-06T23:15:00+00:00,27.42,988.18,38.55,12.06,3.43,False,NORMAL,NONE
AWS-02,Jaisalmer Desert,2026-08-06T23:30:00+00:00,26.8,988.62,37.28,11.01,7.43,False,NORMAL,NONE
AWS-02,Jaisalmer Desert,2026-08-06T23:45:00+00:00,25.36,989.05,38.12,10.06,5.17,False,NORMAL,NONE
AWS-02,Jaisalmer Desert,2026-08-07T00:00:00+00:00,26.03,988.71,41.32,11.87,3.29,False,NORMAL,NONE
AWS-02,Jaisalmer Desert,2026-08-07T00:15:00+00:00,25.3,988.14,40.58,10.95,1.37,False,NORMAL,NONE
AWS-02,Jaisalmer Desert,2026-08-07T00:30:00+00:00,24.74,988.69,41.37,10.74,4.23,False,NORMAL,NONE
AWS-02,Jaisalmer Desert,2026-08-07T00:45:00+00:00,24.83,988.15,40.64,10.55,5.44,False,NORMAL,NONE
AWS-02,Jaisalmer Desert,2026-08-07T01:00:00+00:00,24.19,987.4,39.25,9.46,3.22,False,NORMAL,NONE
AWS-02,Jaisalmer Desert,2026-08-07T01:15:00+00:00,23.81,987.71,47.06,11.84,3.83,True,ANOMALY,SENSOR_DRIFT
AWS-02,Jaisalmer Desert,2026-08-07T01:30:00+00:00,24.17,987.61,40.97,10.08,4.39,False,NORMAL,NONE
AWS-02,Jaisalmer Desert,2026-08-07T01:45:00+00:00,24.36,987.11,41.93,10.6,2.43,False,NORMAL,NONE
AWS-02,Jaisalmer Desert,2026-08-07T02:00:00+00:00,23.79,987.1,43.7,10.71,2.38,False,NORMAL,NONE
AWS-02,Jaisalmer Desert,2026-08-07T02:15:00+00:00,23.52,987.79,44.51,10.74,2.12,False,NORMAL,NONE
AWS-02,Jaisalmer Desert,2026-08-07T02:30:00+00:00,24.07,987.19,39.54,9.46,3.45,False,NORMAL,NONE
AWS-02,Jaisalmer Desert,2026-08-07T02:45:00+00:00,24.23,987.44,40.99,10.14,0.5,False,NORMAL,NONE
AWS-02,Jaisalmer Desert,2026-08-07T03:00:00+00:00,20.0,986.87,100.0,23.5,5.26,True,ANOMALY,CROSS_SENSOR_INCONSISTENCY
AWS-02,Jaisalmer Desert,2026-08-07T03:15:00+00:00,25.08,986.55,42.25,11.36,6.15,False,NORMAL,NONE
AWS-02,Jaisalmer Desert,2026-08-07T03:30:00+00:00,25.24,987.25,41.62,11.28,2.13,False,NORMAL,NONE
AWS-02,Jaisalmer Desert,2026-08-07T03:45:00+00:00,25.67,987.01,40.61,11.3,4.98,False,NORMAL,NONE
AWS-02,Jaisalmer Desert,2026-08-07T04:00:00+00:00,25.71,986.63,35.47,9.3,4.86,False,NORMAL,NONE
AWS-02,Jaisalmer Desert,2026-08-07T04:15:00+00:00,26.36,986.83,38.18,10.98,1.4,False,NORMAL,NONE
AWS-02,Jaisalmer Desert,2026-08-07T04:30:00+00:00,26.94,987.07,39.48,12.0,3.6,False,NORMAL,NONE
AWS-02,Jaisalmer Desert,2026-08-07T04:45:00+00:00,26.29,986.73,39.28,11.35,6.74,False,NORMAL,NONE
AWS-02,Jaisalmer Desert,2026-08-07T05:00:00+00:00,27.46,986.97,34.86,10.58,3.77,False,NORMAL,NONE
AWS-02,Jaisalmer Desert,2026-08-07T05:15:00+00:00,28.73,987.37,42.81,14.85,0.68,True,ANOMALY,SENSOR_DRIFT
AWS-02,Jaisalmer Desert,2026-08-07T05:30:00+00:00,29.38,986.93,32.43,11.17,4.35,False,NORMAL,NONE
AWS-02,Jaisalmer Desert,2026-08-07T05:45:00+00:00,30.01,987.22,31.83,11.44,3.11,False,NORMAL,NONE
AWS-02,Jaisalmer Desert,2026-08-07T06:00:00+00:00,31.03,987.06,32.83,12.8,3.37,False,NORMAL,NONE
AWS-02,Jaisalmer Desert,2026-08-07T06:15:00+00:00,31.31,987.61,32.73,13.0,1.53,False,NORMAL,NONE
AWS-02,Jaisalmer Desert,2026-08-07T06:30:00+00:00,31.43,987.7,30.09,11.82,3.04,False,NORMAL,NONE
AWS-02,Jaisalmer Desert,2026-08-07T06:45:00+00:00,33.27,987.84,27.83,12.21,3.63,False,NORMAL,NONE
AWS-02,Jaisalmer Desert,2026-08-07T07:00:00+00:00,33.14,987.99,29.48,12.98,1.08,False,NORMAL,NONE
AWS-02,Jaisalmer Desert,2026-08-07T07:15:00+00:00,34.23,987.76,27.75,12.98,3.32,False,NORMAL,NONE
AWS-02,Jaisalmer Desert,2026-08-07T07:30:00+00:00,34.81,988.36,25.5,12.19,2.8,False,NORMAL,NONE
AWS-02,Jaisalmer Desert,2026-08-07T07:45:00+00:00,36.33,988.43,23.75,12.38,3.63,False,NORMAL,NONE
AWS-02,Jaisalmer Desert,2026-08-07T08:00:00+00:00,36.77,988.79,23.6,12.65,3.15,False,NORMAL,NONE
AWS-02,Jaisalmer Desert,2026-08-07T08:15:00+00:00,38.1,988.18,21.69,12.47,5.25,False,NORMAL,NONE
AWS-02,Jaisalmer Desert,2026-08-07T08:30:00+00:00,39.03,988.88,20.16,12.12,3.42,False,NORMAL,NONE
AWS-02,Jaisalmer Desert,2026-08-07T08:45:00+00:00,39.95,988.95,20.27,12.96,5.44,False,NORMAL,NONE
AWS-02,Jaisalmer Desert,2026-08-07T09:00:00+00:00,40.45,988.82,16.64,10.37,2.26,False,NORMAL,NONE
AWS-02,Jaisalmer Desert,2026-08-07T09:15:00+00:00,40.97,989.02,13.77,7.98,1.21,False,NORMAL,NONE
AWS-02,Jaisalmer Desert,2026-08-07T09:30:00+00:00,42.16,989.1,14.89,10.06,3.51,False,NORMAL,NONE
AWS-02,Jaisalmer Desert,2026-08-07T09:45:00+00:00,42.48,988.68,14.17,9.58,4.29,False,NORMAL,NONE
AWS-02,Jaisalmer Desert,2026-08-07T10:00:00+00:00,43.45,989.14,13.67,9.79,4.51,False,NORMAL,NONE
AWS-02,Jaisalmer Desert,2026-08-07T10:15:00+00:00,43.72,989.09,11.01,6.81,3.29,False,NORMAL,NONE
AWS-02,Jaisalmer Desert,2026-08-07T10:30:00+00:00,45.13,989.19,10.0,6.48,3.35,False,NORMAL,NONE
AWS-02,Jaisalmer Desert,2026-08-07T10:45:00+00:00,45.62,989.34,10.0,6.84,3.79,False,NORMAL,NONE
AWS-02,Jaisalmer Desert,2026-08-07T11:00:00+00:00,45.76,989.42,10.0,6.95,4.69,False,NORMAL,NONE
AWS-02,Jaisalmer Desert,2026-08-07T11:15:00+00:00,47.08,988.94,10.0,7.94,4.11,False,NORMAL,NONE
AWS-02,Jaisalmer Desert,2026-08-07T11:30:00+00:00,47.54,988.73,10.0,8.28,3.21,False,NORMAL,NONE
AWS-02,Jaisalmer Desert,2026-08-07T11:45:00+00:00,47.38,988.56,10.0,8.17,3.6,False,NORMAL,NONE
AWS-02,Jaisalmer Desert,2026-08-07T12:00:00+00:00,48.01,988.25,10.0,8.63,3.91,False,NORMAL,NONE
AWS-02,Jaisalmer Desert,2026-08-07T12:15:00+00:00,48.77,988.73,10.0,9.2,2.82,False,NORMAL,NONE
AWS-02,Jaisalmer Desert,2026-08-07T12:30:00+00:00,48.84,987.9,10.0,9.26,3.95,False,NORMAL,NONE
AWS-02,Jaisalmer Desert,2026-08-07T12:45:00+00:00,48.61,988.72,10.0,9.09,6.49,False,NORMAL,NONE
AWS-02,Jaisalmer Desert,2026-08-07T13:00:00+00:00,49.52,988.67,10.0,9.76,4.21,False,NORMAL,NONE
AWS-02,Jaisalmer Desert,2026-08-07T13:15:00+00:00,49.76,988.01,10.0,9.94,3.48,False,NORMAL,NONE
AWS-02,Jaisalmer Desert,2026-08-07T13:30:00+00:00,50.17,987.54,10.0,10.25,4.67,False,NORMAL,NONE
AWS-02,Jaisalmer Desert,2026-08-07T13:45:00+00:00,48.96,987.65,17.2,17.68,5.02,True,ANOMALY,SENSOR_DRIFT
AWS-02,Jaisalmer Desert,2026-08-07T14:00:00+00:00,44.7,989.81,38.0,27.14,1.99,False,GENUINE_WEATHER_EVENT,GENUINE_WEATHER_EVENT
AWS-02,Jaisalmer Desert,2026-08-07T14:15:00+00:00,50.2,987.89,10.0,10.27,3.24,False,NORMAL,NONE
AWS-02,Jaisalmer Desert,2026-08-07T14:30:00+00:00,49.8,987.17,10.0,9.97,4.54,False,NORMAL,NONE
AWS-02,Jaisalmer Desert,2026-08-07T14:45:00+00:00,49.17,987.07,10.0,9.5,5.99,False,NORMAL,NONE
AWS-02,Jaisalmer Desert,2026-08-07T15:00:00+00:00,49.36,986.75,18.0,18.72,5.2,True,ANOMALY,SENSOR_DRIFT
AWS-02,Jaisalmer Desert,2026-08-07T15:15:00+00:00,49.61,986.99,10.0,9.83,4.82,False,NORMAL,NONE
AWS-02,Jaisalmer Desert,2026-08-07T15:30:00+00:00,48.49,986.25,10.0,9.0,4.3,False,NORMAL,NONE
AWS-02,Jaisalmer Desert,2026-08-07T15:45:00+00:00,48.7,986.94,10.0,9.15,2.88,False,NORMAL,NONE
AWS-02,Jaisalmer Desert,2026-08-07T16:00:00+00:00,48.44,987.28,10.0,8.96,4.47,False,NORMAL,NONE
AWS-02,Jaisalmer Desert,2026-08-07T16:15:00+00:00,20.0,986.96,100.0,23.5,4.67,True,ANOMALY,CROSS_SENSOR_INCONSISTENCY
AWS-02,Jaisalmer Desert,2026-08-07T16:30:00+00:00,47.69,986.49,10.0,8.4,3.17,False,NORMAL,NONE
AWS-02,Jaisalmer Desert,2026-08-07T16:45:00+00:00,46.8,986.5,10.0,7.73,3.82,False,NORMAL,NONE
AWS-02,Jaisalmer Desert,2026-08-07T17:00:00+00:00,45.61,987.19,10.0,6.84,1.84,False,NORMAL,NONE
AWS-02,Jaisalmer Desert,2026-08-07T17:15:00+00:00,45.7,987.0,10.42,7.5,2.99,False,NORMAL,NONE
AWS-02,Jaisalmer Desert,2026-08-07T17:30:00+00:00,44.95,987.17,10.0,6.35,2.86,False,NORMAL,NONE
AWS-02,Jaisalmer Desert,2026-08-07T17:45:00+00:00,20.0,987.22,100.0,23.5,2.55,True,ANOMALY,CROSS_SENSOR_INCONSISTENCY
AWS-02,Jaisalmer Desert,2026-08-07T18:00:00+00:00,43.79,987.44,11.49,7.49,2.77,False,NORMAL,NONE
AWS-02,Jaisalmer Desert,2026-08-07T18:15:00+00:00,42.52,987.31,12.05,7.22,1.65,False,NORMAL,NONE
AWS-02,Jaisalmer Desert,2026-08-07T18:30:00+00:00,42.21,987.37,10.24,4.62,3.1,False,NORMAL,NONE
AWS-02,Jaisalmer Desert,2026-08-07T18:45:00+00:00,41.39,987.28,13.94,8.48,4.5,False,NORMAL,NONE
AWS-02,Jaisalmer Desert,2026-08-07T19:00:00+00:00,40.6,987.42,17.74,11.45,3.74,False,NORMAL,NONE
AWS-02,Jaisalmer Desert,2026-08-07T19:15:00+00:00,57.77,988.65,18.56,25.96,5.53,True,ANOMALY,SPIKE
AWS-02,Jaisalmer Desert,2026-08-07T19:30:00+00:00,38.4,988.85,18.46,10.28,4.05,False,NORMAL,NONE
AWS-02,Jaisalmer Desert,2026-08-07T19:45:00+00:00,37.72,988.39,20.01,10.93,5.78,False,NORMAL,NONE
AWS-02,Jaisalmer Desert,2026-08-07T20:00:00+00:00,37.63,988.71,22.72,12.79,3.24,False,NORMAL,NONE
AWS-02,Jaisalmer Desert,2026-08-07T20:15:00+00:00,36.38,988.82,28.94,15.47,2.73,True,ANOMALY,SENSOR_DRIFT
AWS-02,Jaisalmer Desert,2026-08-07T20:30:00+00:00,34.99,988.92,25.55,12.37,4.46,False,NORMAL,NONE
AWS-02,Jaisalmer Desert,2026-08-07T20:45:00+00:00,34.87,988.69,25.96,12.51,2.68,False,NORMAL,NONE
AWS-02,Jaisalmer Desert,2026-08-07T21:00:00+00:00,32.93,989.12,33.61,14.82,2.6,True,ANOMALY,SENSOR_DRIFT
AWS-02,Jaisalmer Desert,2026-08-07T21:15:00+00:00,32.59,970.95,29.06,12.29,4.15,True,ANOMALY,SPIKE
AWS-02,Jaisalmer Desert,2026-08-07T21:30:00+00:00,32.79,988.9,29.61,12.74,2.52,False,NORMAL,NONE
AWS-02,Jaisalmer Desert,2026-08-07T21:45:00+00:00,31.76,990.09,31.77,12.93,2.71,False,NORMAL,NONE
AWS-02,Jaisalmer Desert,2026-08-07T22:00:00+00:00,30.73,989.11,32.28,12.27,3.63,False,NORMAL,NONE
AWS-02,Jaisalmer Desert,2026-08-07T22:15:00+00:00,30.04,989.23,32.17,11.63,3.55,False,NORMAL,NONE
AWS-02,Jaisalmer Desert,2026-08-07T22:30:00+00:00,29.68,988.56,36.37,13.18,3.0,False,NORMAL,NONE
AWS-02,Jaisalmer Desert,2026-08-07T22:45:00+00:00,28.3,989.44,34.88,11.33,4.21,False,NORMAL,NONE
AWS-02,Jaisalmer Desert,2026-08-07T23:00:00+00:00,27.58,988.91,35.99,11.16,4.17,False,NORMAL,NONE
AWS-02,Jaisalmer Desert,2026-08-07T23:15:00+00:00,27.13,988.61,37.88,11.55,3.24,False,NORMAL,NONE
AWS-02,Jaisalmer Desert,2026-08-07T23:30:00+00:00,27.21,989.16,38.31,11.78,5.91,False,NORMAL,NONE
AWS-02,Jaisalmer Desert,2026-08-07T23:45:00+00:00,25.75,988.63,37.47,10.16,2.48,False,NORMAL,NONE
AWS-02,Jaisalmer Desert,2026-08-08T00:00:00+00:00,25.03,989.05,39.49,10.29,3.89,False,NORMAL,NONE
AWS-02,Jaisalmer Desert,2026-08-08T00:15:00+00:00,25.91,988.44,40.93,11.63,5.59,False,NORMAL,NONE
AWS-02,Jaisalmer Desert,2026-08-08T00:30:00+00:00,25.34,988.16,41.63,11.37,7.25,False,NORMAL,NONE
AWS-02,Jaisalmer Desert,2026-08-08T00:45:00+00:00,24.02,988.07,41.66,10.19,3.18,False,NORMAL,NONE
AWS-02,Jaisalmer Desert,2026-08-08T01:00:00+00:00,24.34,987.96,43.12,11.0,4.82,False,NORMAL,NONE
AWS-02,Jaisalmer Desert,2026-08-08T01:15:00+00:00,23.48,987.76,41.7,9.72,1.83,False,NORMAL,NONE
AWS-02,Jaisalmer Desert,2026-08-08T01:30:00+00:00,24.35,987.57,49.98,13.25,2.08,True,ANOMALY,SENSOR_DRIFT
AWS-02,Jaisalmer Desert,2026-08-08T01:45:00+00:00,23.89,988.04,43.35,10.67,4.54,False,NORMAL,NONE
AWS-02,Jaisalmer Desert,2026-08-08T02:00:00+00:00,24.15,987.39,41.36,10.21,5.93,False,NORMAL,NONE
AWS-02,Jaisalmer Desert,2026-08-08T02:15:00+00:00,23.31,987.63,43.03,10.04,2.76,False,NORMAL,NONE
AWS-02,Jaisalmer Desert,2026-08-08T02:30:00+00:00,24.2,987.02,43.47,11.0,3.52,False,NORMAL,NONE
AWS-02,Jaisalmer Desert,2026-08-08T02:45:00+00:00,23.78,986.28,41.94,10.08,5.62,False,NORMAL,NONE
AWS-02,Jaisalmer Desert,2026-08-08T03:00:00+00:00,24.66,986.99,41.54,10.73,4.4,False,NORMAL,NONE
AWS-02,Jaisalmer Desert,2026-08-08T03:15:00+00:00,24.66,986.84,43.88,11.56,3.7,False,NORMAL,NONE
AWS-02,Jaisalmer Desert,2026-08-08T03:30:00+00:00,25.28,986.79,41.06,11.11,4.97,False,NORMAL,NONE
AWS-02,Jaisalmer Desert,2026-08-08T03:45:00+00:00,24.91,986.81,41.28,10.86,2.83,False,NORMAL,NONE
AWS-02,Jaisalmer Desert,2026-08-08T04:00:00+00:00,25.6,986.82,41.31,11.49,1.81,False,NORMAL,NONE
AWS-02,Jaisalmer Desert,2026-08-08T04:15:00+00:00,26.49,987.05,38.56,11.24,4.52,False,NORMAL,NONE
AWS-02,Jaisalmer Desert,2026-08-08T04:30:00+00:00,20.0,986.82,100.0,23.5,1.5,True,ANOMALY,CROSS_SENSOR_INCONSISTENCY
AWS-02,Jaisalmer Desert,2026-08-08T04:45:00+00:00,27.27,986.76,36.63,11.16,1.62,False,NORMAL,NONE
AWS-02,Jaisalmer Desert,2026-08-08T05:00:00+00:00,27.73,987.06,35.98,11.3,2.07,False,NORMAL,NONE
AWS-02,Jaisalmer Desert,2026-08-08T05:15:00+00:00,28.57,987.29,34.52,11.41,4.04,False,NORMAL,NONE
AWS-02,Jaisalmer Desert,2026-08-08T05:30:00+00:00,28.7,986.9,32.46,10.6,2.57,False,NORMAL,NONE
AWS-02,Jaisalmer Desert,2026-08-08T05:45:00+00:00,29.46,987.2,31.16,10.64,5.65,False,NORMAL,NONE
AWS-02,Jaisalmer Desert,2026-08-08T06:00:00+00:00,30.19,987.38,32.07,11.71,4.93,False,NORMAL,NONE
AWS-02,Jaisalmer Desert,2026-08-08T06:15:00+00:00,31.49,987.47,31.75,12.69,5.24,False,NORMAL,NONE
AWS-02,Jaisalmer Desert,2026-08-08T06:30:00+00:00,32.42,987.79,30.27,12.76,1.79,False,NORMAL,NONE
AWS-02,Jaisalmer Desert,2026-08-08T06:45:00+00:00,33.69,987.93,31.55,14.49,4.75,False,NORMAL,NONE
AWS-02,Jaisalmer Desert,2026-08-08T07:00:00+00:00,33.59,987.82,29.86,13.56,3.23,False,NORMAL,NONE
AWS-02,Jaisalmer Desert,2026-08-08T07:15:00+00:00,34.26,987.93,35.14,16.68,5.97,True,ANOMALY,SENSOR_DRIFT
AWS-02,Jaisalmer Desert,2026-08-08T07:30:00+00:00,35.53,988.36,25.91,13.04,4.72,False,NORMAL,NONE
AWS-02,Jaisalmer Desert,2026-08-08T07:45:00+00:00,35.94,988.44,22.51,11.24,3.36,False,NORMAL,NONE
AWS-02,Jaisalmer Desert,2026-08-08T08:00:00+00:00,36.72,988.68,22.28,11.74,3.36,False,NORMAL,NONE
AWS-02,Jaisalmer Desert,2026-08-08T08:15:00+00:00,38.35,989.14,20.61,11.9,3.49,False,NORMAL,NONE
AWS-02,Jaisalmer Desert,2026-08-08T08:30:00+00:00,38.75,988.95,20.71,12.3,0.56,False,NORMAL,NONE
AWS-02,Jaisalmer Desert,2026-08-08T08:45:00+00:00,39.07,988.93,17.75,10.23,2.22,False,NORMAL,NONE
AWS-02,Jaisalmer Desert,2026-08-08T09:00:00+00:00,40.18,989.17,17.72,11.1,3.23,False,NORMAL,NONE
AWS-02,Jaisalmer Desert,2026-08-08T09:15:00+00:00,41.5,988.91,14.81,9.46,3.25,False,NORMAL,NONE
AWS-02,Jaisalmer Desert,2026-08-08T09:30:00+00:00,42.81,988.81,11.37,6.6,8.47,False,NORMAL,NONE
AWS-02,Jaisalmer Desert,2026-08-08T09:45:00+00:00,42.08,989.72,11.68,6.43,4.14,False,NORMAL,NONE
AWS-02,Jaisalmer Desert,2026-08-08T10:00:00+00:00,43.44,989.64,11.13,6.76,3.86,False,NORMAL,NONE
AWS-02,Jaisalmer Desert,2026-08-08T10:15:00+00:00,44.41,989.49,11.68,8.21,3.52,False,NORMAL,NONE
AWS-02,Jaisalmer Desert,2026-08-08T10:30:00+00:00,45.51,989.38,10.0,6.77,6.18,False,NORMAL,NONE
AWS-02,Jaisalmer Desert,2026-08-08T10:45:00+00:00,45.79,988.98,10.0,6.97,4.74,False,NORMAL,NONE
AWS-02,Jaisalmer Desert,2026-08-08T11:00:00+00:00,46.84,988.89,10.0,7.76,1.96,False,NORMAL,NONE
AWS-02,Jaisalmer Desert,2026-08-08T11:15:00+00:00,46.44,988.83,10.0,7.46,4.73,False,NORMAL,NONE
AWS-02,Jaisalmer Desert,2026-08-08T11:30:00+00:00,46.82,989.21,10.0,7.74,5.13,False,NORMAL,NONE
AWS-02,Jaisalmer Desert,2026-08-08T11:45:00+00:00,47.02,988.81,10.0,7.89,2.75,False,NORMAL,NONE
AWS-02,Jaisalmer Desert,2026-08-08T12:00:00+00:00,48.32,988.5,10.0,8.87,5.58,False,NORMAL,NONE
AWS-02,Jaisalmer Desert,2026-08-08T12:15:00+00:00,33.22,989.19,10.0,-2.5,2.16,True,ANOMALY,SPIKE
AWS-02,Jaisalmer Desert,2026-08-08T12:30:00+00:00,48.71,988.31,10.0,9.16,3.96,False,NORMAL,NONE
AWS-02,Jaisalmer Desert,2026-08-08T12:45:00+00:00,49.86,988.15,10.0,10.01,3.03,False,NORMAL,NONE
AWS-02,Jaisalmer Desert,2026-08-08T13:00:00+00:00,49.19,988.06,10.0,9.52,2.44,False,NORMAL,NONE
AWS-02,Jaisalmer Desert,2026-08-08T13:15:00+00:00,49.02,987.79,10.0,9.39,3.62,False,NORMAL,NONE
AWS-02,Jaisalmer Desert,2026-08-08T13:30:00+00:00,49.82,987.6,10.0,9.99,6.28,False,NORMAL,NONE
AWS-02,Jaisalmer Desert,2026-08-08T13:45:00+00:00,49.92,987.02,10.0,10.07,2.36,False,NORMAL,NONE
AWS-02,Jaisalmer Desert,2026-08-08T14:00:00+00:00,50.16,988.24,10.0,10.24,6.46,False,NORMAL,NONE
AWS-02,Jaisalmer Desert,2026-08-08T14:15:00+00:00,50.19,987.33,10.0,10.26,4.7,False,NORMAL,NONE
AWS-02,Jaisalmer Desert,2026-08-08T14:30:00+00:00,50.16,986.78,10.0,10.24,4.82,False,NORMAL,NONE
AWS-02,Jaisalmer Desert,2026-08-08T14:45:00+00:00,50.11,987.07,10.0,10.2,7.07,False,NORMAL,NONE
AWS-02,Jaisalmer Desert,2026-08-08T15:00:00+00:00,49.9,986.65,10.0,10.05,4.96,False,NORMAL,NONE
AWS-02,Jaisalmer Desert,2026-08-08T15:15:00+00:00,48.85,986.9,10.0,9.26,4.38,False,NORMAL,NONE
AWS-02,Jaisalmer Desert,2026-08-08T15:30:00+00:00,49.15,987.21,10.0,9.49,4.41,False,NORMAL,NONE
AWS-02,Jaisalmer Desert,2026-08-08T15:45:00+00:00,48.79,986.59,10.0,9.21,4.18,False,NORMAL,NONE
AWS-02,Jaisalmer Desert,2026-08-08T16:00:00+00:00,48.23,987.0,10.0,8.8,5.01,False,NORMAL,NONE
AWS-02,Jaisalmer Desert,2026-08-08T16:15:00+00:00,48.21,986.78,10.0,8.78,3.26,False,NORMAL,NONE
AWS-02,Jaisalmer Desert,2026-08-08T16:30:00+00:00,47.13,987.54,10.0,7.98,7.42,False,NORMAL,NONE
AWS-02,Jaisalmer Desert,2026-08-08T16:45:00+00:00,47.24,987.26,10.0,8.06,4.41,False,NORMAL,NONE
AWS-02,Jaisalmer Desert,2026-08-08T17:00:00+00:00,46.59,987.15,10.0,7.57,5.28,False,NORMAL,NONE
AWS-02,Jaisalmer Desert,2026-08-08T17:15:00+00:00,45.01,986.67,10.0,6.39,2.44,False,NORMAL,NONE
AWS-02,Jaisalmer Desert,2026-08-08T17:30:00+00:00,44.54,987.18,10.0,6.03,4.19,False,NORMAL,NONE
AWS-02,Jaisalmer Desert,2026-08-08T17:45:00+00:00,44.13,987.08,11.97,8.36,3.39,False,NORMAL,NONE
AWS-02,Jaisalmer Desert,2026-08-08T18:00:00+00:00,43.23,987.21,10.77,6.13,4.4,False,NORMAL,NONE
AWS-02,Jaisalmer Desert,2026-08-08T18:15:00+00:00,42.33,987.39,12.84,7.99,2.35,False,NORMAL,NONE
AWS-02,Jaisalmer Desert,2026-08-08T18:30:00+00:00,42.87,987.22,12.95,8.54,3.34,False,NORMAL,NONE
AWS-02,Jaisalmer Desert,2026-08-08T18:45:00+00:00,41.38,987.75,15.78,10.31,4.02,False,NORMAL,NONE
AWS-02,Jaisalmer Desert,2026-08-08T19:00:00+00:00,41.21,987.84,17.11,11.4,3.17,False,NORMAL,NONE
AWS-02,Jaisalmer Desert,2026-08-08T19:15:00+00:00,39.19,988.22,17.12,9.79,2.87,False,NORMAL,NONE
AWS-02,Jaisalmer Desert,2026-08-08T19:30:00+00:00,38.77,988.03,18.76,10.82,5.3,False,NORMAL,NONE
AWS-02,Jaisalmer Desert,2026-08-08T19:45:00+00:00,38.09,988.82,21.86,12.58,5.36,False,NORMAL,NONE
AWS-02,Jaisalmer Desert,2026-08-08T20:00:00+00:00,36.57,988.56,21.32,10.94,3.47,False,NORMAL,NONE
AWS-02,Jaisalmer Desert,2026-08-08T20:15:00+00:00,36.41,988.44,22.55,11.66,0.91,False,NORMAL,NONE
AWS-02,Jaisalmer Desert,2026-08-08T20:30:00+00:00,35.21,988.93,24.62,11.99,4.09,False,NORMAL,NONE
AWS-02,Jaisalmer Desert,2026-08-08T20:45:00+00:00,34.32,989.09,25.0,11.47,2.45,False,NORMAL,NONE
AWS-02,Jaisalmer Desert,2026-08-08T21:00:00+00:00,33.68,988.77,28.83,13.1,2.88,False,NORMAL,NONE
AWS-02,Jaisalmer Desert,2026-08-08T21:15:00+00:00,32.42,989.21,29.41,12.32,4.32,False,NORMAL,NONE
AWS-02,Jaisalmer Desert,2026-08-08T21:30:00+00:00,32.16,989.47,28.26,11.49,6.3,False,NORMAL,NONE
AWS-02,Jaisalmer Desert,2026-08-08T21:45:00+00:00,31.25,989.25,31.47,12.35,3.66,False,NORMAL,NONE
AWS-02,Jaisalmer Desert,2026-08-08T22:00:00+00:00,30.42,988.89,33.71,12.67,4.81,False,NORMAL,NONE
AWS-02,Jaisalmer Desert,2026-08-08T22:15:00+00:00,29.93,989.33,33.95,12.35,2.61,False,NORMAL,NONE
AWS-02,Jaisalmer Desert,2026-08-08T22:30:00+00:00,29.62,988.78,35.6,12.8,2.98,False,NORMAL,NONE
AWS-02,Jaisalmer Desert,2026-08-08T22:45:00+00:00,28.68,988.54,36.37,12.29,4.1,False,NORMAL,NONE
AWS-02,Jaisalmer Desert,2026-08-08T23:00:00+00:00,27.66,989.03,37.54,11.87,7.95,False,NORMAL,NONE
AWS-02,Jaisalmer Desert,2026-08-08T23:15:00+00:00,27.66,988.96,38.24,12.16,2.91,False,NORMAL,NONE
AWS-02,Jaisalmer Desert,2026-08-08T23:30:00+00:00,26.5,988.96,38.91,11.39,4.4,False,NORMAL,NONE
AWS-02,Jaisalmer Desert,2026-08-08T23:45:00+00:00,25.54,988.23,40.2,11.03,3.02,False,NORMAL,NONE
AWS-02,Jaisalmer Desert,2026-08-09T00:00:00+00:00,25.57,988.7,39.08,10.62,6.57,False,NORMAL,NONE
AWS-02,Jaisalmer Desert,2026-08-09T00:15:00+00:00,25.48,988.44,40.61,11.12,2.36,False,NORMAL,NONE
AWS-02,Jaisalmer Desert,2026-08-09T00:30:00+00:00,24.79,989.05,41.43,10.8,3.05,False,NORMAL,NONE
AWS-02,Jaisalmer Desert,2026-08-09T00:45:00+00:00,25.12,987.63,40.97,10.93,3.17,False,NORMAL,NONE
AWS-02,Jaisalmer Desert,2026-08-09T01:00:00+00:00,24.78,987.71,41.48,10.82,2.67,False,NORMAL,NONE
AWS-02,Jaisalmer Desert,2026-08-09T01:15:00+00:00,23.82,988.56,43.5,10.66,3.52,False,NORMAL,NONE
AWS-02,Jaisalmer Desert,2026-08-09T01:30:00+00:00,24.69,988.24,43.11,11.31,2.43,False,NORMAL,NONE
AWS-02,Jaisalmer Desert,2026-08-09T01:45:00+00:00,23.79,987.14,43.66,10.69,2.2,False,NORMAL,NONE
AWS-02,Jaisalmer Desert,2026-08-09T02:00:00+00:00,23.85,987.44,42.58,10.37,5.31,False,NORMAL,NONE
AWS-02,Jaisalmer Desert,2026-08-09T02:15:00+00:00,23.72,987.41,42.69,10.29,5.73,False,NORMAL,NONE
AWS-02,Jaisalmer Desert,2026-08-09T02:30:00+00:00,24.39,987.3,52.99,14.19,4.35,True,ANOMALY,SENSOR_DRIFT
AWS-02,Jaisalmer Desert,2026-08-09T02:45:00+00:00,24.9,986.97,42.79,11.39,3.68,False,NORMAL,NONE
AWS-02,Jaisalmer Desert,2026-08-09T03:00:00+00:00,24.73,987.17,41.55,10.79,4.78,False,NORMAL,NONE
AWS-02,Jaisalmer Desert,2026-08-09T03:15:00+00:00,24.07,987.22,42.45,10.53,4.08,False,NORMAL,NONE
AWS-02,Jaisalmer Desert,2026-08-09T03:30:00+00:00,25.27,987.15,41.2,11.15,2.46,False,NORMAL,NONE
AWS-02,Jaisalmer Desert,2026-08-09T03:45:00+00:00,25.86,987.07,40.59,11.45,3.89,False,NORMAL,NONE
AWS-02,Jaisalmer Desert,2026-08-09T04:00:00+00:00,26.1,986.8,40.29,11.55,3.84,False,NORMAL,NONE
AWS-02,Jaisalmer Desert,2026-08-09T04:15:00+00:00,25.64,987.58,37.76,10.17,3.1,False,NORMAL,NONE
AWS-02,Jaisalmer Desert,2026-08-09T04:30:00+00:00,26.82,986.7,39.24,11.8,4.61,False,NORMAL,NONE
AWS-02,Jaisalmer Desert,2026-08-09T04:45:00+00:00,26.95,986.88,37.15,11.09,3.41,False,NORMAL,NONE
AWS-02,Jaisalmer Desert,2026-08-09T05:00:00+00:00,28.02,987.38,35.9,11.52,4.47,False,NORMAL,NONE
AWS-02,Jaisalmer Desert,2026-08-09T05:15:00+00:00,27.86,987.14,36.06,11.44,2.03,False,NORMAL,NONE
AWS-02,Jaisalmer Desert,2026-08-09T05:30:00+00:00,29.8,986.8,32.77,11.7,1.34,False,NORMAL,NONE
AWS-02,Jaisalmer Desert,2026-08-09T05:45:00+00:00,29.37,987.37,31.79,10.87,4.1,False,NORMAL,NONE
AWS-02,Jaisalmer Desert,2026-08-09T06:00:00+00:00,30.16,987.76,43.99,16.57,3.69,True,ANOMALY,SENSOR_DRIFT
AWS-02,Jaisalmer Desert,2026-08-09T06:15:00+00:00,31.48,987.96,33.94,13.7,4.84,False,NORMAL,NONE
AWS-02,Jaisalmer Desert,2026-08-09T06:30:00+00:00,31.15,988.14,30.43,11.75,3.04,False,NORMAL,NONE
AWS-02,Jaisalmer Desert,2026-08-09T06:45:00+00:00,32.54,987.61,28.06,11.71,5.31,False,NORMAL,NONE
AWS-02,Jaisalmer Desert,2026-08-09T07:00:00+00:00,28.54,990.58,51.77,17.66,4.15,False,GENUINE_WEATHER_EVENT,GENUINE_WEATHER_EVENT
AWS-02,Jaisalmer Desert,2026-08-09T07:15:00+00:00,34.04,987.35,28.09,13.01,2.4,False,NORMAL,NONE
AWS-02,Jaisalmer Desert,2026-08-09T07:30:00+00:00,34.88,988.72,25.17,12.05,3.66,False,NORMAL,NONE
AWS-02,Jaisalmer Desert,2026-08-09T07:45:00+00:00,36.08,988.38,22.51,11.36,6.02,False,NORMAL,NONE
AWS-02,Jaisalmer Desert,2026-08-09T08:00:00+00:00,36.85,988.27,22.7,12.13,2.8,False,NORMAL,NONE
AWS-02,Jaisalmer Desert,2026-08-09T08:15:00+00:00,37.5,988.44,18.57,9.64,3.03,False,NORMAL,NONE
AWS-02,Jaisalmer Desert,2026-08-09T08:30:00+00:00,38.91,988.36,21.34,12.89,0.94,False,NORMAL,NONE
AWS-02,Jaisalmer Desert,2026-08-09T08:45:00+00:00,39.77,989.59,15.46,8.74,4.59,False,NORMAL,NONE
AWS-02,Jaisalmer Desert,2026-08-09T09:00:00+00:00,40.27,988.42,15.86,9.51,3.82,False,NORMAL,NONE
AWS-02,Jaisalmer Desert,2026-08-09T09:15:00+00:00,40.89,989.38,15.66,9.82,5.15,False,NORMAL,NONE
AWS-02,Jaisalmer Desert,2026-08-09T09:30:00+00:00,42.62,989.3,13.51,8.98,1.92,False,NORMAL,NONE
AWS-02,Jaisalmer Desert,2026-08-09T09:45:00+00:00,42.79,989.13,11.17,6.32,4.08,False,NORMAL,NONE
AWS-02,Jaisalmer Desert,2026-08-09T10:00:00+00:00,43.83,989.0,11.65,7.73,5.66,False,NORMAL,NONE
AWS-02,Jaisalmer Desert,2026-08-09T10:15:00+00:00,44.21,989.36,10.36,6.3,4.62,False,NORMAL,NONE
AWS-02,Jaisalmer Desert,2026-08-09T10:30:00+00:00,44.63,989.58,10.0,6.1,4.35,False,NORMAL,NONE
AWS-02,Jaisalmer Desert,2026-08-09T10:45:00+00:00,45.09,989.13,10.0,6.45,2.95,False,NORMAL,NONE
AWS-02,Jaisalmer Desert,2026-08-09T11:00:00+00:00,46.51,988.46,10.0,7.51,3.77,False,NORMAL,NONE
AWS-02,Jaisalmer Desert,2026-08-09T11:15:00+00:00,47.14,988.81,10.0,7.99,3.94,False,NORMAL,NONE
AWS-02,Jaisalmer Desert,2026-08-09T11:30:00+00:00,47.07,988.67,10.0,7.93,4.19,False,NORMAL,NONE
AWS-02,Jaisalmer Desert,2026-08-09T11:45:00+00:00,48.05,988.43,10.0,8.66,2.15,False,NORMAL,NONE
AWS-02,Jaisalmer Desert,2026-08-09T12:00:00+00:00,48.59,988.71,10.0,9.07,5.31,False,NORMAL,NONE
AWS-02,Jaisalmer Desert,2026-08-09T12:15:00+00:00,48.68,988.54,10.0,9.13,4.02,False,NORMAL,NONE
AWS-02,Jaisalmer Desert,2026-08-09T12:30:00+00:00,48.94,988.48,10.0,9.33,3.36,False,NORMAL,NONE
AWS-02,Jaisalmer Desert,2026-08-09T12:45:00+00:00,49.69,988.11,10.0,9.89,1.81,False,NORMAL,NONE
AWS-02,Jaisalmer Desert,2026-08-09T13:00:00+00:00,49.72,988.16,10.0,9.92,5.46,False,NORMAL,NONE
AWS-02,Jaisalmer Desert,2026-08-09T13:15:00+00:00,49.31,987.98,10.0,9.61,4.34,False,NORMAL,NONE
AWS-02,Jaisalmer Desert,2026-08-09T13:30:00+00:00,44.48,989.81,38.0,26.94,3.22,False,GENUINE_WEATHER_EVENT,GENUINE_WEATHER_EVENT
AWS-02,Jaisalmer Desert,2026-08-09T13:45:00+00:00,49.57,987.1,10.0,9.8,1.75,False,NORMAL,NONE
AWS-02,Jaisalmer Desert,2026-08-09T14:00:00+00:00,49.3,987.44,10.0,9.6,5.72,False,NORMAL,NONE
AWS-02,Jaisalmer Desert,2026-08-09T14:15:00+00:00,49.2,987.52,10.0,9.52,2.83,False,NORMAL,NONE
AWS-02,Jaisalmer Desert,2026-08-09T14:30:00+00:00,49.96,986.8,10.0,10.09,1.77,False,NORMAL,NONE
AWS-02,Jaisalmer Desert,2026-08-09T14:45:00+00:00,48.81,987.06,10.0,9.23,4.66,False,NORMAL,NONE
AWS-02,Jaisalmer Desert,2026-08-09T15:00:00+00:00,49.28,987.09,10.0,9.59,5.61,False,NORMAL,NONE
AWS-02,Jaisalmer Desert,2026-08-09T15:15:00+00:00,49.23,986.57,10.0,9.55,2.98,False,NORMAL,NONE
AWS-02,Jaisalmer Desert,2026-08-09T15:30:00+00:00,48.97,987.08,10.0,9.36,3.15,False,NORMAL,NONE
AWS-02,Jaisalmer Desert,2026-08-09T15:45:00+00:00,48.41,986.67,10.0,8.93,1.32,False,NORMAL,NONE
AWS-02,Jaisalmer Desert,2026-08-09T16:00:00+00:00,48.4,987.2,10.0,8.92,3.64,False,NORMAL,NONE
AWS-02,Jaisalmer Desert,2026-08-09T16:15:00+00:00,47.92,986.63,10.0,8.57,6.53,False,NORMAL,NONE
AWS-02,Jaisalmer Desert,2026-08-09T16:30:00+00:00,47.85,987.37,10.0,8.52,2.24,False,NORMAL,NONE
AWS-02,Jaisalmer Desert,2026-08-09T16:45:00+00:00,46.74,986.75,10.0,7.68,5.79,False,NORMAL,NONE
AWS-02,Jaisalmer Desert,2026-08-09T17:00:00+00:00,45.79,987.04,10.0,6.98,2.56,False,NORMAL,NONE
AWS-02,Jaisalmer Desert,2026-08-09T17:15:00+00:00,45.67,987.16,10.0,6.88,3.44,False,NORMAL,NONE
AWS-02,Jaisalmer Desert,2026-08-09T17:30:00+00:00,45.29,987.54,10.0,6.6,3.06,False,NORMAL,NONE
AWS-02,Jaisalmer Desert,2026-08-09T17:45:00+00:00,44.21,987.23,10.52,6.53,4.13,False,NORMAL,NONE
AWS-02,Jaisalmer Desert,2026-08-09T18:00:00+00:00,43.71,987.64,11.32,7.21,3.39,False,NORMAL,NONE
AWS-02,Jaisalmer Desert,2026-08-09T18:15:00+00:00,42.65,987.66,15.08,10.65,5.53,False,NORMAL,NONE
AWS-02,Jaisalmer Desert,2026-08-09T18:30:00+00:00,42.28,987.88,17.74,12.8,5.81,False,NORMAL,NONE
AWS-02,Jaisalmer Desert,2026-08-09T18:45:00+00:00,41.29,988.23,15.23,9.71,0.6,False,NORMAL,NONE
AWS-02,Jaisalmer Desert,2026-08-09T19:00:00+00:00,40.3,987.93,16.61,10.23,4.99,False,NORMAL,NONE
AWS-02,Jaisalmer Desert,2026-08-09T19:15:00+00:00,39.81,988.16,17.25,10.4,2.83,False,NORMAL,NONE
AWS-02,Jaisalmer Desert,2026-08-09T19:30:00+00:00,38.55,988.68,20.34,11.86,4.06,False,NORMAL,NONE
AWS-02,Jaisalmer Desert,2026-08-09T19:45:00+00:00,37.98,989.14,21.77,12.42,1.95,False,NORMAL,NONE
AWS-02,Jaisalmer Desert,2026-08-09T20:00:00+00:00,37.05,988.17,21.84,11.71,5.0,False,NORMAL,NONE
AWS-02,Jaisalmer Desert,2026-08-09T20:15:00+00:00,36.17,988.59,22.27,11.28,4.01,False,NORMAL,NONE
AWS-02,Jaisalmer Desert,2026-08-09T20:30:00+00:00,35.13,989.25,25.01,12.16,3.1,False,NORMAL,NONE
AWS-02,Jaisalmer Desert,2026-08-09T20:45:00+00:00,34.22,988.53,27.2,12.67,2.73,False,NORMAL,NONE
AWS-02,Jaisalmer Desert,2026-08-09T21:00:00+00:00,33.11,988.92,28.61,12.49,5.0,False,NORMAL,NONE
AWS-02,Jaisalmer Desert,2026-08-09T21:15:00+00:00,32.28,989.05,28.67,11.81,4.51,False,NORMAL,NONE
AWS-02,Jaisalmer Desert,2026-08-09T21:30:00+00:00,31.59,989.18,29.42,11.62,2.27,False,NORMAL,NONE
AWS-02,Jaisalmer Desert,2026-08-09T21:45:00+00:00,20.0,989.31,100.0,23.5,8.04,True,ANOMALY,CROSS_SENSOR_INCONSISTENCY
AWS-02,Jaisalmer Desert,2026-08-09T22:00:00+00:00,30.23,989.15,32.81,12.09,3.02,False,NORMAL,NONE
AWS-02,Jaisalmer Desert,2026-08-09T22:15:00+00:00,29.48,988.91,32.84,11.45,1.81,False,NORMAL,NONE
AWS-02,Jaisalmer Desert,2026-08-09T22:30:00+00:00,28.78,989.21,34.46,11.57,3.99,False,NORMAL,NONE
AWS-02,Jaisalmer Desert,2026-08-09T22:45:00+00:00,27.72,988.71,36.32,11.43,1.62,False,NORMAL,NONE
AWS-02,Jaisalmer Desert,2026-08-09T23:00:00+00:00,28.06,988.71,37.21,12.09,4.67,False,NORMAL,NONE
AWS-02,Jaisalmer Desert,2026-08-09T23:15:00+00:00,27.43,989.2,37.84,11.79,3.38,False,NORMAL,NONE
AWS-02,Jaisalmer Desert,2026-08-09T23:30:00+00:00,26.3,988.81,35.17,9.69,5.25,False,NORMAL,NONE
AWS-02,Jaisalmer Desert,2026-08-09T23:45:00+00:00,26.88,1011.08,36.75,10.86,2.8,True,ANOMALY,SPIKE
AWS-02,Jaisalmer Desert,2026-08-10T00:00:00+00:00,26.14,988.88,37.07,10.34,5.34,False,NORMAL,NONE
AWS-02,Jaisalmer Desert,2026-08-10T00:15:00+00:00,25.99,989.01,39.82,11.28,0.97,False,NORMAL,NONE
AWS-02,Jaisalmer Desert,2026-08-10T00:30:00+00:00,24.81,988.33,41.33,10.78,4.93,False,NORMAL,NONE
AWS-02,Jaisalmer Desert,2026-08-10T00:45:00+00:00,24.34,988.31,40.92,10.22,4.8,False,NORMAL,NONE
AWS-02,Jaisalmer Desert,2026-08-10T01:00:00+00:00,24.02,969.66,42.62,10.54,3.86,True,ANOMALY,SPIKE
AWS-02,Jaisalmer Desert,2026-08-10T01:15:00+00:00,24.96,987.29,42.43,11.32,4.0,False,NORMAL,NONE
AWS-02,Jaisalmer Desert,2026-08-10T01:30:00+00:00,23.77,987.82,41.02,9.74,2.11,False,NORMAL,NONE
AWS-02,Jaisalmer Desert,2026-08-10T01:45:00+00:00,23.39,987.63,44.48,10.61,4.12,False,NORMAL,NONE
AWS-02,Jaisalmer Desert,2026-08-10T02:00:00+00:00,23.94,987.44,44.28,11.04,5.04,False,NORMAL,NONE
AWS-02,Jaisalmer Desert,2026-08-10T02:15:00+00:00,24.05,987.33,43.07,10.72,7.95,False,NORMAL,NONE
AWS-02,Jaisalmer Desert,2026-08-10T02:30:00+00:00,24.27,987.37,42.52,10.72,7.67,False,NORMAL,NONE
AWS-02,Jaisalmer Desert,2026-08-10T02:45:00+00:00,25.36,986.96,43.12,11.92,1.86,False,NORMAL,NONE
AWS-02,Jaisalmer Desert,2026-08-10T03:00:00+00:00,25.56,986.85,41.73,11.6,4.88,False,NORMAL,NONE
AWS-02,Jaisalmer Desert,2026-08-10T03:15:00+00:00,24.72,987.07,43.33,11.42,4.47,False,NORMAL,NONE
AWS-02,Jaisalmer Desert,2026-08-10T03:30:00+00:00,25.58,986.85,41.42,11.51,4.14,False,NORMAL,NONE
AWS-02,Jaisalmer Desert,2026-08-10T03:45:00+00:00,25.32,986.9,42.25,11.58,3.65,False,NORMAL,NONE
AWS-02,Jaisalmer Desert,2026-08-10T04:00:00+00:00,25.34,987.3,41.81,11.44,3.35,False,NORMAL,NONE
AWS-02,Jaisalmer Desert,2026-08-10T04:15:00+00:00,25.92,987.33,39.18,10.98,4.23,False,NORMAL,NONE
AWS-02,Jaisalmer Desert,2026-08-10T04:30:00+00:00,26.35,986.93,38.11,10.94,3.22,False,NORMAL,NONE
AWS-02,Jaisalmer Desert,2026-08-10T04:45:00+00:00,27.54,986.86,36.89,11.51,1.84,False,NORMAL,NONE
AWS-02,Jaisalmer Desert,2026-08-10T05:00:00+00:00,27.89,986.53,38.85,12.61,6.11,False,NORMAL,NONE
AWS-02,Jaisalmer Desert,2026-08-10T05:15:00+00:00,28.74,987.2,36.13,12.25,4.62,False,NORMAL,NONE
AWS-02,Jaisalmer Desert,2026-08-10T05:30:00+00:00,28.14,987.03,32.16,9.96,4.85,False,NORMAL,NONE
AWS-02,Jaisalmer Desert,2026-08-10T05:45:00+00:00,29.66,987.45,33.6,11.96,1.78,False,NORMAL,NONE
AWS-02,Jaisalmer Desert,2026-08-10T06:00:00+00:00,30.66,986.8,29.09,10.65,6.48,False,NORMAL,NONE
AWS-02,Jaisalmer Desert,2026-08-10T06:15:00+00:00,31.78,987.23,30.04,12.1,5.03,False,NORMAL,NONE
AWS-02,Jaisalmer Desert,2026-08-10T06:30:00+00:00,32.19,988.06,31.39,13.12,2.4,False,NORMAL,NONE
AWS-02,Jaisalmer Desert,2026-08-10T06:45:00+00:00,32.79,987.93,26.87,11.27,3.74,False,NORMAL,NONE
AWS-02,Jaisalmer Desert,2026-08-10T07:00:00+00:00,33.5,987.92,27.13,12.02,4.71,False,NORMAL,NONE
AWS-02,Jaisalmer Desert,2026-08-10T07:15:00+00:00,33.92,987.39,26.47,12.0,3.02,False,NORMAL,NONE
AWS-02,Jaisalmer Desert,2026-08-10T07:30:00+00:00,35.3,988.06,25.72,12.73,5.36,False,NORMAL,NONE
AWS-02,Jaisalmer Desert,2026-08-10T07:45:00+00:00,36.52,988.49,22.99,12.05,2.75,False,NORMAL,NONE
AWS-02,Jaisalmer Desert,2026-08-10T08:00:00+00:00,37.1,988.27,20.54,10.83,6.25,False,NORMAL,NONE
AWS-02,Jaisalmer Desert,2026-08-10T08:15:00+00:00,37.21,988.21,21.12,11.33,4.06,False,NORMAL,NONE
AWS-02,Jaisalmer Desert,2026-08-10T08:30:00+00:00,39.03,988.8,19.54,11.65,6.92,False,NORMAL,NONE
AWS-02,Jaisalmer Desert,2026-08-10T08:45:00+00:00,39.61,989.0,18.59,11.36,3.73,False,NORMAL,NONE
AWS-02,Jaisalmer Desert,2026-08-10T09:00:00+00:00,40.36,989.44,14.32,8.07,3.05,False,NORMAL,NONE
AWS-02,Jaisalmer Desert,2026-08-10T09:15:00+00:00,40.91,989.1,14.47,8.65,3.88,False,NORMAL,NONE
AWS-02,Jaisalmer Desert,2026-08-10T09:30:00+00:00,42.33,989.42,13.83,9.1,4.14,False,NORMAL,NONE
AWS-02,Jaisalmer Desert,2026-08-10T09:45:00+00:00,42.38,989.24,14.1,9.42,3.91,False,NORMAL,NONE
AWS-02,Jaisalmer Desert,2026-08-10T10:00:00+00:00,43.62,989.09,12.23,8.28,2.12,False,NORMAL,NONE
AWS-02,Jaisalmer Desert,2026-08-10T10:15:00+00:00,43.98,989.25,10.0,5.61,3.34,False,NORMAL,NONE
AWS-02,Jaisalmer Desert,2026-08-10T10:30:00+00:00,44.96,988.79,10.0,6.35,5.78,True,ANOMALY,FROZEN_SENSOR
AWS-02,Jaisalmer Desert,2026-08-10T10:45:00+00:00,44.96,988.6,10.0,6.35,5.76,True,ANOMALY,FROZEN_SENSOR
AWS-02,Jaisalmer Desert,2026-08-10T11:00:00+00:00,44.96,989.13,10.0,6.35,2.39,True,ANOMALY,FROZEN_SENSOR
AWS-02,Jaisalmer Desert,2026-08-10T11:15:00+00:00,44.96,988.78,10.0,6.35,3.45,True,ANOMALY,FROZEN_SENSOR
AWS-02,Jaisalmer Desert,2026-08-10T11:30:00+00:00,44.96,989.12,10.0,6.35,2.45,True,ANOMALY,FROZEN_SENSOR
AWS-02,Jaisalmer Desert,2026-08-10T11:45:00+00:00,44.96,988.9,10.0,6.35,5.08,True,ANOMALY,FROZEN_SENSOR
AWS-02,Jaisalmer Desert,2026-08-10T12:00:00+00:00,44.96,988.62,10.0,6.35,6.02,True,ANOMALY,FROZEN_SENSOR
AWS-02,Jaisalmer Desert,2026-08-10T12:15:00+00:00,44.96,988.44,10.0,6.35,4.37,True,ANOMALY,FROZEN_SENSOR
AWS-02,Jaisalmer Desert,2026-08-10T12:30:00+00:00,49.44,988.33,10.0,9.7,5.75,False,NORMAL,NONE
AWS-02,Jaisalmer Desert,2026-08-10T12:45:00+00:00,48.81,988.28,10.0,9.24,5.55,False,NORMAL,NONE
AWS-02,Jaisalmer Desert,2026-08-10T13:00:00+00:00,50.02,987.23,10.0,10.13,5.51,False,NORMAL,NONE
AWS-02,Jaisalmer Desert,2026-08-10T13:15:00+00:00,49.24,987.18,10.0,9.56,3.39,False,NORMAL,NONE
AWS-02,Jaisalmer Desert,2026-08-10T13:30:00+00:00,49.75,987.53,10.0,9.93,2.01,False,NORMAL,NONE
AWS-02,Jaisalmer Desert,2026-08-10T13:45:00+00:00,49.97,987.51,10.0,10.1,2.23,False,NORMAL,NONE
AWS-02,Jaisalmer Desert,2026-08-10T14:00:00+00:00,50.06,987.6,10.0,10.17,2.87,False,NORMAL,NONE
AWS-02,Jaisalmer Desert,2026-08-10T14:15:00+00:00,50.12,987.57,10.0,10.22,3.9,False,NORMAL,NONE
AWS-02,Jaisalmer Desert,2026-08-10T14:30:00+00:00,49.99,987.12,10.0,10.12,3.0,False,NORMAL,NONE
AWS-02,Jaisalmer Desert,2026-08-10T14:45:00+00:00,50.24,987.58,10.0,10.3,6.04,False,NORMAL,NONE
AWS-02,Jaisalmer Desert,2026-08-10T15:00:00+00:00,49.8,987.28,10.0,9.97,2.44,False,NORMAL,NONE
AWS-02,Jaisalmer Desert,2026-08-10T15:15:00+00:00,50.12,986.81,10.0,10.21,5.18,False,NORMAL,NONE
AWS-02,Jaisalmer Desert,2026-08-10T15:30:00+00:00,49.02,987.41,10.0,9.39,2.38,False,NORMAL,NONE
AWS-02,Jaisalmer Desert,2026-08-10T15:45:00+00:00,48.05,986.79,10.0,8.66,2.48,False,NORMAL,NONE
AWS-02,Jaisalmer Desert,2026-08-10T16:00:00+00:00,47.66,987.1,10.0,8.38,3.22,False,NORMAL,NONE
AWS-02,Jaisalmer Desert,2026-08-10T16:15:00+00:00,47.13,986.79,10.0,7.98,2.47,False,NORMAL,NONE
AWS-02,Jaisalmer Desert,2026-08-10T16:30:00+00:00,46.89,1008.92,10.0,7.8,5.71,True,ANOMALY,SPIKE
AWS-02,Jaisalmer Desert,2026-08-10T16:45:00+00:00,47.47,986.51,10.0,8.23,5.99,False,NORMAL,NONE
AWS-02,Jaisalmer Desert,2026-08-10T17:00:00+00:00,46.4,986.76,10.0,7.43,2.1,False,NORMAL,NONE
AWS-02,Jaisalmer Desert,2026-08-10T17:15:00+00:00,45.9,987.12,10.68,8.02,3.23,False,NORMAL,NONE
AWS-02,Jaisalmer Desert,2026-08-10T17:30:00+00:00,45.07,986.83,10.0,6.43,4.39,False,NORMAL,NONE
AWS-02,Jaisalmer Desert,2026-08-10T17:45:00+00:00,44.3,987.32,10.0,5.85,4.99,False,NORMAL,NONE
AWS-02,Jaisalmer Desert,2026-08-10T18:00:00+00:00,43.09,987.63,10.0,4.95,4.12,False,NORMAL,NONE
AWS-02,Jaisalmer Desert,2026-08-10T18:15:00+00:00,41.29,987.55,13.14,7.54,4.31,False,NORMAL,NONE
AWS-02,Jaisalmer Desert,2026-08-10T18:30:00+00:00,43.17,987.89,13.32,9.2,7.31,False,NORMAL,NONE
AWS-02,Jaisalmer Desert,2026-08-10T18:45:00+00:00,41.2,987.96,14.27,8.68,1.59,False,NORMAL,NONE
AWS-02,Jaisalmer Desert,2026-08-10T19:00:00+00:00,41.06,987.96,17.91,11.98,5.36,False,NORMAL,NONE
AWS-02,Jaisalmer Desert,2026-08-10T19:15:00+00:00,39.83,987.96,26.69,17.14,1.39,True,ANOMALY,SENSOR_DRIFT
AWS-02,Jaisalmer Desert,2026-08-10T19:30:00+00:00,38.9,988.15,17.06,9.5,1.96,False,NORMAL,NONE
AWS-02,Jaisalmer Desert,2026-08-10T19:45:00+00:00,38.15,988.2,19.84,11.17,4.25,False,NORMAL,NONE
AWS-02,Jaisalmer Desert,2026-08-10T20:00:00+00:00,36.99,988.71,24.32,13.3,4.95,False,NORMAL,NONE
AWS-02,Jaisalmer Desert,2026-08-10T20:15:00+00:00,35.79,988.66,22.96,11.42,5.59,False,NORMAL,NONE
AWS-02,Jaisalmer Desert,2026-08-10T20:30:00+00:00,35.15,989.33,24.78,12.04,3.24,False,NORMAL,NONE
AWS-02,Jaisalmer Desert,2026-08-10T20:45:00+00:00,34.93,989.41,27.78,13.6,6.55,False,NORMAL,NONE
AWS-02,Jaisalmer Desert,2026-08-10T21:00:00+00:00,33.15,988.78,27.11,11.71,5.37,False,NORMAL,NONE
AWS-02,Jaisalmer Desert,2026-08-10T21:15:00+00:00,32.94,989.46,29.55,12.84,5.94,False,NORMAL,NONE
AWS-02,Jaisalmer Desert,2026-08-10T21:30:00+00:00,32.12,988.54,29.92,12.32,4.49,False,NORMAL,NONE
AWS-02,Jaisalmer Desert,2026-08-10T21:45:00+00:00,31.16,988.57,32.89,12.94,1.9,False,NORMAL,NONE
AWS-02,Jaisalmer Desert,2026-08-10T22:00:00+00:00,30.33,988.99,31.93,11.77,4.42,False,NORMAL,NONE
AWS-02,Jaisalmer Desert,2026-08-10T22:15:00+00:00,30.49,989.21,34.55,13.11,4.91,False,NORMAL,NONE
AWS-02,Jaisalmer Desert,2026-08-10T22:30:00+00:00,28.86,988.81,34.2,11.53,6.42,True,ANOMALY,FROZEN_SENSOR
AWS-02,Jaisalmer Desert,2026-08-10T22:45:00+00:00,28.86,989.34,34.24,11.54,3.71,True,ANOMALY,FROZEN_SENSOR
AWS-02,Jaisalmer Desert,2026-08-10T23:00:00+00:00,28.86,988.88,37.98,13.12,5.38,True,ANOMALY,FROZEN_SENSOR
AWS-02,Jaisalmer Desert,2026-08-10T23:15:00+00:00,28.86,989.21,100.0,28.86,3.6,True,ANOMALY,FROZEN_SENSOR
AWS-02,Jaisalmer Desert,2026-08-10T23:30:00+00:00,28.86,988.55,37.79,13.04,2.94,True,ANOMALY,FROZEN_SENSOR
AWS-02,Jaisalmer Desert,2026-08-10T23:45:00+00:00,28.86,988.46,39.08,13.56,5.11,True,ANOMALY,FROZEN_SENSOR
AWS-02,Jaisalmer Desert,2026-08-11T00:00:00+00:00,28.86,988.43,38.16,13.19,4.14,True,ANOMALY,FROZEN_SENSOR
AWS-02,Jaisalmer Desert,2026-08-11T00:15:00+00:00,28.86,988.5,40.33,14.04,5.65,True,ANOMALY,FROZEN_SENSOR
AWS-02,Jaisalmer Desert,2026-08-11T00:30:00+00:00,24.86,988.29,41.36,10.84,5.75,False,NORMAL,NONE
AWS-02,Jaisalmer Desert,2026-08-11T00:45:00+00:00,24.25,988.29,43.16,10.93,3.18,False,NORMAL,NONE
AWS-02,Jaisalmer Desert,2026-08-11T01:00:00+00:00,24.39,987.91,43.54,11.19,5.47,False,NORMAL,NONE
AWS-02,Jaisalmer Desert,2026-08-11T01:15:00+00:00,23.75,987.79,41.72,9.97,3.32,False,NORMAL,NONE
AWS-02,Jaisalmer Desert,2026-08-11T01:30:00+00:00,23.94,987.59,40.69,9.77,4.55,False,NORMAL,NONE
AWS-02,Jaisalmer Desert,2026-08-11T01:45:00+00:00,24.67,987.16,43.98,11.6,0.93,False,NORMAL,NONE
AWS-02,Jaisalmer Desert,2026-08-11T02:00:00+00:00,23.12,987.24,43.98,10.19,6.9,False,NORMAL,NONE
AWS-02,Jaisalmer Desert,2026-08-11T02:15:00+00:00,23.78,987.19,44.51,10.98,3.51,False,NORMAL,NONE
AWS-02,Jaisalmer Desert,2026-08-11T02:30:00+00:00,23.92,987.14,41.52,10.06,3.66,False,NORMAL,NONE
AWS-02,Jaisalmer Desert,2026-08-11T02:45:00+00:00,23.93,987.65,42.53,10.43,5.47,False,NORMAL,NONE
AWS-02,Jaisalmer Desert,2026-08-11T03:00:00+00:00,24.11,986.86,42.47,10.57,3.23,False,NORMAL,NONE
AWS-02,Jaisalmer Desert,2026-08-11T03:15:00+00:00,24.78,986.71,41.94,10.98,4.18,False,NORMAL,NONE
AWS-02,Jaisalmer Desert,2026-08-11T03:30:00+00:00,24.82,986.87,41.27,10.77,3.16,False,NORMAL,NONE
AWS-02,Jaisalmer Desert,2026-08-11T03:45:00+00:00,25.28,986.75,40.33,10.84,4.79,False,NORMAL,NONE
AWS-02,Jaisalmer Desert,2026-08-11T04:00:00+00:00,25.82,986.87,39.89,11.16,0.74,False,NORMAL,NONE
AWS-02,Jaisalmer Desert,2026-08-11T04:15:00+00:00,49.98,986.94,37.44,31.53,2.97,True,ANOMALY,SPIKE
AWS-02,Jaisalmer Desert,2026-08-11T04:30:00+00:00,26.38,987.53,38.92,11.29,1.9,False,NORMAL,NONE
AWS-02,Jaisalmer Desert,2026-08-11T04:45:00+00:00,27.06,987.19,38.76,11.83,5.57,False,NORMAL,NONE
AWS-02,Jaisalmer Desert,2026-08-11T05:00:00+00:00,28.18,986.95,36.39,11.86,4.11,False,NORMAL,NONE
AWS-02,Jaisalmer Desert,2026-08-11T05:15:00+00:00,28.43,986.88,38.14,12.8,5.13,False,NORMAL,NONE
AWS-02,Jaisalmer Desert,2026-08-11T05:30:00+00:00,29.78,986.45,34.05,12.26,4.88,False,NORMAL,NONE
AWS-02,Jaisalmer Desert,2026-08-11T05:45:00+00:00,29.97,987.22,34.7,12.72,1.98,False,NORMAL,NONE
AWS-02,Jaisalmer Desert,2026-08-11T06:00:00+00:00,54.9,987.18,31.9,32.97,3.44,True,ANOMALY,SPIKE
AWS-02,Jaisalmer Desert,2026-08-11T06:15:00+00:00,31.17,987.75,34.14,13.52,4.23,False,NORMAL,NONE
AWS-02,Jaisalmer Desert,2026-08-11T06:30:00+00:00,32.4,987.84,29.57,12.39,4.4,False,NORMAL,NONE
AWS-02,Jaisalmer Desert,2026-08-11T06:45:00+00:00,32.6,987.61,29.17,12.35,7.04,False,NORMAL,NONE
AWS-02,Jaisalmer Desert,2026-08-11T07:00:00+00:00,33.72,987.95,25.85,11.47,1.38,False,NORMAL,NONE
AWS-02,Jaisalmer Desert,2026-08-11T07:15:00+00:00,34.1,988.24,27.74,12.87,3.49,False,NORMAL,NONE
AWS-02,Jaisalmer Desert,2026-08-11T07:30:00+00:00,35.43,988.81,25.3,12.59,3.35,False,NORMAL,NONE
AWS-02,Jaisalmer Desert,2026-08-11T07:45:00+00:00,35.73,988.54,23.77,11.89,4.44,False,NORMAL,NONE
AWS-02,Jaisalmer Desert,2026-08-11T08:00:00+00:00,36.71,988.03,22.61,11.95,3.83,False,NORMAL,NONE
AWS-02,Jaisalmer Desert,2026-08-11T08:15:00+00:00,38.13,988.33,18.35,9.97,1.69,False,NORMAL,NONE
AWS-02,Jaisalmer Desert,2026-08-11T08:30:00+00:00,39.34,988.84,20.55,12.66,4.58,False,NORMAL,NONE
AWS-02,Jaisalmer Desert,2026-08-11T08:45:00+00:00,39.06,988.54,20.09,12.1,3.82,False,NORMAL,NONE
AWS-02,Jaisalmer Desert,2026-08-11T09:00:00+00:00,40.53,989.05,17.33,11.05,3.59,False,NORMAL,NONE
AWS-02,Jaisalmer Desert,2026-08-11T09:15:00+00:00,41.44,989.4,14.97,9.58,6.71,False,NORMAL,NONE
AWS-02,Jaisalmer Desert,2026-08-11T09:30:00+00:00,41.75,989.03,15.66,10.49,2.03,False,NORMAL,NONE
AWS-02,Jaisalmer Desert,2026-08-11T09:45:00+00:00,42.81,989.52,13.57,9.19,3.04,False,NORMAL,NONE
AWS-02,Jaisalmer Desert,2026-08-11T10:00:00+00:00,43.83,988.97,11.96,8.11,4.97,False,NORMAL,NONE
AWS-02,Jaisalmer Desert,2026-08-11T10:15:00+00:00,44.14,988.55,12.8,9.36,2.44,False,NORMAL,NONE
AWS-02,Jaisalmer Desert,2026-08-11T10:30:00+00:00,43.88,989.11,10.0,5.54,5.14,False,NORMAL,NONE
AWS-02,Jaisalmer Desert,2026-08-11T10:45:00+00:00,46.45,989.0,10.0,7.46,4.84,False,NORMAL,NONE
AWS-02,Jaisalmer Desert,2026-08-11T11:00:00+00:00,45.47,989.07,10.0,6.74,4.63,False,NORMAL,NONE
AWS-02,Jaisalmer Desert,2026-08-11T11:15:00+00:00,47.08,989.45,10.0,7.94,2.39,False,NORMAL,NONE
AWS-02,Jaisalmer Desert,2026-08-11T11:30:00+00:00,47.17,988.97,10.0,8.01,4.49,False,NORMAL,NONE
AWS-02,Jaisalmer Desert,2026-08-11T11:45:00+00:00,47.95,988.44,10.0,8.59,3.37,False,NORMAL,NONE
AWS-02,Jaisalmer Desert,2026-08-11T12:00:00+00:00,48.79,988.72,10.0,9.21,3.5,False,NORMAL,NONE
AWS-02,Jaisalmer Desert,2026-08-11T12:15:00+00:00,49.42,988.22,10.0,9.69,3.04,False,NORMAL,NONE
AWS-02,Jaisalmer Desert,2026-08-11T12:30:00+00:00,49.15,988.37,10.0,9.49,1.89,False,NORMAL,NONE
AWS-02,Jaisalmer Desert,2026-08-11T12:45:00+00:00,48.65,988.72,10.0,9.11,4.5,False,NORMAL,NONE
AWS-02,Jaisalmer Desert,2026-08-11T13:00:00+00:00,49.92,988.81,10.0,10.06,4.42,False,NORMAL,NONE
AWS-02,Jaisalmer Desert,2026-08-11T13:15:00+00:00,49.69,987.83,10.0,9.89,4.79,False,NORMAL,NONE
AWS-02,Jaisalmer Desert,2026-08-11T13:30:00+00:00,50.29,988.08,10.0,10.34,3.81,False,NORMAL,NONE
AWS-02,Jaisalmer Desert,2026-08-11T13:45:00+00:00,20.0,987.19,100.0,23.5,2.56,True,ANOMALY,CROSS_SENSOR_INCONSISTENCY
AWS-02,Jaisalmer Desert,2026-08-11T14:00:00+00:00,50.18,987.97,10.0,10.25,3.53,False,NORMAL,NONE
AWS-02,Jaisalmer Desert,2026-08-11T14:15:00+00:00,49.46,987.61,10.0,9.72,3.87,False,NORMAL,NONE
AWS-02,Jaisalmer Desert,2026-08-11T14:30:00+00:00,49.53,987.25,10.0,9.77,2.61,False,NORMAL,NONE
AWS-02,Jaisalmer Desert,2026-08-11T14:45:00+00:00,50.4,986.99,10.0,10.42,4.81,False,NORMAL,NONE
AWS-02,Jaisalmer Desert,2026-08-11T15:00:00+00:00,49.17,987.35,10.0,9.5,1.91,False,NORMAL,NONE
AWS-02,Jaisalmer Desert,2026-08-11T15:15:00+00:00,49.14,987.27,10.0,9.48,2.71,False,NORMAL,NONE
AWS-02,Jaisalmer Desert,2026-08-11T15:30:00+00:00,48.17,987.16,10.0,8.76,5.3,False,NORMAL,NONE
AWS-02,Jaisalmer Desert,2026-08-11T15:45:00+00:00,48.19,986.54,10.0,8.77,4.14,False,NORMAL,NONE
AWS-02,Jaisalmer Desert,2026-08-11T16:00:00+00:00,48.09,986.31,10.0,8.69,4.43,False,NORMAL,NONE
AWS-02,Jaisalmer Desert,2026-08-11T16:15:00+00:00,49.04,987.11,10.0,9.41,8.33,False,NORMAL,NONE
AWS-02,Jaisalmer Desert,2026-08-11T16:30:00+00:00,47.24,987.04,10.0,8.06,3.74,False,NORMAL,NONE
AWS-02,Jaisalmer Desert,2026-08-11T16:45:00+00:00,46.09,987.14,10.0,7.2,5.35,False,NORMAL,NONE
AWS-02,Jaisalmer Desert,2026-08-11T17:00:00+00:00,46.08,986.31,10.0,7.19,1.46,False,NORMAL,NONE
AWS-02,Jaisalmer Desert,2026-08-11T17:15:00+00:00,45.78,986.63,10.0,6.97,3.9,False,NORMAL,NONE
AWS-02,Jaisalmer Desert,2026-08-11T17:30:00+00:00,44.8,987.66,10.65,7.14,5.38,False,NORMAL,NONE
AWS-02,Jaisalmer Desert,2026-08-11T17:45:00+00:00,44.67,987.38,10.06,6.22,6.09,False,NORMAL,NONE
AWS-02,Jaisalmer Desert,2026-08-11T18:00:00+00:00,43.71,986.77,11.68,7.67,0.8,False,NORMAL,NONE
AWS-02,Jaisalmer Desert,2026-08-11T18:15:00+00:00,43.22,987.76,12.11,7.83,6.16,False,NORMAL,NONE
AWS-02,Jaisalmer Desert,2026-08-11T18:30:00+00:00,41.35,987.76,12.79,7.19,3.39,False,NORMAL,NONE
AWS-02,Jaisalmer Desert,2026-08-11T18:45:00+00:00,41.49,987.82,16.82,11.37,2.3,False,NORMAL,NONE
AWS-02,Jaisalmer Desert,2026-08-11T19:00:00+00:00,39.98,988.03,15.53,8.97,1.06,False,NORMAL,NONE
AWS-02,Jaisalmer Desert,2026-08-11T19:15:00+00:00,38.65,988.37,18.57,10.57,2.84,False,NORMAL,NONE
AWS-02,Jaisalmer Desert,2026-08-11T19:30:00+00:00,38.46,988.43,18.05,9.99,2.64,False,NORMAL,NONE
AWS-02,Jaisalmer Desert,2026-08-11T19:45:00+00:00,37.84,988.2,20.66,11.52,6.92,False,NORMAL,NONE
AWS-02,Jaisalmer Desert,2026-08-11T20:00:00+00:00,37.42,988.35,23.01,12.81,2.91,False,NORMAL,NONE
AWS-02,Jaisalmer Desert,2026-08-11T20:15:00+00:00,36.09,989.22,21.31,10.55,8.09,False,NORMAL,NONE
AWS-02,Jaisalmer Desert,2026-08-11T20:30:00+00:00,35.15,988.71,25.2,12.3,1.79,False,NORMAL,NONE
AWS-02,Jaisalmer Desert,2026-08-11T20:45:00+00:00,33.61,989.2,25.54,11.19,6.33,False,NORMAL,NONE
AWS-02,Jaisalmer Desert,2026-08-11T21:00:00+00:00,33.54,988.38,26.52,11.71,4.75,False,NORMAL,NONE
AWS-02,Jaisalmer Desert,2026-08-11T21:15:00+00:00,32.29,989.29,30.58,12.8,1.67,False,NORMAL,NONE
AWS-02,Jaisalmer Desert,2026-08-11T21:30:00+00:00,31.79,989.57,29.78,11.97,2.78,False,NORMAL,NONE
AWS-02,Jaisalmer Desert,2026-08-11T21:45:00+00:00,30.81,988.69,32.58,12.49,4.58,False,NORMAL,NONE
AWS-02,Jaisalmer Desert,2026-08-11T22:00:00+00:00,30.99,989.2,35.23,13.85,4.13,False,NORMAL,NONE
AWS-02,Jaisalmer Desert,2026-08-11T22:15:00+00:00,30.13,989.2,33.14,12.16,3.81,False,NORMAL,NONE
AWS-02,Jaisalmer Desert,2026-08-11T22:30:00+00:00,28.99,988.93,34.79,11.9,5.98,False,NORMAL,NONE
AWS-02,Jaisalmer Desert,2026-08-11T22:45:00+00:00,27.68,989.43,35.11,10.88,4.1,False,NORMAL,NONE
AWS-02,Jaisalmer Desert,2026-08-11T23:00:00+00:00,28.17,988.74,34.21,10.92,1.9,False,NORMAL,NONE
AWS-02,Jaisalmer Desert,2026-08-11T23:15:00+00:00,27.94,988.72,39.19,12.78,6.4,False,NORMAL,NONE
AWS-02,Jaisalmer Desert,2026-08-11T23:30:00+00:00,26.75,988.28,36.69,10.72,6.12,False,NORMAL,NONE
AWS-02,Jaisalmer Desert,2026-08-11T23:45:00+00:00,25.96,988.47,36.36,9.89,1.23,False,NORMAL,NONE
AWS-02,Jaisalmer Desert,2026-08-12T00:00:00+00:00,26.15,988.35,40.26,11.59,6.34,False,NORMAL,NONE
AWS-02,Jaisalmer Desert,2026-08-12T00:15:00+00:00,25.6,988.89,41.96,11.73,3.68,False,NORMAL,NONE
AWS-02,Jaisalmer Desert,2026-08-12T00:30:00+00:00,24.83,988.22,42.43,11.2,7.02,False,NORMAL,NONE
AWS-02,Jaisalmer Desert,2026-08-12T00:45:00+00:00,24.92,988.64,41.96,11.11,3.63,False,NORMAL,NONE
AWS-02,Jaisalmer Desert,2026-08-12T01:00:00+00:00,25.02,987.75,40.36,10.61,4.27,False,NORMAL,NONE
AWS-02,Jaisalmer Desert,2026-08-12T01:15:00+00:00,23.62,988.25,39.95,9.21,5.12,False,NORMAL,NONE
AWS-02,Jaisalmer Desert,2026-08-12T01:30:00+00:00,24.75,987.66,43.72,11.58,3.29,False,NORMAL,NONE
AWS-02,Jaisalmer Desert,2026-08-12T01:45:00+00:00,24.76,987.06,44.78,11.95,4.02,False,NORMAL,NONE
AWS-02,Jaisalmer Desert,2026-08-12T02:00:00+00:00,24.15,987.46,43.12,10.83,5.42,False,NORMAL,NONE
AWS-02,Jaisalmer Desert,2026-08-12T02:15:00+00:00,24.17,987.29,43.45,10.96,6.22,False,NORMAL,NONE
AWS-02,Jaisalmer Desert,2026-08-12T02:30:00+00:00,24.63,986.61,42.17,10.93,3.19,False,NORMAL,NONE
AWS-02,Jaisalmer Desert,2026-08-12T02:45:00+00:00,23.96,987.02,42.37,10.39,4.99,False,NORMAL,NONE
AWS-02,Jaisalmer Desert,2026-08-12T03:00:00+00:00,24.29,986.94,43.15,10.97,2.98,False,NORMAL,NONE
AWS-02,Jaisalmer Desert,2026-08-12T03:15:00+00:00,25.21,986.9,42.26,11.49,4.41,False,NORMAL,NONE
AWS-02,Jaisalmer Desert,2026-08-12T03:30:00+00:00,20.53,988.91,72.01,15.31,2.23,False,GENUINE_WEATHER_EVENT,GENUINE_WEATHER_EVENT
AWS-02,Jaisalmer Desert,2026-08-12T03:45:00+00:00,25.23,986.41,39.56,10.5,2.02,False,NORMAL,NONE
AWS-02,Jaisalmer Desert,2026-08-12T04:00:00+00:00,26.23,987.0,37.94,10.77,4.52,False,NORMAL,NONE
AWS-02,Jaisalmer Desert,2026-08-12T04:15:00+00:00,25.73,986.6,41.92,11.83,5.43,False,NORMAL,NONE
AWS-02,Jaisalmer Desert,2026-08-12T04:30:00+00:00,26.27,987.33,39.58,11.44,6.71,False,NORMAL,NONE
AWS-02,Jaisalmer Desert,2026-08-12T04:45:00+00:00,27.29,986.81,39.73,12.41,5.06,False,NORMAL,NONE
AWS-02,Jaisalmer Desert,2026-08-12T05:00:00+00:00,27.83,987.1,36.41,11.56,4.3,False,NORMAL,NONE
AWS-02,Jaisalmer Desert,2026-08-12T05:15:00+00:00,28.68,987.39,34.24,11.38,6.28,False,NORMAL,NONE
AWS-02,Jaisalmer Desert,2026-08-12T05:30:00+00:00,29.25,987.18,34.71,12.09,6.44,False,NORMAL,NONE
AWS-02,Jaisalmer Desert,2026-08-12T05:45:00+00:00,29.51,987.56,32.16,11.17,5.7,False,NORMAL,NONE
AWS-02,Jaisalmer Desert,2026-08-12T06:00:00+00:00,25.09,989.96,61.74,17.23,3.21,False,GENUINE_WEATHER_EVENT,GENUINE_WEATHER_EVENT
AWS-02,Jaisalmer Desert,2026-08-12T06:15:00+00:00,31.16,987.77,32.45,12.74,5.37,False,NORMAL,NONE
AWS-02,Jaisalmer Desert,2026-08-12T06:30:00+00:00,32.34,988.05,29.03,12.06,2.89,False,NORMAL,NONE
AWS-02,Jaisalmer Desert,2026-08-12T06:45:00+00:00,33.22,988.16,29.65,13.14,4.71,False,NORMAL,NONE
AWS-02,Jaisalmer Desert,2026-08-12T07:00:00+00:00,20.0,987.67,100.0,23.5,2.55,True,ANOMALY,CROSS_SENSOR_INCONSISTENCY
AWS-02,Jaisalmer Desert,2026-08-12T07:15:00+00:00,34.11,988.04,25.17,11.4,4.07,False,NORMAL,NONE
AWS-02,Jaisalmer Desert,2026-08-12T07:30:00+00:00,35.63,988.45,24.1,12.02,3.81,False,NORMAL,NONE
AWS-02,Jaisalmer Desert,2026-08-12T07:45:00+00:00,35.9,988.63,22.58,11.26,4.86,False,NORMAL,NONE
AWS-02,Jaisalmer Desert,2026-08-12T08:00:00+00:00,36.62,988.05,34.09,18.26,0.7,True,ANOMALY,SENSOR_DRIFT
AWS-02,Jaisalmer Desert,2026-08-12T08:15:00+00:00,37.8,988.62,21.03,11.76,4.35,False,NORMAL,NONE
AWS-02,Jaisalmer Desert,2026-08-12T08:30:00+00:00,38.89,988.71,19.96,11.85,5.96,False,NORMAL,NONE
AWS-02,Jaisalmer Desert,2026-08-12T08:45:00+00:00,39.7,989.09,18.48,11.35,4.36,False,NORMAL,NONE
AWS-02,Jaisalmer Desert,2026-08-12T09:00:00+00:00,40.24,988.96,18.13,11.49,3.47,False,NORMAL,NONE
AWS-02,Jaisalmer Desert,2026-08-12T09:15:00+00:00,40.82,989.04,15.66,9.77,2.93,False,NORMAL,NONE
AWS-02,Jaisalmer Desert,2026-08-12T09:30:00+00:00,42.93,989.37,14.51,10.28,3.54,False,NORMAL,NONE
AWS-02,Jaisalmer Desert,2026-08-12T09:45:00+00:00,43.18,988.8,12.56,8.34,0.85,False,NORMAL,NONE
AWS-02,Jaisalmer Desert,2026-08-12T10:00:00+00:00,43.5,989.28,11.27,6.99,3.63,False,NORMAL,NONE
AWS-02,Jaisalmer Desert,2026-08-12T10:15:00+00:00,44.5,989.4,10.0,6.01,4.01,False,NORMAL,NONE
AWS-02,Jaisalmer Desert,2026-08-12T10:30:00+00:00,44.77,989.09,10.0,6.21,5.75,False,NORMAL,NONE
AWS-02,Jaisalmer Desert,2026-08-12T10:45:00+00:00,45.93,989.67,10.0,7.08,4.93,False,NORMAL,NONE
AWS-02,Jaisalmer Desert,2026-08-12T11:00:00+00:00,45.03,989.53,10.0,6.4,6.08,False,NORMAL,NONE
AWS-02,Jaisalmer Desert,2026-08-12T11:15:00+00:00,47.35,989.15,10.0,8.14,4.51,False,NORMAL,NONE
AWS-02,Jaisalmer Desert,2026-08-12T11:30:00+00:00,47.97,988.77,10.0,8.61,1.73,False,NORMAL,NONE
AWS-02,Jaisalmer Desert,2026-08-12T11:45:00+00:00,48.3,989.2,10.0,8.85,4.75,False,NORMAL,NONE
AWS-02,Jaisalmer Desert,2026-08-12T12:00:00+00:00,48.97,989.22,10.0,9.36,2.44,True,ANOMALY,FROZEN_SENSOR
AWS-02,Jaisalmer Desert,2026-08-12T12:15:00+00:00,48.97,988.25,10.0,9.36,5.23,True,ANOMALY,FROZEN_SENSOR
AWS-02,Jaisalmer Desert,2026-08-12T12:30:00+00:00,48.97,970.61,10.0,9.36,2.38,True,ANOMALY,FROZEN_SENSOR
AWS-02,Jaisalmer Desert,2026-08-12T12:45:00+00:00,48.97,987.92,10.0,9.36,2.29,True,ANOMALY,FROZEN_SENSOR
AWS-02,Jaisalmer Desert,2026-08-12T13:00:00+00:00,48.97,988.08,10.0,9.36,2.39,True,ANOMALY,FROZEN_SENSOR
AWS-02,Jaisalmer Desert,2026-08-12T13:15:00+00:00,48.97,987.71,10.0,9.36,2.42,True,ANOMALY,FROZEN_SENSOR
AWS-02,Jaisalmer Desert,2026-08-12T13:30:00+00:00,48.97,987.35,10.0,9.36,3.05,True,ANOMALY,FROZEN_SENSOR
AWS-02,Jaisalmer Desert,2026-08-12T13:45:00+00:00,48.97,988.34,10.0,9.36,5.63,True,ANOMALY,FROZEN_SENSOR
AWS-02,Jaisalmer Desert,2026-08-12T14:00:00+00:00,49.98,987.29,10.0,10.1,1.14,False,NORMAL,NONE
AWS-02,Jaisalmer Desert,2026-08-12T14:15:00+00:00,49.61,987.05,10.0,9.83,4.7,False,NORMAL,NONE
AWS-02,Jaisalmer Desert,2026-08-12T14:30:00+00:00,50.38,986.71,10.0,10.4,5.25,False,NORMAL,NONE
AWS-02,Jaisalmer Desert,2026-08-12T14:45:00+00:00,49.43,987.35,10.0,9.7,0.5,False,NORMAL,NONE
AWS-02,Jaisalmer Desert,2026-08-12T15:00:00+00:00,49.06,987.54,10.0,9.42,5.19,False,NORMAL,NONE
AWS-02,Jaisalmer Desert,2026-08-12T15:15:00+00:00,48.69,986.79,10.0,9.14,5.61,False,NORMAL,NONE
AWS-02,Jaisalmer Desert,2026-08-12T15:30:00+00:00,48.87,986.92,10.0,9.28,2.53,False,NORMAL,NONE
AWS-02,Jaisalmer Desert,2026-08-12T15:45:00+00:00,48.72,987.08,10.0,9.17,3.93,False,NORMAL,NONE
AWS-02,Jaisalmer Desert,2026-08-12T16:00:00+00:00,47.81,987.15,10.0,8.48,2.42,True,ANOMALY,FROZEN_SENSOR
AWS-02,Jaisalmer Desert,2026-08-12T16:15:00+00:00,47.81,987.15,10.0,8.48,4.27,True,ANOMALY,FROZEN_SENSOR
AWS-02,Jaisalmer Desert,2026-08-12T16:30:00+00:00,47.81,987.11,10.0,8.48,3.69,True,ANOMALY,FROZEN_SENSOR
AWS-02,Jaisalmer Desert,2026-08-12T16:45:00+00:00,47.81,986.7,10.0,8.48,5.67,True,ANOMALY,FROZEN_SENSOR
AWS-02,Jaisalmer Desert,2026-08-12T17:00:00+00:00,47.81,987.08,10.0,8.48,1.43,True,ANOMALY,FROZEN_SENSOR
AWS-02,Jaisalmer Desert,2026-08-12T17:15:00+00:00,47.81,987.52,10.0,8.48,4.72,True,ANOMALY,FROZEN_SENSOR
AWS-02,Jaisalmer Desert,2026-08-12T17:30:00+00:00,47.81,987.91,10.0,8.48,3.49,True,ANOMALY,FROZEN_SENSOR
AWS-02,Jaisalmer Desert,2026-08-12T17:45:00+00:00,47.81,987.12,10.0,8.48,1.17,True,ANOMALY,FROZEN_SENSOR
AWS-02,Jaisalmer Desert,2026-08-12T18:00:00+00:00,43.68,987.3,10.09,5.53,1.73,False,NORMAL,NONE
AWS-02,Jaisalmer Desert,2026-08-12T18:15:00+00:00,43.06,987.36,13.71,9.54,4.71,False,NORMAL,NONE
AWS-02,Jaisalmer Desert,2026-08-12T18:30:00+00:00,41.83,987.65,14.96,9.88,5.18,False,NORMAL,NONE
AWS-02,Jaisalmer Desert,2026-08-12T18:45:00+00:00,35.89,990.07,43.36,21.5,3.5,False,GENUINE_WEATHER_EVENT,GENUINE_WEATHER_EVENT
AWS-02,Jaisalmer Desert,2026-08-12T19:00:00+00:00,41.06,987.76,16.05,10.32,3.03,False,NORMAL,NONE
AWS-02,Jaisalmer Desert,2026-08-12T19:15:00+00:00,39.56,987.62,18.49,11.25,5.98,False,NORMAL,NONE
AWS-02,Jaisalmer Desert,2026-08-12T19:30:00+00:00,38.74,988.26,17.68,9.91,3.67,False,NORMAL,NONE
AWS-02,Jaisalmer Desert,2026-08-12T19:45:00+00:00,37.98,988.42,21.0,11.88,3.64,False,NORMAL,NONE
AWS-02,Jaisalmer Desert,2026-08-12T20:00:00+00:00,37.1,988.62,22.06,11.9,3.15,False,NORMAL,NONE
AWS-02,Jaisalmer Desert,2026-08-12T20:15:00+00:00,36.24,988.87,22.01,11.15,1.6,False,NORMAL,NONE
AWS-02,Jaisalmer Desert,2026-08-12T20:30:00+00:00,35.1,988.62,23.3,11.07,5.62,False,NORMAL,NONE
AWS-02,Jaisalmer Desert,2026-08-12T20:45:00+00:00,34.47,988.48,25.49,11.9,0.5,False,NORMAL,NONE
AWS-02,Jaisalmer Desert,2026-08-12T21:00:00+00:00,33.81,988.86,27.82,12.67,5.44,False,NORMAL,NONE
AWS-02,Jaisalmer Desert,2026-08-12T21:15:00+00:00,33.28,989.31,29.9,13.32,3.31,False,NORMAL,NONE
AWS-02,Jaisalmer Desert,2026-08-12T21:30:00+00:00,32.25,989.67,30.32,12.65,3.05,False,NORMAL,NONE
AWS-02,Jaisalmer Desert,2026-08-12T21:45:00+00:00,30.81,989.42,31.81,12.12,5.94,False,NORMAL,NONE
AWS-02,Jaisalmer Desert,2026-08-12T22:00:00+00:00,30.33,989.68,32.04,11.82,6.3,False,NORMAL,NONE
AWS-02,Jaisalmer Desert,2026-08-12T22:15:00+00:00,29.47,988.99,32.94,11.49,2.86,False,NORMAL,NONE
AWS-02,Jaisalmer Desert,2026-08-12T22:30:00+00:00,29.08,989.5,37.05,12.94,5.67,False,NORMAL,NONE
AWS-02,Jaisalmer Desert,2026-08-12T22:45:00+00:00,28.05,989.29,35.89,11.54,5.79,False,NORMAL,NONE
AWS-02,Jaisalmer Desert,2026-08-12T23:00:00+00:00,28.52,989.15,35.83,11.93,4.43,False,NORMAL,NONE
AWS-02,Jaisalmer Desert,2026-08-12T23:15:00+00:00,26.84,970.43,38.61,11.58,5.14,True,ANOMALY,SPIKE
AWS-02,Jaisalmer Desert,2026-08-12T23:30:00+00:00,26.82,989.28,36.74,10.81,5.47,False,NORMAL,NONE
AWS-02,Jaisalmer Desert,2026-08-12T23:45:00+00:00,25.26,988.4,39.65,10.57,4.67,False,NORMAL,NONE
AWS-02,Jaisalmer Desert,2026-08-13T00:00:00+00:00,25.02,988.51,40.19,10.56,4.8,False,NORMAL,NONE
AWS-02,Jaisalmer Desert,2026-08-13T00:15:00+00:00,24.8,988.37,39.98,10.28,2.97,False,NORMAL,NONE
AWS-02,Jaisalmer Desert,2026-08-13T00:30:00+00:00,25.02,987.89,42.72,11.48,5.72,False,NORMAL,NONE
AWS-02,Jaisalmer Desert,2026-08-13T00:45:00+00:00,24.74,988.09,40.63,10.47,3.05,False,NORMAL,NONE
AWS-02,Jaisalmer Desert,2026-08-13T01:00:00+00:00,24.56,987.85,41.42,10.59,1.34,False,NORMAL,NONE
AWS-02,Jaisalmer Desert,2026-08-13T01:15:00+00:00,23.97,987.73,39.97,9.53,5.51,False,NORMAL,NONE
AWS-02,Jaisalmer Desert,2026-08-13T01:30:00+00:00,23.55,987.6,42.42,10.04,6.39,False,NORMAL,NONE
AWS-02,Jaisalmer Desert,2026-08-13T01:45:00+00:00,24.72,987.34,43.89,11.62,4.27,False,NORMAL,NONE
AWS-02,Jaisalmer Desert,2026-08-13T02:00:00+00:00,24.4,987.34,42.74,10.92,4.69,False,NORMAL,NONE
AWS-02,Jaisalmer Desert,2026-08-13T02:15:00+00:00,24.5,987.65,39.99,10.02,4.89,False,NORMAL,NONE
AWS-02,Jaisalmer Desert,2026-08-13T02:30:00+00:00,23.75,986.55,43.86,10.72,5.41,False,NORMAL,NONE
AWS-02,Jaisalmer Desert,2026-08-13T02:45:00+00:00,24.29,987.1,42.24,10.64,4.14,False,NORMAL,NONE
AWS-02,Jaisalmer Desert,2026-08-13T03:00:00+00:00,24.79,987.05,43.51,11.55,4.96,False,NORMAL,NONE
AWS-02,Jaisalmer Desert,2026-08-13T03:15:00+00:00,24.88,986.82,43.07,11.47,4.67,False,NORMAL,NONE
AWS-02,Jaisalmer Desert,2026-08-13T03:30:00+00:00,25.07,987.22,42.65,11.5,3.41,False,NORMAL,NONE
AWS-02,Jaisalmer Desert,2026-08-13T03:45:00+00:00,25.36,986.86,40.95,11.14,3.55,False,NORMAL,NONE
AWS-02,Jaisalmer Desert,2026-08-13T04:00:00+00:00,26.07,986.26,41.17,11.86,3.16,False,NORMAL,NONE
AWS-02,Jaisalmer Desert,2026-08-13T04:15:00+00:00,26.03,986.05,41.12,11.8,3.54,False,NORMAL,NONE
AWS-02,Jaisalmer Desert,2026-08-13T04:30:00+00:00,26.97,986.73,37.82,11.38,6.28,False,NORMAL,NONE
AWS-02,Jaisalmer Desert,2026-08-13T04:45:00+00:00,22.45,989.47,64.94,15.53,5.15,False,GENUINE_WEATHER_EVENT,GENUINE_WEATHER_EVENT
AWS-02,Jaisalmer Desert,2026-08-13T05:00:00+00:00,28.46,986.94,37.95,12.75,4.06,False,NORMAL,NONE
AWS-02,Jaisalmer Desert,2026-08-13T05:15:00+00:00,29.08,986.87,38.07,13.35,3.33,False,NORMAL,NONE
AWS-02,Jaisalmer Desert,2026-08-13T05:30:00+00:00,29.39,1009.07,33.95,11.88,2.99,True,ANOMALY,SPIKE
AWS-02,Jaisalmer Desert,2026-08-13T05:45:00+00:00,29.85,987.68,34.7,12.61,4.68,False,NORMAL,NONE
AWS-02,Jaisalmer Desert,2026-08-13T06:00:00+00:00,30.32,986.7,31.1,11.36,2.62,False,NORMAL,NONE
AWS-02,Jaisalmer Desert,2026-08-13T06:15:00+00:00,30.57,987.52,32.66,12.31,4.25,False,NORMAL,NONE
AWS-02,Jaisalmer Desert,2026-08-13T06:30:00+00:00,31.94,987.51,30.02,12.22,1.1,False,NORMAL,NONE
AWS-02,Jaisalmer Desert,2026-08-13T06:45:00+00:00,32.5,987.88,29.83,12.61,6.51,False,NORMAL,NONE
AWS-02,Jaisalmer Desert,2026-08-13T07:00:00+00:00,34.49,988.3,26.0,12.21,4.27,False,NORMAL,NONE
AWS-02,Jaisalmer Desert,2026-08-13T07:15:00+00:00,34.53,988.25,26.62,12.61,4.2,False,NORMAL,NONE
AWS-02,Jaisalmer Desert,2026-08-13T07:30:00+00:00,35.41,987.9,25.96,12.97,3.48,False,NORMAL,NONE
AWS-02,Jaisalmer Desert,2026-08-13T07:45:00+00:00,36.3,988.57,24.27,12.69,3.46,False,NORMAL,NONE
AWS-02,Jaisalmer Desert,2026-08-13T08:00:00+00:00,36.41,988.37,22.28,11.48,3.69,False,NORMAL,NONE
AWS-02,Jaisalmer Desert,2026-08-13T08:15:00+00:00,37.56,988.34,20.89,11.46,3.68,False,NORMAL,NONE
AWS-02,Jaisalmer Desert,2026-08-13T08:30:00+00:00,38.25,988.96,17.88,9.68,4.18,False,NORMAL,NONE
AWS-02,Jaisalmer Desert,2026-08-13T08:45:00+00:00,39.51,988.96,18.39,11.13,2.6,False,NORMAL,NONE
AWS-02,Jaisalmer Desert,2026-08-13T09:00:00+00:00,40.24,988.93,15.99,9.61,3.07,False,NORMAL,NONE
AWS-02,Jaisalmer Desert,2026-08-13T09:15:00+00:00,40.63,988.87,15.95,9.88,4.38,False,NORMAL,NONE
AWS-02,Jaisalmer Desert,2026-08-13T09:30:00+00:00,42.06,989.28,16.84,11.84,2.51,False,NORMAL,NONE
AWS-02,Jaisalmer Desert,2026-08-13T09:45:00+00:00,42.78,989.51,12.42,7.86,5.53,False,NORMAL,NONE
AWS-02,Jaisalmer Desert,2026-08-13T10:00:00+00:00,43.51,989.59,10.23,5.6,3.64,False,NORMAL,NONE
AWS-02,Jaisalmer Desert,2026-08-13T10:15:00+00:00,43.89,989.5,13.22,9.64,4.18,False,NORMAL,NONE
AWS-02,Jaisalmer Desert,2026-08-13T10:30:00+00:00,45.5,988.5,10.08,6.86,4.91,False,NORMAL,NONE
AWS-02,Jaisalmer Desert,2026-08-13T10:45:00+00:00,45.11,989.08,10.0,6.47,1.27,False,NORMAL,NONE
AWS-02,Jaisalmer Desert,2026-08-13T11:00:00+00:00,46.48,989.05,10.0,7.49,2.24,False,NORMAL,NONE
AWS-02,Jaisalmer Desert,2026-08-13T11:15:00+00:00,46.31,988.69,10.0,7.37,6.16,False,NORMAL,NONE
AWS-02,Jaisalmer Desert,2026-08-13T11:30:00+00:00,47.24,989.11,10.0,8.06,3.84,False,NORMAL,NONE
AWS-02,Jaisalmer Desert,2026-08-13T11:45:00+00:00,47.53,988.35,10.0,8.27,5.0,False,NORMAL,NONE
AWS-02,Jaisalmer Desert,2026-08-13T12:00:00+00:00,47.91,988.82,10.0,8.56,2.94,False,NORMAL,NONE
AWS-02,Jaisalmer Desert,2026-08-13T12:15:00+00:00,48.89,987.55,10.0,9.29,2.15,False,NORMAL,NONE
AWS-02,Jaisalmer Desert,2026-08-13T12:30:00+00:00,49.34,987.83,10.0,9.63,6.11,False,NORMAL,NONE
AWS-02,Jaisalmer Desert,2026-08-13T12:45:00+00:00,49.07,987.86,10.0,9.43,0.65,False,NORMAL,NONE
AWS-02,Jaisalmer Desert,2026-08-13T13:00:00+00:00,49.83,988.32,10.0,9.99,0.5,False,NORMAL,NONE
AWS-02,Jaisalmer Desert,2026-08-13T13:15:00+00:00,49.76,987.81,10.0,9.94,5.79,False,NORMAL,NONE
AWS-02,Jaisalmer Desert,2026-08-13T13:30:00+00:00,20.0,987.64,100.0,23.5,5.36,True,ANOMALY,CROSS_SENSOR_INCONSISTENCY
AWS-02,Jaisalmer Desert,2026-08-13T13:45:00+00:00,50.69,986.98,10.0,10.64,5.56,False,NORMAL,NONE
AWS-02,Jaisalmer Desert,2026-08-13T14:00:00+00:00,49.45,987.55,10.0,9.71,1.48,False,NORMAL,NONE
AWS-02,Jaisalmer Desert,2026-08-13T14:15:00+00:00,50.74,986.84,10.0,10.67,3.24,False,NORMAL,NONE
AWS-02,Jaisalmer Desert,2026-08-13T14:30:00+00:00,49.67,986.52,10.0,9.88,3.11,False,NORMAL,NONE
AWS-02,Jaisalmer Desert,2026-08-13T14:45:00+00:00,49.29,986.7,10.0,9.59,3.26,False,NORMAL,NONE
AWS-02,Jaisalmer Desert,2026-08-13T15:00:00+00:00,49.85,986.49,10.0,10.01,2.12,False,NORMAL,NONE
AWS-02,Jaisalmer Desert,2026-08-13T15:15:00+00:00,49.15,986.95,10.0,9.49,5.12,False,NORMAL,NONE
AWS-02,Jaisalmer Desert,2026-08-13T15:30:00+00:00,48.45,986.92,10.0,8.96,3.32,False,NORMAL,NONE
AWS-02,Jaisalmer Desert,2026-08-13T15:45:00+00:00,48.66,986.49,10.0,9.12,2.1,False,NORMAL,NONE
AWS-02,Jaisalmer Desert,2026-08-13T16:00:00+00:00,48.55,987.01,10.0,9.04,4.5,False,NORMAL,NONE
AWS-02,Jaisalmer Desert,2026-08-13T16:15:00+00:00,47.47,987.2,10.0,8.23,1.25,False,NORMAL,NONE
AWS-02,Jaisalmer Desert,2026-08-13T16:30:00+00:00,47.06,987.16,10.0,7.92,3.04,False,NORMAL,NONE
AWS-02,Jaisalmer Desert,2026-08-13T16:45:00+00:00,46.68,986.8,10.0,7.64,5.45,False,NORMAL,NONE
AWS-02,Jaisalmer Desert,2026-08-13T17:00:00+00:00,45.85,987.17,10.0,7.02,4.16,False,NORMAL,NONE
AWS-02,Jaisalmer Desert,2026-08-13T17:15:00+00:00,46.09,986.79,10.0,7.2,1.0,False,NORMAL,NONE
AWS-02,Jaisalmer Desert,2026-08-13T17:30:00+00:00,44.97,987.27,10.0,6.36,5.01,False,NORMAL,NONE
AWS-02,Jaisalmer Desert,2026-08-13T17:45:00+00:00,43.94,987.38,12.18,8.47,2.91,False,NORMAL,NONE
AWS-02,Jaisalmer Desert,2026-08-13T18:00:00+00:00,43.82,987.27,13.21,9.57,3.6,False,NORMAL,NONE
AWS-02,Jaisalmer Desert,2026-08-13T18:15:00+00:00,42.9,987.57,12.4,7.92,4.57,False,NORMAL,NONE
AWS-02,Jaisalmer Desert,2026-08-13T18:30:00+00:00,42.32,988.01,13.3,8.51,5.38,False,NORMAL,NONE
AWS-02,Jaisalmer Desert,2026-08-13T18:45:00+00:00,41.18,987.67,14.58,8.98,3.03,False,NORMAL,NONE
AWS-02,Jaisalmer Desert,2026-08-13T19:00:00+00:00,40.38,988.21,18.1,11.58,3.91,False,NORMAL,NONE
AWS-02,Jaisalmer Desert,2026-08-13T19:15:00+00:00,39.11,987.56,17.13,9.73,3.23,False,NORMAL,NONE
AWS-02,Jaisalmer Desert,2026-08-13T19:30:00+00:00,38.7,988.38,18.7,10.71,4.0,False,NORMAL,NONE
AWS-02,Jaisalmer Desert,2026-08-13T19:45:00+00:00,37.99,988.26,19.57,10.82,4.14,False,NORMAL,NONE
AWS-02,Jaisalmer Desert,2026-08-13T20:00:00+00:00,36.53,987.95,20.13,10.05,2.59,False,NORMAL,NONE
AWS-02,Jaisalmer Desert,2026-08-13T20:15:00+00:00,36.61,988.88,24.78,13.26,0.5,False,NORMAL,NONE
AWS-02,Jaisalmer Desert,2026-08-13T20:30:00+00:00,35.29,988.6,24.44,11.95,5.39,False,NORMAL,NONE
AWS-02,Jaisalmer Desert,2026-08-13T20:45:00+00:00,34.71,988.59,25.92,12.35,4.4,False,NORMAL,NONE
AWS-02,Jaisalmer Desert,2026-08-13T21:00:00+00:00,33.85,988.89,27.13,12.32,2.81,False,NORMAL,NONE
AWS-02,Jaisalmer Desert,2026-08-13T21:15:00+00:00,32.89,988.73,29.64,12.84,4.44,False,NORMAL,NONE
AWS-02,Jaisalmer Desert,2026-08-13T21:30:00+00:00,31.29,989.26,40.27,16.19,2.79,True,ANOMALY,SENSOR_DRIFT
AWS-02,Jaisalmer Desert,2026-08-13T21:45:00+00:00,32.04,989.2,28.83,11.69,5.77,False,NORMAL,NONE
AWS-02,Jaisalmer Desert,2026-08-13T22:00:00+00:00,30.74,1011.27,32.15,12.23,5.58,True,ANOMALY,SPIKE
AWS-02,Jaisalmer Desert,2026-08-13T22:15:00+00:00,29.31,989.07,34.2,11.92,4.42,False,NORMAL,NONE
AWS-02,Jaisalmer Desert,2026-08-13T22:30:00+00:00,28.91,989.31,34.24,11.58,4.85,False,NORMAL,NONE
AWS-02,Jaisalmer Desert,2026-08-13T22:45:00+00:00,28.04,988.66,34.7,11.02,5.23,False,NORMAL,NONE
AWS-02,Jaisalmer Desert,2026-08-13T23:00:00+00:00,27.62,989.41,37.43,11.8,1.93,False,NORMAL,NONE
AWS-02,Jaisalmer Desert,2026-08-13T23:15:00+00:00,27.11,989.02,36.3,10.88,2.45,False,NORMAL,NONE
AWS-02,Jaisalmer Desert,2026-08-13T23:30:00+00:00,26.21,989.01,37.98,10.76,6.6,False,NORMAL,NONE
AWS-02,Jaisalmer Desert,2026-08-13T23:45:00+00:00,26.34,989.01,39.68,11.55,3.95,False,NORMAL,NONE
AWS-02,Jaisalmer Desert,2026-08-14T00:00:00+00:00,26.55,988.42,41.02,12.23,3.99,False,NORMAL,NONE
AWS-02,Jaisalmer Desert,2026-08-14T00:15:00+00:00,25.61,988.36,41.21,11.46,4.54,False,NORMAL,NONE
AWS-03,Mumbai Marine Coast,2026-08-01T00:00:00+00:00,25.47,1012.5,85.28,22.81,3.35,False,NORMAL,NONE
AWS-03,Mumbai Marine Coast,2026-08-01T00:15:00+00:00,24.97,1012.11,87.09,22.67,4.94,False,NORMAL,NONE
AWS-03,Mumbai Marine Coast,2026-08-01T00:30:00+00:00,24.89,1012.11,85.47,22.28,5.49,False,NORMAL,NONE
AWS-03,Mumbai Marine Coast,2026-08-01T00:45:00+00:00,24.9,1012.57,88.1,22.79,5.33,False,NORMAL,NONE
AWS-03,Mumbai Marine Coast,2026-08-01T01:00:00+00:00,24.61,1011.78,87.28,22.36,3.72,False,NORMAL,NONE
AWS-03,Mumbai Marine Coast,2026-08-01T01:15:00+00:00,24.78,1011.63,86.94,22.46,5.11,False,NORMAL,NONE
AWS-03,Mumbai Marine Coast,2026-08-01T01:30:00+00:00,23.87,1012.05,87.16,21.61,5.31,False,NORMAL,NONE
AWS-03,Mumbai Marine Coast,2026-08-01T01:45:00+00:00,24.26,1011.57,88.32,22.2,5.91,False,NORMAL,NONE
AWS-03,Mumbai Marine Coast,2026-08-01T02:00:00+00:00,24.48,1010.76,85.16,21.82,1.45,False,NORMAL,NONE
AWS-03,Mumbai Marine Coast,2026-08-01T02:15:00+00:00,24.42,1011.09,86.23,21.97,3.91,False,NORMAL,NONE
AWS-03,Mumbai Marine Coast,2026-08-01T02:30:00+00:00,24.02,1010.99,88.07,21.92,3.77,False,NORMAL,NONE
AWS-03,Mumbai Marine Coast,2026-08-01T02:45:00+00:00,24.12,1011.01,88.4,22.08,5.56,False,NORMAL,NONE
AWS-03,Mumbai Marine Coast,2026-08-01T03:00:00+00:00,25.35,1011.07,87.32,23.08,3.84,False,NORMAL,NONE
AWS-03,Mumbai Marine Coast,2026-08-01T03:15:00+00:00,24.49,1011.12,86.09,22.01,3.78,False,NORMAL,NONE
AWS-03,Mumbai Marine Coast,2026-08-01T03:30:00+00:00,24.76,1010.89,89.22,22.87,2.15,False,NORMAL,NONE
AWS-03,Mumbai Marine Coast,2026-08-01T03:45:00+00:00,24.72,1011.44,84.68,21.96,4.72,False,NORMAL,NONE
AWS-03,Mumbai Marine Coast,2026-08-01T04:00:00+00:00,25.09,1011.37,86.41,22.66,2.82,False,NORMAL,NONE
AWS-03,Mumbai Marine Coast,2026-08-01T04:15:00+00:00,26.04,1011.15,85.38,23.4,3.21,False,NORMAL,NONE
AWS-03,Mumbai Marine Coast,2026-08-01T04:30:00+00:00,25.48,1011.15,85.71,22.91,4.36,False,NORMAL,NONE
AWS-03,Mumbai Marine Coast,2026-08-01T04:45:00+00:00,25.72,1010.42,85.27,23.05,5.51,False,NORMAL,NONE
AWS-03,Mumbai Marine Coast,2026-08-01T05:00:00+00:00,25.53,1010.48,85.37,22.89,4.59,False,NORMAL,NONE
AWS-03,Mumbai Marine Coast,2026-08-01T05:15:00+00:00,26.06,1011.22,87.41,23.8,4.72,False,NORMAL,NONE
AWS-03,Mumbai Marine Coast,2026-08-01T05:30:00+00:00,25.74,1011.55,84.27,22.88,5.46,False,NORMAL,NONE
AWS-03,Mumbai Marine Coast,2026-08-01T05:45:00+00:00,26.73,1011.66,84.14,23.83,6.1,False,NORMAL,NONE
AWS-03,Mumbai Marine Coast,2026-08-01T06:00:00+00:00,26.97,1011.12,83.9,24.02,3.26,False,NORMAL,NONE
AWS-03,Mumbai Marine Coast,2026-08-01T06:15:00+00:00,27.25,1011.52,85.34,24.57,6.77,False,NORMAL,NONE
AWS-03,Mumbai Marine Coast,2026-08-01T06:30:00+00:00,27.07,1011.6,84.61,24.25,6.56,False,NORMAL,NONE
AWS-03,Mumbai Marine Coast,2026-08-01T06:45:00+00:00,28.27,1011.88,82.69,25.04,4.71,False,NORMAL,NONE
AWS-03,Mumbai Marine Coast,2026-08-01T07:00:00+00:00,28.08,1011.99,82.59,24.84,4.59,False,NORMAL,NONE
AWS-03,Mumbai Marine Coast,2026-08-01T07:15:00+00:00,28.5,1012.52,81.84,25.1,3.8,False,NORMAL,NONE
AWS-03,Mumbai Marine Coast,2026-08-01T07:30:00+00:00,27.26,1012.42,81.72,23.86,3.19,False,NORMAL,NONE
AWS-03,Mumbai Marine Coast,2026-08-01T07:45:00+00:00,28.02,1012.39,80.4,24.33,0.5,False,NORMAL,NONE
AWS-03,Mumbai Marine Coast,2026-08-01T08:00:00+00:00,28.37,1012.49,81.06,24.81,4.13,False,NORMAL,NONE
AWS-03,Mumbai Marine Coast,2026-08-01T08:15:00+00:00,28.93,1012.55,78.39,24.79,4.06,False,NORMAL,NONE
AWS-03,Mumbai Marine Coast,2026-08-01T08:30:00+00:00,29.9,1012.99,79.24,25.91,2.4,False,NORMAL,NONE
AWS-03,Mumbai Marine Coast,2026-08-01T08:45:00+00:00,29.69,1013.12,78.18,25.48,3.23,False,NORMAL,NONE
AWS-03,Mumbai Marine Coast,2026-08-01T09:00:00+00:00,31.1,1013.4,79.41,27.11,4.56,False,NORMAL,NONE
AWS-03,Mumbai Marine Coast,2026-08-01T09:15:00+00:00,30.27,1012.69,77.38,25.87,3.79,False,NORMAL,NONE
AWS-03,Mumbai Marine Coast,2026-08-01T09:30:00+00:00,30.67,1012.95,79.49,26.71,6.17,False,NORMAL,NONE
AWS-03,Mumbai Marine Coast,2026-08-01T09:45:00+00:00,30.67,1013.4,76.76,26.12,4.24,False,NORMAL,NONE
AWS-03,Mumbai Marine Coast,2026-08-01T10:00:00+00:00,31.33,1013.44,75.65,26.51,4.72,False,NORMAL,NONE
AWS-03,Mumbai Marine Coast,2026-08-01T10:15:00+00:00,31.26,1013.56,74.43,26.17,3.77,False,NORMAL,NONE
AWS-03,Mumbai Marine Coast,2026-08-01T10:30:00+00:00,31.84,1013.04,74.21,26.68,3.05,False,NORMAL,NONE
AWS-03,Mumbai Marine Coast,2026-08-01T10:45:00+00:00,32.5,1012.5,74.94,27.48,6.18,False,NORMAL,NONE
AWS-03,Mumbai Marine Coast,2026-08-01T11:00:00+00:00,32.34,1013.36,75.35,27.42,5.64,False,NORMAL,NONE
AWS-03,Mumbai Marine Coast,2026-08-01T11:15:00+00:00,32.48,1012.47,72.48,26.89,2.24,False,NORMAL,NONE
AWS-03,Mumbai Marine Coast,2026-08-01T11:30:00+00:00,32.28,1013.11,75.29,27.35,4.66,False,NORMAL,NONE
AWS-03,Mumbai Marine Coast,2026-08-01T11:45:00+00:00,32.29,1012.32,75.31,27.36,3.73,False,NORMAL,NONE
AWS-03,Mumbai Marine Coast,2026-08-01T12:00:00+00:00,32.57,1012.27,75.81,27.75,2.26,False,NORMAL,NONE
AWS-03,Mumbai Marine Coast,2026-08-01T12:15:00+00:00,32.5,1012.46,73.04,27.04,5.72,False,NORMAL,NONE
AWS-03,Mumbai Marine Coast,2026-08-01T12:30:00+00:00,32.76,1012.69,71.73,26.98,4.23,False,NORMAL,NONE
AWS-03,Mumbai Marine Coast,2026-08-01T12:45:00+00:00,32.47,1011.32,73.06,27.02,3.87,False,NORMAL,NONE
AWS-03,Mumbai Marine Coast,2026-08-01T13:00:00+00:00,33.48,1012.25,73.18,28.01,4.87,False,NORMAL,NONE
AWS-03,Mumbai Marine Coast,2026-08-01T13:15:00+00:00,33.3,1012.22,72.43,27.66,2.93,False,NORMAL,NONE
AWS-03,Mumbai Marine Coast,2026-08-01T13:30:00+00:00,33.83,1011.37,73.02,28.32,2.83,False,NORMAL,NONE
AWS-03,Mumbai Marine Coast,2026-08-01T13:45:00+00:00,33.14,1011.11,74.1,27.9,3.68,False,NORMAL,NONE
AWS-03,Mumbai Marine Coast,2026-08-01T14:00:00+00:00,34.18,1011.42,70.46,28.04,3.15,False,NORMAL,NONE
AWS-03,Mumbai Marine Coast,2026-08-01T14:15:00+00:00,33.4,1011.12,73.46,28.0,5.36,False,NORMAL,NONE
AWS-03,Mumbai Marine Coast,2026-08-01T14:30:00+00:00,33.71,1011.55,74.26,28.49,1.68,False,NORMAL,NONE
AWS-03,Mumbai Marine Coast,2026-08-01T14:45:00+00:00,33.87,1011.52,73.51,28.47,1.71,False,NORMAL,NONE
AWS-03,Mumbai Marine Coast,2026-08-01T15:00:00+00:00,34.07,1011.57,72.81,28.49,4.49,False,NORMAL,NONE
AWS-03,Mumbai Marine Coast,2026-08-01T15:15:00+00:00,33.99,1010.95,73.61,28.61,3.43,False,NORMAL,NONE
AWS-03,Mumbai Marine Coast,2026-08-01T15:30:00+00:00,33.3,1011.45,74.21,28.08,3.03,False,NORMAL,NONE
AWS-03,Mumbai Marine Coast,2026-08-01T15:45:00+00:00,32.92,1011.05,72.5,27.32,3.49,False,NORMAL,NONE
AWS-03,Mumbai Marine Coast,2026-08-01T16:00:00+00:00,33.31,1011.05,75.6,28.41,3.56,False,NORMAL,NONE
AWS-03,Mumbai Marine Coast,2026-08-01T16:15:00+00:00,33.16,1010.86,74.8,28.09,3.87,False,NORMAL,NONE
AWS-03,Mumbai Marine Coast,2026-08-01T16:30:00+00:00,32.14,1010.57,72.27,26.52,5.71,False,NORMAL,NONE
AWS-03,Mumbai Marine Coast,2026-08-01T16:45:00+00:00,32.92,1011.01,75.26,27.96,4.05,False,NORMAL,NONE
AWS-03,Mumbai Marine Coast,2026-08-01T17:00:00+00:00,32.58,1011.1,75.29,27.64,4.1,False,NORMAL,NONE
AWS-03,Mumbai Marine Coast,2026-08-01T17:15:00+00:00,31.95,1011.43,73.21,26.55,3.05,False,NORMAL,NONE
AWS-03,Mumbai Marine Coast,2026-08-01T17:30:00+00:00,31.78,1010.94,76.43,27.12,4.57,False,NORMAL,NONE
AWS-03,Mumbai Marine Coast,2026-08-01T17:45:00+00:00,31.97,1010.38,77.89,27.63,3.39,False,NORMAL,NONE
AWS-03,Mumbai Marine Coast,2026-08-01T18:00:00+00:00,31.21,1011.41,77.8,26.88,1.53,False,NORMAL,NONE
AWS-03,Mumbai Marine Coast,2026-08-01T18:15:00+00:00,31.11,1011.64,78.36,26.89,3.45,False,NORMAL,NONE
AWS-03,Mumbai Marine Coast,2026-08-01T18:30:00+00:00,31.28,1011.78,77.05,26.77,4.1,False,NORMAL,NONE
AWS-03,Mumbai Marine Coast,2026-08-01T18:45:00+00:00,30.17,1012.33,76.57,25.59,3.65,False,NORMAL,NONE
AWS-03,Mumbai Marine Coast,2026-08-01T19:00:00+00:00,30.41,1011.69,78.84,26.32,2.87,False,NORMAL,NONE
AWS-03,Mumbai Marine Coast,2026-08-01T19:15:00+00:00,29.33,1012.28,79.0,25.31,3.75,False,NORMAL,NONE
AWS-03,Mumbai Marine Coast,2026-08-01T19:30:00+00:00,29.76,1012.86,79.95,25.92,4.1,False,NORMAL,NONE
AWS-03,Mumbai Marine Coast,2026-08-01T19:45:00+00:00,29.5,1012.73,80.96,25.89,3.12,False,NORMAL,NONE
AWS-03,Mumbai Marine Coast,2026-08-01T20:00:00+00:00,29.0,1012.55,82.12,25.64,4.1,False,NORMAL,NONE
AWS-03,Mumbai Marine Coast,2026-08-01T20:15:00+00:00,28.94,1012.68,80.1,25.16,2.69,False,NORMAL,NONE
AWS-03,Mumbai Marine Coast,2026-08-01T20:30:00+00:00,28.39,1013.07,80.59,24.73,5.12,False,NORMAL,NONE
AWS-03,Mumbai Marine Coast,2026-08-01T20:45:00+00:00,27.96,1013.36,80.57,24.31,2.89,False,NORMAL,NONE
AWS-03,Mumbai Marine Coast,2026-08-01T21:00:00+00:00,27.5,1012.63,83.15,24.38,5.66,False,NORMAL,NONE
AWS-03,Mumbai Marine Coast,2026-08-01T21:15:00+00:00,27.67,1013.1,82.85,24.49,3.61,False,NORMAL,NONE
AWS-03,Mumbai Marine Coast,2026-08-01T21:30:00+00:00,26.75,1013.03,82.42,23.51,7.42,False,NORMAL,NONE
AWS-03,Mumbai Marine Coast,2026-08-01T21:45:00+00:00,26.5,1013.28,83.64,23.51,5.44,False,NORMAL,NONE
AWS-03,Mumbai Marine Coast,2026-08-01T22:00:00+00:00,26.86,1013.17,85.58,24.23,1.69,False,NORMAL,NONE
AWS-03,Mumbai Marine Coast,2026-08-01T22:15:00+00:00,26.54,1012.62,84.23,23.66,2.66,False,NORMAL,NONE
AWS-03,Mumbai Marine Coast,2026-08-01T22:30:00+00:00,26.04,1012.84,84.81,23.29,3.85,False,NORMAL,NONE
AWS-03,Mumbai Marine Coast,2026-08-01T22:45:00+00:00,26.15,1013.15,86.48,23.72,5.13,False,NORMAL,NONE
AWS-03,Mumbai Marine Coast,2026-08-01T23:00:00+00:00,25.93,1013.45,83.24,22.87,6.51,False,NORMAL,NONE
AWS-03,Mumbai Marine Coast,2026-08-01T23:15:00+00:00,24.71,1013.02,86.65,22.34,0.5,True,ANOMALY,SENSOR_DRIFT
AWS-03,Mumbai Marine Coast,2026-08-01T23:30:00+00:00,25.79,1012.8,86.32,23.33,2.34,False,NORMAL,NONE
AWS-03,Mumbai Marine Coast,2026-08-01T23:45:00+00:00,20.0,1013.14,100.0,23.5,4.02,True,ANOMALY,CROSS_SENSOR_INCONSISTENCY
AWS-03,Mumbai Marine Coast,2026-08-02T00:00:00+00:00,24.72,1012.36,86.39,22.29,6.65,False,NORMAL,NONE
AWS-03,Mumbai Marine Coast,2026-08-02T00:15:00+00:00,25.03,1012.23,85.74,22.47,5.43,False,NORMAL,NONE
AWS-03,Mumbai Marine Coast,2026-08-02T00:30:00+00:00,25.17,1012.05,85.3,22.53,5.35,False,NORMAL,NONE
AWS-03,Mumbai Marine Coast,2026-08-02T00:45:00+00:00,24.81,1011.64,87.32,22.55,3.99,False,NORMAL,NONE
AWS-03,Mumbai Marine Coast,2026-08-02T01:00:00+00:00,24.23,1012.71,88.82,22.26,6.84,False,NORMAL,NONE
AWS-03,Mumbai Marine Coast,2026-08-02T01:15:00+00:00,24.56,1011.92,87.44,22.33,0.91,False,NORMAL,NONE
AWS-03,Mumbai Marine Coast,2026-08-02T01:30:00+00:00,24.92,1011.49,86.94,22.59,4.65,False,NORMAL,NONE
AWS-03,Mumbai Marine Coast,2026-08-02T01:45:00+00:00,24.14,1011.6,87.33,21.9,1.87,False,NORMAL,NONE
AWS-03,Mumbai Marine Coast,2026-08-02T02:00:00+00:00,24.47,1011.25,86.43,22.05,5.83,False,NORMAL,NONE
AWS-03,Mumbai Marine Coast,2026-08-02T02:15:00+00:00,24.64,1011.12,88.26,22.57,5.99,False,NORMAL,NONE
AWS-03,Mumbai Marine Coast,2026-08-02T02:30:00+00:00,24.37,1010.81,86.5,21.97,2.82,False,NORMAL,NONE
AWS-03,Mumbai Marine Coast,2026-08-02T02:45:00+00:00,25.29,1011.61,87.04,22.98,3.47,False,NORMAL,NONE
AWS-03,Mumbai Marine Coast,2026-08-02T03:00:00+00:00,23.93,1011.7,87.77,21.77,5.08,False,NORMAL,NONE
AWS-03,Mumbai Marine Coast,2026-08-02T03:15:00+00:00,25.51,1010.83,89.29,23.61,3.78,False,NORMAL,NONE
AWS-03,Mumbai Marine Coast,2026-08-02T03:30:00+00:00,24.21,1011.13,88.38,22.17,2.95,False,NORMAL,NONE
AWS-03,Mumbai Marine Coast,2026-08-02T03:45:00+00:00,23.98,1010.66,87.25,21.73,2.4,False,NORMAL,NONE
AWS-03,Mumbai Marine Coast,2026-08-02T04:00:00+00:00,24.33,1011.07,84.81,21.61,3.3,False,NORMAL,NONE
AWS-03,Mumbai Marine Coast,2026-08-02T04:15:00+00:00,20.0,1011.1,100.0,23.5,4.43,True,ANOMALY,CROSS_SENSOR_INCONSISTENCY
AWS-03,Mumbai Marine Coast,2026-08-02T04:30:00+00:00,25.2,1010.78,85.86,22.67,5.02,False,NORMAL,NONE
AWS-03,Mumbai Marine Coast,2026-08-02T04:45:00+00:00,25.84,1010.89,85.31,23.19,4.34,False,NORMAL,NONE
AWS-03,Mumbai Marine Coast,2026-08-02T05:00:00+00:00,26.31,1010.62,84.74,23.53,5.05,False,NORMAL,NONE
AWS-03,Mumbai Marine Coast,2026-08-02T05:15:00+00:00,26.27,1011.35,85.33,23.61,7.16,False,NORMAL,NONE
AWS-03,Mumbai Marine Coast,2026-08-02T05:30:00+00:00,26.88,1011.97,85.69,24.28,3.7,False,NORMAL,NONE
AWS-03,Mumbai Marine Coast,2026-08-02T05:45:00+00:00,26.41,1011.1,83.32,23.35,3.62,False,NORMAL,NONE
AWS-03,Mumbai Marine Coast,2026-08-02T06:00:00+00:00,27.46,1011.83,83.45,24.41,4.54,True,ANOMALY,SENSOR_DRIFT
AWS-03,Mumbai Marine Coast,2026-08-02T06:15:00+00:00,27.4,1011.19,80.94,23.83,3.54,False,NORMAL,NONE
AWS-03,Mumbai Marine Coast,2026-08-02T06:30:00+00:00,27.21,1011.44,82.79,24.03,5.64,False,NORMAL,NONE
AWS-03,Mumbai Marine Coast,2026-08-02T06:45:00+00:00,28.04,1011.75,82.49,24.78,4.25,False,NORMAL,NONE
AWS-03,Mumbai Marine Coast,2026-08-02T07:00:00+00:00,28.52,1012.25,81.31,25.0,4.31,False,NORMAL,NONE
AWS-03,Mumbai Marine Coast,2026-08-02T07:15:00+00:00,28.17,1012.25,82.48,24.91,3.87,False,NORMAL,NONE
AWS-03,Mumbai Marine Coast,2026-08-02T07:30:00+00:00,28.14,1011.93,81.87,24.75,5.48,False,NORMAL,NONE
AWS-03,Mumbai Marine Coast,2026-08-02T07:45:00+00:00,28.86,1012.42,80.58,25.18,4.56,False,NORMAL,NONE
AWS-03,Mumbai Marine Coast,2026-08-02T08:00:00+00:00,28.79,1012.92,81.65,25.34,5.96,False,NORMAL,NONE
AWS-03,Mumbai Marine Coast,2026-08-02T08:15:00+00:00,29.36,1012.72,79.58,25.46,3.03,False,NORMAL,NONE
AWS-03,Mumbai Marine Coast,2026-08-02T08:30:00+00:00,24.55,1015.42,105.44,24.55,5.19,False,GENUINE_WEATHER_EVENT,GENUINE_WEATHER_EVENT
AWS-03,Mumbai Marine Coast,2026-08-02T08:45:00+00:00,30.63,1012.64,77.3,26.2,2.82,False,NORMAL,NONE
AWS-03,Mumbai Marine Coast,2026-08-02T09:00:00+00:00,29.75,1013.15,75.46,24.95,2.39,False,NORMAL,NONE
AWS-03,Mumbai Marine Coast,2026-08-02T09:15:00+00:00,31.21,1013.45,78.09,26.93,3.02,False,NORMAL,NONE
AWS-03,Mumbai Marine Coast,2026-08-02T09:30:00+00:00,30.92,1013.13,78.51,26.74,2.26,False,NORMAL,NONE
AWS-03,Mumbai Marine Coast,2026-08-02T09:45:00+00:00,31.31,1013.38,77.53,26.91,4.99,False,NORMAL,NONE
AWS-03,Mumbai Marine Coast,2026-08-02T10:00:00+00:00,31.18,1013.36,76.57,26.58,5.59,False,NORMAL,NONE
AWS-03,Mumbai Marine Coast,2026-08-02T10:15:00+00:00,31.96,1013.25,75.48,27.08,3.34,False,NORMAL,NONE
AWS-03,Mumbai Marine Coast,2026-08-02T10:30:00+00:00,32.08,1013.11,75.77,27.26,3.74,False,NORMAL,NONE
AWS-03,Mumbai Marine Coast,2026-08-02T10:45:00+00:00,31.39,1013.53,74.76,26.37,3.06,False,NORMAL,NONE
AWS-03,Mumbai Marine Coast,2026-08-02T11:00:00+00:00,32.76,1012.95,75.28,27.81,2.46,False,NORMAL,NONE
AWS-03,Mumbai Marine Coast,2026-08-02T11:15:00+00:00,31.73,1013.01,74.07,26.54,3.65,False,NORMAL,NONE
AWS-03,Mumbai Marine Coast,2026-08-02T11:30:00+00:00,32.6,1012.96,75.14,27.62,3.59,False,NORMAL,NONE
AWS-03,Mumbai Marine Coast,2026-08-02T11:45:00+00:00,33.06,1012.53,72.63,27.49,3.01,False,NORMAL,NONE
AWS-03,Mumbai Marine Coast,2026-08-02T12:00:00+00:00,32.94,1012.63,74.87,27.88,4.31,False,NORMAL,NONE
AWS-03,Mumbai Marine Coast,2026-08-02T12:15:00+00:00,33.27,1012.76,73.14,27.8,3.96,False,NORMAL,NONE
AWS-03,Mumbai Marine Coast,2026-08-02T12:30:00+00:00,33.01,1012.15,70.5,26.93,5.31,False,NORMAL,NONE
AWS-03,Mumbai Marine Coast,2026-08-02T12:45:00+00:00,33.68,1012.47,73.79,28.35,4.75,False,NORMAL,NONE
AWS-03,Mumbai Marine Coast,2026-08-02T13:00:00+00:00,33.95,1012.01,72.77,28.37,4.72,False,NORMAL,NONE
AWS-03,Mumbai Marine Coast,2026-08-02T13:15:00+00:00,34.05,1012.13,71.54,28.17,7.83,False,NORMAL,NONE
AWS-03,Mumbai Marine Coast,2026-08-02T13:30:00+00:00,33.38,1011.6,72.81,27.83,3.13,False,NORMAL,NONE
AWS-03,Mumbai Marine Coast,2026-08-02T13:45:00+00:00,28.02,1014.12,102.02,28.02,5.29,False,GENUINE_WEATHER_EVENT,GENUINE_WEATHER_EVENT
AWS-03,Mumbai Marine Coast,2026-08-02T14:00:00+00:00,33.44,1011.52,74.18,28.21,3.93,False,NORMAL,NONE
AWS-03,Mumbai Marine Coast,2026-08-02T14:15:00+00:00,33.87,1011.51,73.2,28.4,3.1,False,NORMAL,NONE
AWS-03,Mumbai Marine Coast,2026-08-02T14:30:00+00:00,56.82,1011.49,73.09,50.38,6.12,True,ANOMALY,SPIKE
AWS-03,Mumbai Marine Coast,2026-08-02T14:45:00+00:00,33.5,1011.27,72.1,27.78,5.71,False,NORMAL,NONE
AWS-03,Mumbai Marine Coast,2026-08-02T15:00:00+00:00,33.91,1011.32,73.57,28.52,4.96,False,NORMAL,NONE
AWS-03,Mumbai Marine Coast,2026-08-02T15:15:00+00:00,33.72,1011.22,73.7,28.36,4.64,False,NORMAL,NONE
AWS-03,Mumbai Marine Coast,2026-08-02T15:30:00+00:00,33.1,1011.07,72.69,27.53,4.73,False,NORMAL,NONE
AWS-03,Mumbai Marine Coast,2026-08-02T15:45:00+00:00,33.02,1010.51,72.93,27.51,4.34,False,NORMAL,NONE
AWS-03,Mumbai Marine Coast,2026-08-02T16:00:00+00:00,32.82,1010.36,73.39,27.43,4.79,False,NORMAL,NONE
AWS-03,Mumbai Marine Coast,2026-08-02T16:15:00+00:00,32.44,1010.72,72.12,26.77,4.48,False,NORMAL,NONE
AWS-03,Mumbai Marine Coast,2026-08-02T16:30:00+00:00,32.6,1010.48,73.3,27.2,2.41,False,NORMAL,NONE
AWS-03,Mumbai Marine Coast,2026-08-02T16:45:00+00:00,32.79,1011.14,74.14,27.58,5.92,False,NORMAL,NONE
AWS-03,Mumbai Marine Coast,2026-08-02T17:00:00+00:00,31.9,1010.55,76.55,27.26,4.55,False,NORMAL,NONE
AWS-03,Mumbai Marine Coast,2026-08-02T17:15:00+00:00,26.8,1013.36,102.67,26.8,4.29,False,GENUINE_WEATHER_EVENT,GENUINE_WEATHER_EVENT
AWS-03,Mumbai Marine Coast,2026-08-02T17:30:00+00:00,16.33,1011.51,76.66,12.22,2.34,True,ANOMALY,SPIKE
AWS-03,Mumbai Marine Coast,2026-08-02T17:45:00+00:00,31.4,1010.95,77.61,27.02,2.95,False,NORMAL,NONE
AWS-03,Mumbai Marine Coast,2026-08-02T18:00:00+00:00,31.38,1011.54,77.41,26.95,4.75,False,NORMAL,NONE
AWS-03,Mumbai Marine Coast,2026-08-02T18:15:00+00:00,30.98,1011.6,76.42,26.35,6.92,False,NORMAL,NONE
AWS-03,Mumbai Marine Coast,2026-08-02T18:30:00+00:00,30.93,1011.63,77.72,26.58,3.84,False,NORMAL,NONE
AWS-03,Mumbai Marine Coast,2026-08-02T18:45:00+00:00,30.31,1012.51,77.9,26.02,3.03,False,NORMAL,NONE
AWS-03,Mumbai Marine Coast,2026-08-02T19:00:00+00:00,29.71,1012.4,78.06,25.47,4.94,False,NORMAL,NONE
AWS-03,Mumbai Marine Coast,2026-08-02T19:15:00+00:00,29.83,1012.27,78.04,25.58,5.43,False,NORMAL,NONE
AWS-03,Mumbai Marine Coast,2026-08-02T19:30:00+00:00,29.43,1012.19,77.63,25.11,1.39,False,NORMAL,NONE
AWS-03,Mumbai Marine Coast,2026-08-02T19:45:00+00:00,28.78,1012.63,82.34,25.47,3.84,False,NORMAL,NONE
AWS-03,Mumbai Marine Coast,2026-08-02T20:00:00+00:00,30.1,1013.03,79.56,26.17,2.16,False,NORMAL,NONE
AWS-03,Mumbai Marine Coast,2026-08-02T20:15:00+00:00,28.76,1013.26,80.15,25.0,4.62,False,NORMAL,NONE
AWS-03,Mumbai Marine Coast,2026-08-02T20:30:00+00:00,28.44,1012.47,80.82,24.82,2.4,False,NORMAL,NONE
AWS-03,Mumbai Marine Coast,2026-08-02T20:45:00+00:00,27.98,1012.62,83.03,24.83,5.24,False,NORMAL,NONE
AWS-03,Mumbai Marine Coast,2026-08-02T21:00:00+00:00,28.28,1013.54,84.25,25.37,2.9,False,NORMAL,NONE
AWS-03,Mumbai Marine Coast,2026-08-02T21:15:00+00:00,27.65,1013.16,81.44,24.18,3.37,False,NORMAL,NONE
AWS-03,Mumbai Marine Coast,2026-08-02T21:30:00+00:00,27.69,1013.24,82.66,24.47,2.32,False,NORMAL,NONE
AWS-03,Mumbai Marine Coast,2026-08-02T21:45:00+00:00,26.96,1013.23,84.67,24.16,3.79,False,NORMAL,NONE
AWS-03,Mumbai Marine Coast,2026-08-02T22:00:00+00:00,27.46,1013.47,84.71,24.66,5.43,False,NORMAL,NONE
AWS-03,Mumbai Marine Coast,2026-08-02T22:15:00+00:00,26.71,1012.99,82.2,23.42,2.65,False,NORMAL,NONE
AWS-03,Mumbai Marine Coast,2026-08-02T22:30:00+00:00,26.28,1012.96,84.66,23.49,4.62,False,NORMAL,NONE
AWS-03,Mumbai Marine Coast,2026-08-02T22:45:00+00:00,25.85,1013.1,85.04,23.14,3.05,False,NORMAL,NONE
AWS-03,Mumbai Marine Coast,2026-08-02T23:00:00+00:00,25.2,1013.19,87.54,22.98,2.96,False,NORMAL,NONE
AWS-03,Mumbai Marine Coast,2026-08-02T23:15:00+00:00,20.0,1012.42,100.0,23.5,4.76,True,ANOMALY,CROSS_SENSOR_INCONSISTENCY
AWS-03,Mumbai Marine Coast,2026-08-02T23:30:00+00:00,25.03,1013.19,84.65,22.27,2.48,False,NORMAL,NONE
AWS-03,Mumbai Marine Coast,2026-08-02T23:45:00+00:00,25.65,1012.7,86.73,23.27,5.79,False,NORMAL,NONE
AWS-03,Mumbai Marine Coast,2026-08-03T00:00:00+00:00,24.77,1013.05,85.84,22.24,2.66,False,NORMAL,NONE
AWS-03,Mumbai Marine Coast,2026-08-03T00:15:00+00:00,25.2,1012.47,85.82,22.65,5.64,False,NORMAL,NONE
AWS-03,Mumbai Marine Coast,2026-08-03T00:30:00+00:00,25.39,1012.61,85.62,22.8,2.45,False,NORMAL,NONE
AWS-03,Mumbai Marine Coast,2026-08-03T00:45:00+00:00,25.6,1012.08,86.89,23.25,2.97,False,NORMAL,NONE
AWS-03,Mumbai Marine Coast,2026-08-03T01:00:00+00:00,24.4,1011.62,84.8,21.67,1.44,False,NORMAL,NONE
AWS-03,Mumbai Marine Coast,2026-08-03T01:15:00+00:00,24.67,1011.91,86.26,22.22,4.01,False,NORMAL,NONE
AWS-03,Mumbai Marine Coast,2026-08-03T01:30:00+00:00,24.19,1011.5,86.02,21.71,4.54,False,NORMAL,NONE
AWS-03,Mumbai Marine Coast,2026-08-03T01:45:00+00:00,24.74,1010.92,87.68,22.55,3.76,True,ANOMALY,FROZEN_SENSOR
AWS-03,Mumbai Marine Coast,2026-08-03T02:00:00+00:00,24.74,1011.59,87.54,22.53,2.57,True,ANOMALY,FROZEN_SENSOR
AWS-03,Mumbai Marine Coast,2026-08-03T02:15:00+00:00,24.74,1011.58,86.06,22.25,4.81,True,ANOMALY,FROZEN_SENSOR
AWS-03,Mumbai Marine Coast,2026-08-03T02:30:00+00:00,24.74,1011.35,87.09,22.44,6.08,True,ANOMALY,FROZEN_SENSOR
AWS-03,Mumbai Marine Coast,2026-08-03T02:45:00+00:00,24.74,1010.76,88.56,22.72,4.74,True,ANOMALY,FROZEN_SENSOR
AWS-03,Mumbai Marine Coast,2026-08-03T03:00:00+00:00,24.74,1010.86,87.55,22.53,6.37,True,ANOMALY,FROZEN_SENSOR
AWS-03,Mumbai Marine Coast,2026-08-03T03:15:00+00:00,24.74,1013.08,114.95,24.74,4.23,True,ANOMALY,FROZEN_SENSOR
AWS-03,Mumbai Marine Coast,2026-08-03T03:30:00+00:00,24.74,1010.63,86.61,22.35,3.77,True,ANOMALY,FROZEN_SENSOR
AWS-03,Mumbai Marine Coast,2026-08-03T03:45:00+00:00,24.43,1010.71,88.68,22.44,3.14,False,NORMAL,NONE
AWS-03,Mumbai Marine Coast,2026-08-03T04:00:00+00:00,25.16,1011.02,86.08,22.67,3.21,False,NORMAL,NONE
AWS-03,Mumbai Marine Coast,2026-08-03T04:15:00+00:00,24.58,1010.86,85.7,22.02,3.93,False,NORMAL,NONE
AWS-03,Mumbai Marine Coast,2026-08-03T04:30:00+00:00,25.06,1011.21,87.52,22.84,1.57,False,NORMAL,NONE
AWS-03,Mumbai Marine Coast,2026-08-03T04:45:00+00:00,25.72,1011.03,83.2,22.65,2.38,False,NORMAL,NONE
AWS-03,Mumbai Marine Coast,2026-08-03T05:00:00+00:00,26.22,1011.3,84.04,23.31,3.02,False,NORMAL,NONE
AWS-03,Mumbai Marine Coast,2026-08-03T05:15:00+00:00,26.63,1010.92,82.59,23.42,3.39,False,NORMAL,NONE
AWS-03,Mumbai Marine Coast,2026-08-03T05:30:00+00:00,26.89,1011.33,82.48,23.65,3.2,False,NORMAL,NONE
AWS-03,Mumbai Marine Coast,2026-08-03T05:45:00+00:00,26.42,1011.48,84.88,23.67,3.32,False,NORMAL,NONE
AWS-03,Mumbai Marine Coast,2026-08-03T06:00:00+00:00,26.27,1011.11,86.06,23.75,7.8,False,NORMAL,NONE
AWS-03,Mumbai Marine Coast,2026-08-03T06:15:00+00:00,27.28,1012.15,83.78,24.29,4.81,False,NORMAL,NONE
AWS-03,Mumbai Marine Coast,2026-08-03T06:30:00+00:00,26.95,1011.98,81.88,23.59,3.48,False,NORMAL,NONE
AWS-03,Mumbai Marine Coast,2026-08-03T06:45:00+00:00,20.0,1011.94,100.0,23.5,4.18,True,ANOMALY,CROSS_SENSOR_INCONSISTENCY
AWS-03,Mumbai Marine Coast,2026-08-03T07:00:00+00:00,26.98,1012.12,82.33,23.71,4.34,False,NORMAL,NONE
AWS-03,Mumbai Marine Coast,2026-08-03T07:15:00+00:00,27.99,1011.95,79.9,24.19,6.21,False,NORMAL,NONE
AWS-03,Mumbai Marine Coast,2026-08-03T07:30:00+00:00,20.0,1012.2,100.0,23.5,3.6,True,ANOMALY,CROSS_SENSOR_INCONSISTENCY
AWS-03,Mumbai Marine Coast,2026-08-03T07:45:00+00:00,28.79,1012.93,83.33,25.68,1.61,False,NORMAL,NONE
AWS-03,Mumbai Marine Coast,2026-08-03T08:00:00+00:00,28.81,1012.15,80.38,25.09,1.41,False,NORMAL,NONE
AWS-03,Mumbai Marine Coast,2026-08-03T08:15:00+00:00,29.56,1012.76,78.98,25.53,7.0,False,NORMAL,NONE
AWS-03,Mumbai Marine Coast,2026-08-03T08:30:00+00:00,29.23,1013.09,80.32,25.49,5.11,False,NORMAL,NONE
AWS-03,Mumbai Marine Coast,2026-08-03T08:45:00+00:00,30.03,1013.16,77.76,25.72,4.87,False,NORMAL,NONE
AWS-03,Mumbai Marine Coast,2026-08-03T09:00:00+00:00,30.47,1013.17,77.19,26.02,4.56,False,NORMAL,NONE
AWS-03,Mumbai Marine Coast,2026-08-03T09:15:00+00:00,30.62,1013.64,75.03,25.69,3.92,False,NORMAL,NONE
AWS-03,Mumbai Marine Coast,2026-08-03T09:30:00+00:00,31.57,1013.76,77.97,27.26,5.27,False,NORMAL,NONE
AWS-03,Mumbai Marine Coast,2026-08-03T09:45:00+00:00,30.83,1013.35,74.96,25.87,4.36,False,NORMAL,NONE
AWS-03,Mumbai Marine Coast,2026-08-03T10:00:00+00:00,30.32,1013.21,73.93,25.15,2.76,False,NORMAL,NONE
AWS-03,Mumbai Marine Coast,2026-08-03T10:15:00+00:00,32.42,1012.71,75.47,27.53,4.63,False,NORMAL,NONE
AWS-03,Mumbai Marine Coast,2026-08-03T10:30:00+00:00,31.94,1013.24,76.45,27.28,2.58,False,NORMAL,NONE
AWS-03,Mumbai Marine Coast,2026-08-03T10:45:00+00:00,32.34,1013.37,75.38,27.42,7.95,False,NORMAL,NONE
AWS-03,Mumbai Marine Coast,2026-08-03T11:00:00+00:00,32.53,1013.11,75.41,27.61,3.09,True,ANOMALY,FROZEN_SENSOR
AWS-03,Mumbai Marine Coast,2026-08-03T11:15:00+00:00,32.53,1012.82,76.0,27.75,3.17,True,ANOMALY,FROZEN_SENSOR
AWS-03,Mumbai Marine Coast,2026-08-03T11:30:00+00:00,32.53,1013.08,72.95,27.05,4.87,True,ANOMALY,FROZEN_SENSOR
AWS-03,Mumbai Marine Coast,2026-08-03T11:45:00+00:00,32.53,1012.71,75.11,27.55,3.75,True,ANOMALY,FROZEN_SENSOR
AWS-03,Mumbai Marine Coast,2026-08-03T12:00:00+00:00,32.53,1012.45,73.35,27.14,2.49,True,ANOMALY,FROZEN_SENSOR
AWS-03,Mumbai Marine Coast,2026-08-03T12:15:00+00:00,32.53,1012.59,72.55,26.95,2.62,True,ANOMALY,FROZEN_SENSOR
AWS-03,Mumbai Marine Coast,2026-08-03T12:30:00+00:00,32.53,1012.53,72.96,27.05,6.23,True,ANOMALY,FROZEN_SENSOR
AWS-03,Mumbai Marine Coast,2026-08-03T12:45:00+00:00,32.53,1012.23,72.36,26.91,6.46,True,ANOMALY,FROZEN_SENSOR
AWS-03,Mumbai Marine Coast,2026-08-03T13:00:00+00:00,32.96,1011.59,72.34,27.32,3.38,False,NORMAL,NONE
AWS-03,Mumbai Marine Coast,2026-08-03T13:15:00+00:00,33.04,1011.23,73.21,27.6,6.36,False,NORMAL,NONE
AWS-03,Mumbai Marine Coast,2026-08-03T13:30:00+00:00,33.05,1011.31,74.39,27.88,5.87,False,NORMAL,NONE
AWS-03,Mumbai Marine Coast,2026-08-03T13:45:00+00:00,33.48,1011.38,73.6,28.11,4.09,False,NORMAL,NONE
AWS-03,Mumbai Marine Coast,2026-08-03T14:00:00+00:00,33.8,1011.44,70.92,27.78,3.52,False,NORMAL,NONE
AWS-03,Mumbai Marine Coast,2026-08-03T14:15:00+00:00,56.82,1011.35,74.13,50.66,1.32,True,ANOMALY,SPIKE
AWS-03,Mumbai Marine Coast,2026-08-03T14:30:00+00:00,32.92,1011.45,74.71,27.83,7.45,False,NORMAL,NONE
AWS-03,Mumbai Marine Coast,2026-08-03T14:45:00+00:00,33.21,1011.61,73.3,27.79,3.77,False,NORMAL,NONE
AWS-03,Mumbai Marine Coast,2026-08-03T15:00:00+00:00,33.45,1010.99,75.01,28.41,3.87,False,NORMAL,NONE
AWS-03,Mumbai Marine Coast,2026-08-03T15:15:00+00:00,32.76,1010.55,74.44,27.62,1.93,False,NORMAL,NONE
AWS-03,Mumbai Marine Coast,2026-08-03T15:30:00+00:00,33.76,1010.84,73.43,28.35,4.33,False,NORMAL,NONE
AWS-03,Mumbai Marine Coast,2026-08-03T15:45:00+00:00,33.38,1010.43,75.26,28.4,3.56,False,NORMAL,NONE
AWS-03,Mumbai Marine Coast,2026-08-03T16:00:00+00:00,32.51,1011.08,72.54,26.94,1.09,False,NORMAL,NONE
AWS-03,Mumbai Marine Coast,2026-08-03T16:15:00+00:00,32.3,1010.9,73.31,26.92,4.17,False,NORMAL,NONE
AWS-03,Mumbai Marine Coast,2026-08-03T16:30:00+00:00,33.0,1011.13,73.72,27.68,5.92,False,NORMAL,NONE
AWS-03,Mumbai Marine Coast,2026-08-03T16:45:00+00:00,32.78,1010.49,76.78,28.17,4.51,False,NORMAL,NONE
AWS-03,Mumbai Marine Coast,2026-08-03T17:00:00+00:00,32.4,1010.9,78.81,28.25,6.63,False,NORMAL,NONE
AWS-03,Mumbai Marine Coast,2026-08-03T17:15:00+00:00,32.31,1010.74,76.42,27.63,4.31,False,NORMAL,NONE
AWS-03,Mumbai Marine Coast,2026-08-03T17:30:00+00:00,31.19,1011.21,77.77,26.84,3.95,False,NORMAL,NONE
AWS-03,Mumbai Marine Coast,2026-08-03T17:45:00+00:00,31.49,1010.78,76.67,26.9,7.23,False,NORMAL,NONE
AWS-03,Mumbai Marine Coast,2026-08-03T18:00:00+00:00,30.9,1011.17,77.36,26.48,6.63,False,NORMAL,NONE
AWS-03,Mumbai Marine Coast,2026-08-03T18:15:00+00:00,30.93,1011.57,78.23,26.69,6.7,False,NORMAL,NONE
AWS-03,Mumbai Marine Coast,2026-08-03T18:30:00+00:00,30.73,1011.92,76.7,26.16,4.77,False,NORMAL,NONE
AWS-03,Mumbai Marine Coast,2026-08-03T18:45:00+00:00,30.08,1011.2,79.3,26.1,3.47,False,NORMAL,NONE
AWS-03,Mumbai Marine Coast,2026-08-03T19:00:00+00:00,30.88,1012.13,79.42,26.91,6.24,False,NORMAL,NONE
AWS-03,Mumbai Marine Coast,2026-08-03T19:15:00+00:00,30.05,1012.25,79.22,26.06,4.1,True,ANOMALY,FROZEN_SENSOR
AWS-03,Mumbai Marine Coast,2026-08-03T19:30:00+00:00,30.05,1011.9,78.89,25.99,3.3,True,ANOMALY,FROZEN_SENSOR
AWS-03,Mumbai Marine Coast,2026-08-03T19:45:00+00:00,30.05,1012.65,78.07,25.81,3.66,True,ANOMALY,FROZEN_SENSOR
AWS-03,Mumbai Marine Coast,2026-08-03T20:00:00+00:00,30.05,1012.97,79.63,26.14,3.89,True,ANOMALY,FROZEN_SENSOR
AWS-03,Mumbai Marine Coast,2026-08-03T20:15:00+00:00,30.05,1012.86,79.23,26.06,2.57,True,ANOMALY,FROZEN_SENSOR
AWS-03,Mumbai Marine Coast,2026-08-03T20:30:00+00:00,30.05,1012.66,79.57,26.13,2.68,True,ANOMALY,FROZEN_SENSOR
AWS-03,Mumbai Marine Coast,2026-08-03T20:45:00+00:00,30.05,1013.37,80.73,26.38,3.49,True,ANOMALY,FROZEN_SENSOR
AWS-03,Mumbai Marine Coast,2026-08-03T21:00:00+00:00,30.05,1013.49,81.02,26.44,1.69,True,ANOMALY,FROZEN_SENSOR
AWS-03,Mumbai Marine Coast,2026-08-03T21:15:00+00:00,27.74,1013.19,80.32,24.04,4.87,False,NORMAL,NONE
AWS-03,Mumbai Marine Coast,2026-08-03T21:30:00+00:00,27.01,1013.52,81.92,23.66,4.09,False,NORMAL,NONE
AWS-03,Mumbai Marine Coast,2026-08-03T21:45:00+00:00,26.79,1013.39,83.9,23.84,6.94,False,NORMAL,NONE
AWS-03,Mumbai Marine Coast,2026-08-03T22:00:00+00:00,26.73,1012.82,84.29,23.86,2.85,False,NORMAL,NONE
AWS-03,Mumbai Marine Coast,2026-08-03T22:15:00+00:00,26.54,1013.26,84.29,23.67,6.26,False,NORMAL,NONE
AWS-03,Mumbai Marine Coast,2026-08-03T22:30:00+00:00,25.91,1012.95,85.05,23.2,6.08,False,NORMAL,NONE
AWS-03,Mumbai Marine Coast,2026-08-03T22:45:00+00:00,26.21,1013.03,87.09,23.89,2.02,False,NORMAL,NONE
AWS-03,Mumbai Marine Coast,2026-08-03T23:00:00+00:00,25.52,1012.87,85.65,22.94,6.23,False,NORMAL,NONE
AWS-03,Mumbai Marine Coast,2026-08-03T23:15:00+00:00,25.4,1012.4,85.2,22.73,4.79,False,NORMAL,NONE
AWS-03,Mumbai Marine Coast,2026-08-03T23:30:00+00:00,25.25,1012.53,85.41,22.62,4.1,False,NORMAL,NONE
AWS-03,Mumbai Marine Coast,2026-08-03T23:45:00+00:00,25.12,1013.03,85.51,22.52,2.36,False,NORMAL,NONE
AWS-03,Mumbai Marine Coast,2026-08-04T00:00:00+00:00,10.09,1012.5,86.99,8.03,1.11,True,ANOMALY,SPIKE
AWS-03,Mumbai Marine Coast,2026-08-04T00:15:00+00:00,24.14,1012.44,87.26,21.89,4.05,False,NORMAL,NONE
AWS-03,Mumbai Marine Coast,2026-08-04T00:30:00+00:00,24.46,1011.89,88.57,22.45,6.17,False,NORMAL,NONE
AWS-03,Mumbai Marine Coast,2026-08-04T00:45:00+00:00,25.12,1012.64,87.28,22.86,4.17,False,NORMAL,NONE
AWS-03,Mumbai Marine Coast,2026-08-04T01:00:00+00:00,24.23,1011.72,87.86,22.09,5.23,False,NORMAL,NONE
AWS-03,Mumbai Marine Coast,2026-08-04T01:15:00+00:00,24.62,1011.4,89.93,22.86,4.45,False,NORMAL,NONE
AWS-03,Mumbai Marine Coast,2026-08-04T01:30:00+00:00,25.28,1011.67,86.76,22.91,4.31,False,NORMAL,NONE
AWS-03,Mumbai Marine Coast,2026-08-04T01:45:00+00:00,24.27,1011.61,87.21,22.0,2.83,False,NORMAL,NONE
AWS-03,Mumbai Marine Coast,2026-08-04T02:00:00+00:00,25.22,1011.68,87.05,22.91,3.26,False,NORMAL,NONE
AWS-03,Mumbai Marine Coast,2026-08-04T02:15:00+00:00,23.83,1011.41,87.18,21.57,6.83,False,NORMAL,NONE
AWS-03,Mumbai Marine Coast,2026-08-04T02:30:00+00:00,24.15,1011.75,88.39,22.11,2.34,False,NORMAL,NONE
AWS-03,Mumbai Marine Coast,2026-08-04T02:45:00+00:00,24.56,1010.36,87.71,22.39,3.52,False,NORMAL,NONE
AWS-03,Mumbai Marine Coast,2026-08-04T03:00:00+00:00,24.51,1010.95,86.71,22.15,4.09,False,NORMAL,NONE
AWS-03,Mumbai Marine Coast,2026-08-04T03:15:00+00:00,24.24,1011.0,85.94,21.74,1.78,False,NORMAL,NONE
AWS-03,Mumbai Marine Coast,2026-08-04T03:30:00+00:00,25.56,1011.05,88.34,23.49,6.83,False,NORMAL,NONE
AWS-03,Mumbai Marine Coast,2026-08-04T03:45:00+00:00,25.3,1010.75,87.84,23.14,4.41,False,NORMAL,NONE
AWS-03,Mumbai Marine Coast,2026-08-04T04:00:00+00:00,25.26,1010.36,87.32,23.0,4.1,False,NORMAL,NONE
AWS-03,Mumbai Marine Coast,2026-08-04T04:15:00+00:00,25.16,1010.81,87.51,22.94,4.82,False,NORMAL,NONE
AWS-03,Mumbai Marine Coast,2026-08-04T04:30:00+00:00,26.05,1010.65,86.39,23.6,5.65,False,NORMAL,NONE
AWS-03,Mumbai Marine Coast,2026-08-04T04:45:00+00:00,20.37,1012.94,112.73,20.37,3.11,False,GENUINE_WEATHER_EVENT,GENUINE_WEATHER_EVENT
AWS-03,Mumbai Marine Coast,2026-08-04T05:00:00+00:00,26.76,1011.34,82.72,23.58,4.8,False,NORMAL,NONE
AWS-03,Mumbai Marine Coast,2026-08-04T05:15:00+00:00,25.69,1010.65,82.98,22.58,4.46,False,NORMAL,NONE
AWS-03,Mumbai Marine Coast,2026-08-04T05:30:00+00:00,26.4,1010.96,84.69,23.62,2.75,False,NORMAL,NONE
AWS-03,Mumbai Marine Coast,2026-08-04T05:45:00+00:00,27.05,1010.8,85.22,24.35,4.46,False,NORMAL,NONE
AWS-03,Mumbai Marine Coast,2026-08-04T06:00:00+00:00,26.58,1011.47,83.5,23.55,5.78,False,NORMAL,NONE
AWS-03,Mumbai Marine Coast,2026-08-04T06:15:00+00:00,27.14,1011.39,84.49,24.3,5.08,False,NORMAL,NONE
AWS-03,Mumbai Marine Coast,2026-08-04T06:30:00+00:00,27.25,1011.58,81.53,23.81,5.9,False,NORMAL,NONE
AWS-03,Mumbai Marine Coast,2026-08-04T06:45:00+00:00,27.29,1012.14,80.01,23.53,4.97,False,NORMAL,NONE
AWS-03,Mumbai Marine Coast,2026-08-04T07:00:00+00:00,27.94,1011.75,82.37,24.66,3.23,False,NORMAL,NONE
AWS-03,Mumbai Marine Coast,2026-08-04T07:15:00+00:00,27.02,1012.5,80.63,23.4,3.75,False,NORMAL,NONE
AWS-03,Mumbai Marine Coast,2026-08-04T07:30:00+00:00,28.78,1012.58,79.21,24.82,5.53,False,NORMAL,NONE
AWS-03,Mumbai Marine Coast,2026-08-04T07:45:00+00:00,28.77,1012.2,81.07,25.2,8.54,False,NORMAL,NONE
AWS-03,Mumbai Marine Coast,2026-08-04T08:00:00+00:00,28.79,1013.14,80.64,25.12,4.54,False,NORMAL,NONE
AWS-03,Mumbai Marine Coast,2026-08-04T08:15:00+00:00,28.86,1012.89,79.96,25.06,4.19,False,NORMAL,NONE
AWS-03,Mumbai Marine Coast,2026-08-04T08:30:00+00:00,29.8,1012.54,79.32,25.84,6.86,False,NORMAL,NONE
AWS-03,Mumbai Marine Coast,2026-08-04T08:45:00+00:00,29.65,1012.97,78.81,25.58,2.85,False,NORMAL,NONE
AWS-03,Mumbai Marine Coast,2026-08-04T09:00:00+00:00,30.36,1012.97,77.61,26.0,2.77,False,NORMAL,NONE
AWS-03,Mumbai Marine Coast,2026-08-04T09:15:00+00:00,30.01,1013.07,77.8,25.71,2.93,False,NORMAL,NONE
AWS-03,Mumbai Marine Coast,2026-08-04T09:30:00+00:00,30.78,1012.57,75.65,25.98,5.01,False,NORMAL,NONE
AWS-03,Mumbai Marine Coast,2026-08-04T09:45:00+00:00,30.7,1013.38,75.52,25.87,3.26,False,NORMAL,NONE
AWS-03,Mumbai Marine Coast,2026-08-04T10:00:00+00:00,31.37,1013.26,75.68,26.56,1.38,False,NORMAL,NONE
AWS-03,Mumbai Marine Coast,2026-08-04T10:15:00+00:00,31.88,1013.4,77.03,27.36,1.14,False,NORMAL,NONE
AWS-03,Mumbai Marine Coast,2026-08-04T10:30:00+00:00,31.3,1013.1,75.84,26.52,4.51,False,NORMAL,NONE
AWS-03,Mumbai Marine Coast,2026-08-04T10:45:00+00:00,32.02,1012.93,75.07,27.05,1.38,False,NORMAL,NONE
AWS-03,Mumbai Marine Coast,2026-08-04T11:00:00+00:00,31.62,1013.46,74.51,26.53,4.56,False,NORMAL,NONE
AWS-03,Mumbai Marine Coast,2026-08-04T11:15:00+00:00,31.75,1013.32,74.58,26.67,3.75,False,NORMAL,NONE
AWS-03,Mumbai Marine Coast,2026-08-04T11:30:00+00:00,33.33,1013.13,75.05,28.3,5.41,False,NORMAL,NONE
AWS-03,Mumbai Marine Coast,2026-08-04T11:45:00+00:00,32.86,1012.91,75.37,27.93,4.8,False,NORMAL,NONE
AWS-03,Mumbai Marine Coast,2026-08-04T12:00:00+00:00,33.2,1013.2,73.5,27.82,5.64,False,NORMAL,NONE
AWS-03,Mumbai Marine Coast,2026-08-04T12:15:00+00:00,32.93,1012.48,74.42,27.77,4.82,False,NORMAL,NONE
AWS-03,Mumbai Marine Coast,2026-08-04T12:30:00+00:00,33.07,1012.07,71.68,27.27,3.52,False,NORMAL,NONE
AWS-03,Mumbai Marine Coast,2026-08-04T12:45:00+00:00,32.9,1012.34,74.38,27.74,0.5,False,NORMAL,NONE
AWS-03,Mumbai Marine Coast,2026-08-04T13:00:00+00:00,33.21,1011.73,73.47,27.82,5.21,False,NORMAL,NONE
AWS-03,Mumbai Marine Coast,2026-08-04T13:15:00+00:00,33.36,1011.71,69.6,27.05,4.07,True,ANOMALY,SENSOR_DRIFT
AWS-03,Mumbai Marine Coast,2026-08-04T13:30:00+00:00,33.12,1011.93,73.99,27.86,4.03,False,NORMAL,NONE
AWS-03,Mumbai Marine Coast,2026-08-04T13:45:00+00:00,33.59,1011.49,72.98,28.07,4.28,False,NORMAL,NONE
AWS-03,Mumbai Marine Coast,2026-08-04T14:00:00+00:00,33.11,1011.19,73.57,27.75,2.93,False,NORMAL,NONE
AWS-03,Mumbai Marine Coast,2026-08-04T14:15:00+00:00,33.74,1011.8,72.33,28.07,5.54,False,NORMAL,NONE
AWS-03,Mumbai Marine Coast,2026-08-04T14:30:00+00:00,33.47,1011.37,72.61,27.87,3.81,False,NORMAL,NONE
AWS-03,Mumbai Marine Coast,2026-08-04T14:45:00+00:00,33.11,1010.8,73.66,27.77,6.15,False,NORMAL,NONE
AWS-03,Mumbai Marine Coast,2026-08-04T15:00:00+00:00,33.59,1010.72,72.22,27.9,3.47,False,NORMAL,NONE
AWS-03,Mumbai Marine Coast,2026-08-04T15:15:00+00:00,33.34,1011.23,71.61,27.51,4.92,False,NORMAL,NONE
AWS-03,Mumbai Marine Coast,2026-08-04T15:30:00+00:00,32.15,1010.83,73.2,26.74,2.16,False,NORMAL,NONE
AWS-03,Mumbai Marine Coast,2026-08-04T15:45:00+00:00,32.92,1010.17,70.97,26.96,5.72,False,NORMAL,NONE
AWS-03,Mumbai Marine Coast,2026-08-04T16:00:00+00:00,32.27,1010.87,73.97,27.03,4.74,False,NORMAL,NONE
AWS-03,Mumbai Marine Coast,2026-08-04T16:15:00+00:00,32.42,1011.05,71.75,26.67,2.66,False,NORMAL,NONE
AWS-03,Mumbai Marine Coast,2026-08-04T16:30:00+00:00,33.05,1011.66,73.84,27.76,4.39,False,NORMAL,NONE
AWS-03,Mumbai Marine Coast,2026-08-04T16:45:00+00:00,33.01,1010.92,74.35,27.84,5.11,False,NORMAL,NONE
AWS-03,Mumbai Marine Coast,2026-08-04T17:00:00+00:00,25.9,1013.0,103.87,25.9,5.13,False,GENUINE_WEATHER_EVENT,GENUINE_WEATHER_EVENT
AWS-03,Mumbai Marine Coast,2026-08-04T17:15:00+00:00,32.58,1011.52,76.36,27.88,4.4,False,NORMAL,NONE
AWS-03,Mumbai Marine Coast,2026-08-04T17:30:00+00:00,16.57,1011.14,76.51,12.42,7.29,True,ANOMALY,SPIKE
AWS-03,Mumbai Marine Coast,2026-08-04T17:45:00+00:00,31.57,1011.51,76.31,26.89,6.38,False,NORMAL,NONE
AWS-03,Mumbai Marine Coast,2026-08-04T18:00:00+00:00,31.48,1011.37,77.01,26.96,3.72,False,NORMAL,NONE
AWS-03,Mumbai Marine Coast,2026-08-04T18:15:00+00:00,30.28,1011.19,76.1,25.6,6.0,False,NORMAL,NONE
AWS-03,Mumbai Marine Coast,2026-08-04T18:30:00+00:00,30.55,1011.96,76.69,25.99,4.11,False,NORMAL,NONE
AWS-03,Mumbai Marine Coast,2026-08-04T18:45:00+00:00,30.81,1012.19,81.18,27.2,1.64,False,NORMAL,NONE
AWS-03,Mumbai Marine Coast,2026-08-04T19:00:00+00:00,30.11,1012.09,80.37,26.36,3.55,False,NORMAL,NONE
AWS-03,Mumbai Marine Coast,2026-08-04T19:15:00+00:00,29.65,1012.16,79.24,25.67,5.68,False,NORMAL,NONE
AWS-03,Mumbai Marine Coast,2026-08-04T19:30:00+00:00,29.1,1012.55,78.25,24.92,2.83,False,NORMAL,NONE
AWS-03,Mumbai Marine Coast,2026-08-04T19:45:00+00:00,29.41,1012.32,80.43,25.69,2.74,False,NORMAL,NONE
AWS-03,Mumbai Marine Coast,2026-08-04T20:00:00+00:00,28.57,1012.45,79.12,24.59,3.26,False,NORMAL,NONE
AWS-03,Mumbai Marine Coast,2026-08-04T20:15:00+00:00,29.41,1013.35,79.23,25.44,4.02,True,ANOMALY,FROZEN_SENSOR
AWS-03,Mumbai Marine Coast,2026-08-04T20:30:00+00:00,29.41,1013.31,81.69,25.95,5.59,True,ANOMALY,FROZEN_SENSOR
AWS-03,Mumbai Marine Coast,2026-08-04T20:45:00+00:00,29.41,1012.81,80.66,25.74,2.57,True,ANOMALY,FROZEN_SENSOR
AWS-03,Mumbai Marine Coast,2026-08-04T21:00:00+00:00,29.41,1013.2,80.25,25.65,5.91,True,ANOMALY,FROZEN_SENSOR
AWS-03,Mumbai Marine Coast,2026-08-04T21:15:00+00:00,29.41,994.74,82.39,26.1,4.23,True,ANOMALY,FROZEN_SENSOR
AWS-03,Mumbai Marine Coast,2026-08-04T21:30:00+00:00,29.41,1013.23,83.4,26.3,6.38,True,ANOMALY,FROZEN_SENSOR
AWS-03,Mumbai Marine Coast,2026-08-04T21:45:00+00:00,29.41,1012.58,83.86,26.4,5.78,True,ANOMALY,FROZEN_SENSOR
AWS-03,Mumbai Marine Coast,2026-08-04T22:00:00+00:00,29.41,1013.12,83.45,26.31,2.89,True,ANOMALY,FROZEN_SENSOR
AWS-03,Mumbai Marine Coast,2026-08-04T22:15:00+00:00,49.76,1013.21,82.65,46.0,5.11,True,ANOMALY,SPIKE
AWS-03,Mumbai Marine Coast,2026-08-04T22:30:00+00:00,26.65,1013.44,83.85,23.69,4.18,False,NORMAL,NONE
AWS-03,Mumbai Marine Coast,2026-08-04T22:45:00+00:00,26.29,1012.92,84.07,23.38,7.12,False,NORMAL,NONE
AWS-03,Mumbai Marine Coast,2026-08-04T23:00:00+00:00,25.9,1013.82,85.42,23.27,3.69,False,NORMAL,NONE
AWS-03,Mumbai Marine Coast,2026-08-04T23:15:00+00:00,25.71,1012.91,86.4,23.27,6.36,False,NORMAL,NONE
AWS-03,Mumbai Marine Coast,2026-08-04T23:30:00+00:00,24.56,1012.85,84.52,21.78,5.75,False,NORMAL,NONE
AWS-03,Mumbai Marine Coast,2026-08-04T23:45:00+00:00,24.6,1013.09,85.86,22.08,2.03,False,NORMAL,NONE
AWS-03,Mumbai Marine Coast,2026-08-05T00:00:00+00:00,25.13,1012.14,87.32,22.87,2.88,False,NORMAL,NONE
AWS-03,Mumbai Marine Coast,2026-08-05T00:15:00+00:00,24.49,1012.6,86.55,22.1,0.5,False,NORMAL,NONE
AWS-03,Mumbai Marine Coast,2026-08-05T00:30:00+00:00,25.13,1011.78,86.03,22.63,3.66,False,NORMAL,NONE
AWS-03,Mumbai Marine Coast,2026-08-05T00:45:00+00:00,25.18,1012.38,85.93,22.65,4.22,False,NORMAL,NONE
AWS-03,Mumbai Marine Coast,2026-08-05T01:00:00+00:00,24.9,1011.72,87.91,22.76,1.58,False,NORMAL,NONE
AWS-03,Mumbai Marine Coast,2026-08-05T01:15:00+00:00,24.22,1012.01,89.24,22.33,3.57,False,NORMAL,NONE
AWS-03,Mumbai Marine Coast,2026-08-05T01:30:00+00:00,24.81,1011.44,90.2,23.09,1.3,False,NORMAL,NONE
AWS-03,Mumbai Marine Coast,2026-08-05T01:45:00+00:00,24.62,1011.39,86.2,22.16,2.29,False,NORMAL,NONE
AWS-03,Mumbai Marine Coast,2026-08-05T02:00:00+00:00,24.72,1011.2,86.7,22.35,2.21,True,ANOMALY,FROZEN_SENSOR
AWS-03,Mumbai Marine Coast,2026-08-05T02:15:00+00:00,24.72,1011.15,85.93,22.2,5.89,True,ANOMALY,FROZEN_SENSOR
AWS-03,Mumbai Marine Coast,2026-08-05T02:30:00+00:00,24.72,1011.27,85.74,22.17,5.0,True,ANOMALY,FROZEN_SENSOR
AWS-03,Mumbai Marine Coast,2026-08-05T02:45:00+00:00,24.72,1010.96,88.4,22.67,3.95,True,ANOMALY,FROZEN_SENSOR
AWS-03,Mumbai Marine Coast,2026-08-05T03:00:00+00:00,24.72,1010.48,89.04,22.79,4.38,True,ANOMALY,FROZEN_SENSOR
AWS-03,Mumbai Marine Coast,2026-08-05T03:15:00+00:00,24.72,1011.23,88.7,22.72,5.88,True,ANOMALY,FROZEN_SENSOR
AWS-03,Mumbai Marine Coast,2026-08-05T03:30:00+00:00,24.72,1010.14,87.06,22.42,3.29,True,ANOMALY,FROZEN_SENSOR
AWS-03,Mumbai Marine Coast,2026-08-05T03:45:00+00:00,24.72,1010.6,87.69,22.54,3.03,True,ANOMALY,FROZEN_SENSOR
AWS-03,Mumbai Marine Coast,2026-08-05T04:00:00+00:00,25.11,1010.65,86.05,22.61,0.75,False,NORMAL,NONE
AWS-03,Mumbai Marine Coast,2026-08-05T04:15:00+00:00,25.22,1010.93,87.14,22.93,5.25,False,NORMAL,NONE
AWS-03,Mumbai Marine Coast,2026-08-05T04:30:00+00:00,25.54,1010.95,84.77,22.79,5.84,False,NORMAL,NONE
AWS-03,Mumbai Marine Coast,2026-08-05T04:45:00+00:00,26.13,1011.0,84.43,23.29,6.57,False,NORMAL,NONE
AWS-03,Mumbai Marine Coast,2026-08-05T05:00:00+00:00,26.32,1010.86,85.65,23.72,3.28,False,NORMAL,NONE
AWS-03,Mumbai Marine Coast,2026-08-05T05:15:00+00:00,26.88,1011.29,83.78,23.91,2.65,False,NORMAL,NONE
AWS-03,Mumbai Marine Coast,2026-08-05T05:30:00+00:00,25.43,1011.22,85.84,22.89,2.76,False,NORMAL,NONE
AWS-03,Mumbai Marine Coast,2026-08-05T05:45:00+00:00,26.71,1011.03,84.39,23.86,0.5,False,NORMAL,NONE
AWS-03,Mumbai Marine Coast,2026-08-05T06:00:00+00:00,27.17,1011.3,83.84,24.2,2.14,False,NORMAL,NONE
AWS-03,Mumbai Marine Coast,2026-08-05T06:15:00+00:00,27.15,1011.69,83.88,24.18,4.09,False,NORMAL,NONE
AWS-03,Mumbai Marine Coast,2026-08-05T06:30:00+00:00,26.63,1011.6,82.72,23.44,1.35,False,NORMAL,NONE
AWS-03,Mumbai Marine Coast,2026-08-05T06:45:00+00:00,28.06,1012.01,84.21,25.14,3.79,False,NORMAL,NONE
AWS-03,Mumbai Marine Coast,2026-08-05T07:00:00+00:00,27.98,1012.06,83.55,24.94,6.16,False,NORMAL,NONE
AWS-03,Mumbai Marine Coast,2026-08-05T07:15:00+00:00,27.79,1012.66,84.12,24.86,2.64,False,NORMAL,NONE
AWS-03,Mumbai Marine Coast,2026-08-05T07:30:00+00:00,28.54,1012.59,81.66,25.1,1.1,False,NORMAL,NONE
AWS-03,Mumbai Marine Coast,2026-08-05T07:45:00+00:00,28.37,1011.23,80.36,24.66,5.29,False,NORMAL,NONE
AWS-03,Mumbai Marine Coast,2026-08-05T08:00:00+00:00,28.46,1012.66,79.86,24.65,2.94,True,ANOMALY,SENSOR_DRIFT
AWS-03,Mumbai Marine Coast,2026-08-05T08:15:00+00:00,29.35,1012.58,81.79,25.91,3.55,False,NORMAL,NONE
AWS-03,Mumbai Marine Coast,2026-08-05T08:30:00+00:00,29.29,1012.86,78.58,25.18,1.75,False,NORMAL,NONE
AWS-03,Mumbai Marine Coast,2026-08-05T08:45:00+00:00,24.23,1015.4,108.21,24.23,3.94,False,GENUINE_WEATHER_EVENT,GENUINE_WEATHER_EVENT
AWS-03,Mumbai Marine Coast,2026-08-05T09:00:00+00:00,30.14,1012.59,76.66,25.59,2.27,False,NORMAL,NONE
AWS-03,Mumbai Marine Coast,2026-08-05T09:15:00+00:00,20.0,1013.25,100.0,23.5,0.5,True,ANOMALY,CROSS_SENSOR_INCONSISTENCY
AWS-03,Mumbai Marine Coast,2026-08-05T09:30:00+00:00,24.97,1015.55,105.12,24.97,5.9,False,GENUINE_WEATHER_EVENT,GENUINE_WEATHER_EVENT
AWS-03,Mumbai Marine Coast,2026-08-05T09:45:00+00:00,30.89,1012.51,77.22,26.43,4.77,False,NORMAL,NONE
AWS-03,Mumbai Marine Coast,2026-08-05T10:00:00+00:00,31.21,1013.39,75.78,26.43,3.04,False,NORMAL,NONE
AWS-03,Mumbai Marine Coast,2026-08-05T10:15:00+00:00,31.69,1013.41,77.52,27.27,4.65,False,NORMAL,NONE
AWS-03,Mumbai Marine Coast,2026-08-05T10:30:00+00:00,32.36,1013.4,73.58,27.04,4.54,False,NORMAL,NONE
AWS-03,Mumbai Marine Coast,2026-08-05T10:45:00+00:00,31.89,1012.83,75.06,26.92,1.77,True,ANOMALY,FROZEN_SENSOR
AWS-03,Mumbai Marine Coast,2026-08-05T11:00:00+00:00,31.89,1012.54,75.87,27.1,5.29,True,ANOMALY,FROZEN_SENSOR
AWS-03,Mumbai Marine Coast,2026-08-05T11:15:00+00:00,31.89,1012.93,73.82,26.64,3.69,True,ANOMALY,FROZEN_SENSOR
AWS-03,Mumbai Marine Coast,2026-08-05T11:30:00+00:00,31.89,1012.91,73.85,26.64,2.34,True,ANOMALY,FROZEN_SENSOR
AWS-03,Mumbai Marine Coast,2026-08-05T11:45:00+00:00,31.89,1012.49,73.71,26.61,4.44,True,ANOMALY,FROZEN_SENSOR
AWS-03,Mumbai Marine Coast,2026-08-05T12:00:00+00:00,31.89,1012.95,75.37,26.99,6.19,True,ANOMALY,FROZEN_SENSOR
AWS-03,Mumbai Marine Coast,2026-08-05T12:15:00+00:00,31.89,1012.05,72.79,26.4,3.71,True,ANOMALY,FROZEN_SENSOR
AWS-03,Mumbai Marine Coast,2026-08-05T12:30:00+00:00,31.89,1012.22,72.97,26.44,4.59,True,ANOMALY,FROZEN_SENSOR
AWS-03,Mumbai Marine Coast,2026-08-05T12:45:00+00:00,33.43,1012.32,74.83,28.35,2.9,False,NORMAL,NONE
AWS-03,Mumbai Marine Coast,2026-08-05T13:00:00+00:00,33.47,994.17,73.04,27.98,1.89,True,ANOMALY,SPIKE
AWS-03,Mumbai Marine Coast,2026-08-05T13:15:00+00:00,33.84,1011.89,73.68,28.48,6.57,False,NORMAL,NONE
AWS-03,Mumbai Marine Coast,2026-08-05T13:30:00+00:00,34.37,1011.52,72.95,28.82,4.47,False,NORMAL,NONE
AWS-03,Mumbai Marine Coast,2026-08-05T13:45:00+00:00,33.84,1011.21,73.16,28.36,2.42,False,NORMAL,NONE
AWS-03,Mumbai Marine Coast,2026-08-05T14:00:00+00:00,33.23,1011.08,72.05,27.51,6.52,False,NORMAL,NONE
AWS-03,Mumbai Marine Coast,2026-08-05T14:15:00+00:00,33.21,1010.94,72.9,27.69,7.83,False,NORMAL,NONE
AWS-03,Mumbai Marine Coast,2026-08-05T14:30:00+00:00,33.44,1011.19,74.2,28.22,5.86,False,NORMAL,NONE
AWS-03,Mumbai Marine Coast,2026-08-05T14:45:00+00:00,32.71,1011.04,72.38,27.09,6.35,False,NORMAL,NONE
AWS-03,Mumbai Marine Coast,2026-08-05T15:00:00+00:00,33.64,1010.63,72.21,27.94,4.75,True,ANOMALY,SENSOR_DRIFT
AWS-03,Mumbai Marine Coast,2026-08-05T15:15:00+00:00,33.23,1010.55,72.23,27.55,3.05,False,NORMAL,NONE
AWS-03,Mumbai Marine Coast,2026-08-05T15:30:00+00:00,32.88,1011.45,74.95,27.85,5.13,False,NORMAL,NONE
AWS-03,Mumbai Marine Coast,2026-08-05T15:45:00+00:00,32.8,1010.48,73.18,27.36,3.6,False,NORMAL,NONE
AWS-03,Mumbai Marine Coast,2026-08-05T16:00:00+00:00,20.0,1010.97,100.0,23.5,3.75,True,ANOMALY,CROSS_SENSOR_INCONSISTENCY
AWS-03,Mumbai Marine Coast,2026-08-05T16:15:00+00:00,32.15,1010.5,73.28,26.76,1.86,False,NORMAL,NONE
AWS-03,Mumbai Marine Coast,2026-08-05T16:30:00+00:00,32.42,1010.67,74.31,27.26,3.98,False,NORMAL,NONE
AWS-03,Mumbai Marine Coast,2026-08-05T16:45:00+00:00,32.19,1011.06,73.14,26.77,4.74,False,NORMAL,NONE
AWS-03,Mumbai Marine Coast,2026-08-05T17:00:00+00:00,32.26,1010.65,74.67,27.19,5.78,False,NORMAL,NONE
AWS-03,Mumbai Marine Coast,2026-08-05T17:15:00+00:00,31.67,1010.74,75.11,26.71,4.56,False,NORMAL,NONE
AWS-03,Mumbai Marine Coast,2026-08-05T17:30:00+00:00,31.17,1011.3,76.09,26.46,0.5,False,NORMAL,NONE
AWS-03,Mumbai Marine Coast,2026-08-05T17:45:00+00:00,32.13,1011.18,75.87,27.33,3.26,False,NORMAL,NONE
AWS-03,Mumbai Marine Coast,2026-08-05T18:00:00+00:00,30.8,1011.94,78.22,26.56,1.55,False,NORMAL,NONE
AWS-03,Mumbai Marine Coast,2026-08-05T18:15:00+00:00,30.63,1011.32,77.7,26.28,2.75,False,NORMAL,NONE
AWS-03,Mumbai Marine Coast,2026-08-05T18:30:00+00:00,30.47,1011.36,76.72,25.92,4.13,False,NORMAL,NONE
AWS-03,Mumbai Marine Coast,2026-08-05T18:45:00+00:00,30.87,1012.23,74.81,25.88,5.0,False,NORMAL,NONE
AWS-03,Mumbai Marine Coast,2026-08-05T19:00:00+00:00,30.12,1012.34,78.16,25.89,3.5,False,NORMAL,NONE
AWS-03,Mumbai Marine Coast,2026-08-05T19:15:00+00:00,28.87,1011.93,79.27,24.92,5.02,False,NORMAL,NONE
AWS-03,Mumbai Marine Coast,2026-08-05T19:30:00+00:00,29.75,1012.2,78.44,25.59,4.87,False,NORMAL,NONE
AWS-03,Mumbai Marine Coast,2026-08-05T19:45:00+00:00,28.76,1012.71,75.8,24.06,5.36,False,NORMAL,NONE
AWS-03,Mumbai Marine Coast,2026-08-05T20:00:00+00:00,29.33,1012.8,79.68,25.46,5.02,False,NORMAL,NONE
AWS-03,Mumbai Marine Coast,2026-08-05T20:15:00+00:00,29.09,1012.34,80.89,25.48,6.16,False,NORMAL,NONE
AWS-03,Mumbai Marine Coast,2026-08-05T20:30:00+00:00,28.49,1012.74,80.88,24.89,2.36,False,NORMAL,NONE
AWS-03,Mumbai Marine Coast,2026-08-05T20:45:00+00:00,28.33,1012.66,78.27,24.18,4.92,True,ANOMALY,SENSOR_DRIFT
AWS-03,Mumbai Marine Coast,2026-08-05T21:00:00+00:00,45.38,1013.43,82.86,41.77,3.62,True,ANOMALY,SPIKE
AWS-03,Mumbai Marine Coast,2026-08-05T21:15:00+00:00,28.14,1013.11,83.42,25.06,1.3,False,NORMAL,NONE
AWS-03,Mumbai Marine Coast,2026-08-05T21:30:00+00:00,27.23,1013.67,82.46,23.99,1.23,False,NORMAL,NONE
AWS-03,Mumbai Marine Coast,2026-08-05T21:45:00+00:00,26.57,1013.3,83.29,23.5,8.36,False,NORMAL,NONE
AWS-03,Mumbai Marine Coast,2026-08-05T22:00:00+00:00,26.43,1012.98,83.72,23.45,4.84,False,NORMAL,NONE
AWS-03,Mumbai Marine Coast,2026-08-05T22:15:00+00:00,26.51,1013.44,85.58,23.89,4.99,False,NORMAL,NONE
AWS-03,Mumbai Marine Coast,2026-08-05T22:30:00+00:00,27.21,1013.1,85.18,24.51,4.61,False,NORMAL,NONE
AWS-03,Mumbai Marine Coast,2026-08-05T22:45:00+00:00,25.9,1012.74,85.04,23.2,3.8,False,NORMAL,NONE
AWS-03,Mumbai Marine Coast,2026-08-05T23:00:00+00:00,26.37,1013.33,85.31,23.71,6.37,False,NORMAL,NONE
AWS-03,Mumbai Marine Coast,2026-08-05T23:15:00+00:00,25.51,1012.78,86.2,23.03,5.01,False,NORMAL,NONE
AWS-03,Mumbai Marine Coast,2026-08-05T23:30:00+00:00,25.53,1013.14,85.69,22.96,1.05,True,ANOMALY,FROZEN_SENSOR
AWS-03,Mumbai Marine Coast,2026-08-05T23:45:00+00:00,25.53,1012.81,87.88,23.38,4.9,True,ANOMALY,FROZEN_SENSOR
AWS-03,Mumbai Marine Coast,2026-08-06T00:00:00+00:00,25.53,1012.1,87.51,23.31,4.64,True,ANOMALY,FROZEN_SENSOR
AWS-03,Mumbai Marine Coast,2026-08-06T00:15:00+00:00,25.53,1012.48,85.7,22.96,1.21,True,ANOMALY,FROZEN_SENSOR
AWS-03,Mumbai Marine Coast,2026-08-06T00:30:00+00:00,25.53,1012.34,86.08,23.03,5.51,True,ANOMALY,FROZEN_SENSOR
AWS-03,Mumbai Marine Coast,2026-08-06T00:45:00+00:00,25.53,1012.38,86.1,23.04,5.32,True,ANOMALY,FROZEN_SENSOR
AWS-03,Mumbai Marine Coast,2026-08-06T01:00:00+00:00,25.53,1011.92,86.96,23.2,3.98,True,ANOMALY,FROZEN_SENSOR
AWS-03,Mumbai Marine Coast,2026-08-06T01:15:00+00:00,25.53,1012.03,84.23,22.67,5.4,True,ANOMALY,FROZEN_SENSOR
AWS-03,Mumbai Marine Coast,2026-08-06T01:30:00+00:00,24.73,1011.71,86.91,22.4,5.56,False,NORMAL,NONE
AWS-03,Mumbai Marine Coast,2026-08-06T01:45:00+00:00,24.42,1012.31,87.43,22.19,5.78,False,NORMAL,NONE
AWS-03,Mumbai Marine Coast,2026-08-06T02:00:00+00:00,25.02,1011.6,86.43,22.6,4.04,False,NORMAL,NONE
AWS-03,Mumbai Marine Coast,2026-08-06T02:15:00+00:00,48.61,1011.75,87.78,46.04,3.42,True,ANOMALY,SPIKE
AWS-03,Mumbai Marine Coast,2026-08-06T02:30:00+00:00,24.91,1011.36,87.42,22.67,3.46,False,NORMAL,NONE
AWS-03,Mumbai Marine Coast,2026-08-06T02:45:00+00:00,24.41,1010.38,86.42,21.99,4.55,False,NORMAL,NONE
AWS-03,Mumbai Marine Coast,2026-08-06T03:00:00+00:00,20.0,1010.83,100.0,23.5,0.52,True,ANOMALY,CROSS_SENSOR_INCONSISTENCY
AWS-03,Mumbai Marine Coast,2026-08-06T03:15:00+00:00,24.72,1010.52,85.02,22.03,5.34,False,NORMAL,NONE
AWS-03,Mumbai Marine Coast,2026-08-06T03:30:00+00:00,24.47,1010.22,85.36,21.85,2.66,False,NORMAL,NONE
AWS-03,Mumbai Marine Coast,2026-08-06T03:45:00+00:00,25.31,1010.96,84.88,22.58,5.31,False,NORMAL,NONE
AWS-03,Mumbai Marine Coast,2026-08-06T04:00:00+00:00,25.33,1011.56,87.51,23.1,1.57,False,NORMAL,NONE
AWS-03,Mumbai Marine Coast,2026-08-06T04:15:00+00:00,25.07,1010.41,86.58,22.67,4.74,False,NORMAL,NONE
AWS-03,Mumbai Marine Coast,2026-08-06T04:30:00+00:00,25.86,1010.71,85.95,23.32,4.29,False,NORMAL,NONE
AWS-03,Mumbai Marine Coast,2026-08-06T04:45:00+00:00,25.88,1010.51,83.99,22.97,4.38,False,NORMAL,NONE
AWS-03,Mumbai Marine Coast,2026-08-06T05:00:00+00:00,25.36,1010.54,83.64,22.39,6.12,False,NORMAL,NONE
AWS-03,Mumbai Marine Coast,2026-08-06T05:15:00+00:00,26.44,1010.62,83.12,23.35,4.73,False,NORMAL,NONE
AWS-03,Mumbai Marine Coast,2026-08-06T05:30:00+00:00,26.21,1011.32,84.96,23.48,5.61,False,NORMAL,NONE
AWS-03,Mumbai Marine Coast,2026-08-06T05:45:00+00:00,26.28,1011.26,82.77,23.11,4.49,False,NORMAL,NONE
AWS-03,Mumbai Marine Coast,2026-08-06T06:00:00+00:00,26.61,1011.79,82.61,23.41,3.79,False,NORMAL,NONE
AWS-03,Mumbai Marine Coast,2026-08-06T06:15:00+00:00,27.41,1011.29,83.25,24.32,6.33,False,NORMAL,NONE
AWS-03,Mumbai Marine Coast,2026-08-06T06:30:00+00:00,28.05,1011.33,82.82,24.85,3.28,False,NORMAL,NONE
AWS-03,Mumbai Marine Coast,2026-08-06T06:45:00+00:00,27.52,1011.6,82.07,24.18,2.93,False,NORMAL,NONE
AWS-03,Mumbai Marine Coast,2026-08-06T07:00:00+00:00,28.33,1012.17,83.4,25.25,7.03,False,NORMAL,NONE
AWS-03,Mumbai Marine Coast,2026-08-06T07:15:00+00:00,27.59,1012.16,82.03,24.25,2.94,False,NORMAL,NONE
AWS-03,Mumbai Marine Coast,2026-08-06T07:30:00+00:00,28.25,1012.87,80.15,24.5,3.3,False,NORMAL,NONE
AWS-03,Mumbai Marine Coast,2026-08-06T07:45:00+00:00,28.84,1012.49,80.8,25.21,0.87,False,NORMAL,NONE
AWS-03,Mumbai Marine Coast,2026-08-06T08:00:00+00:00,28.81,1013.18,79.93,25.0,1.31,False,NORMAL,NONE
AWS-03,Mumbai Marine Coast,2026-08-06T08:15:00+00:00,29.45,1013.32,79.36,25.5,2.82,False,NORMAL,NONE
AWS-03,Mumbai Marine Coast,2026-08-06T08:30:00+00:00,30.21,1012.6,81.55,26.7,1.8,False,NORMAL,NONE
AWS-03,Mumbai Marine Coast,2026-08-06T08:45:00+00:00,29.53,1013.12,76.24,24.91,4.73,False,NORMAL,NONE
AWS-03,Mumbai Marine Coast,2026-08-06T09:00:00+00:00,30.32,1013.12,78.27,26.11,1.66,False,NORMAL,NONE
AWS-03,Mumbai Marine Coast,2026-08-06T09:15:00+00:00,30.32,1012.97,76.26,25.68,6.5,False,NORMAL,NONE
AWS-03,Mumbai Marine Coast,2026-08-06T09:30:00+00:00,30.6,1013.12,76.81,26.07,3.92,False,NORMAL,NONE
AWS-03,Mumbai Marine Coast,2026-08-06T09:45:00+00:00,30.84,1013.03,79.06,26.79,3.21,False,NORMAL,NONE
AWS-03,Mumbai Marine Coast,2026-08-06T10:00:00+00:00,31.24,1012.86,78.52,27.06,2.76,False,NORMAL,NONE
AWS-03,Mumbai Marine Coast,2026-08-06T10:15:00+00:00,30.92,1012.99,76.62,26.33,1.99,False,NORMAL,NONE
AWS-03,Mumbai Marine Coast,2026-08-06T10:30:00+00:00,31.3,1012.95,75.08,26.35,5.06,False,NORMAL,NONE
AWS-03,Mumbai Marine Coast,2026-08-06T10:45:00+00:00,32.0,1013.27,72.29,26.39,7.36,True,ANOMALY,SENSOR_DRIFT
AWS-03,Mumbai Marine Coast,2026-08-06T11:00:00+00:00,32.12,1012.63,75.33,27.2,3.9,False,NORMAL,NONE
AWS-03,Mumbai Marine Coast,2026-08-06T11:15:00+00:00,32.4,1012.99,74.82,27.35,5.99,False,NORMAL,NONE
AWS-03,Mumbai Marine Coast,2026-08-06T11:30:00+00:00,32.44,1013.27,75.82,27.63,4.29,False,NORMAL,NONE
AWS-03,Mumbai Marine Coast,2026-08-06T11:45:00+00:00,32.58,1012.77,72.72,27.05,5.37,False,NORMAL,NONE
AWS-03,Mumbai Marine Coast,2026-08-06T12:00:00+00:00,32.76,1012.5,74.31,27.59,2.2,False,NORMAL,NONE
AWS-03,Mumbai Marine Coast,2026-08-06T12:15:00+00:00,20.0,1012.52,100.0,23.5,3.66,True,ANOMALY,CROSS_SENSOR_INCONSISTENCY
AWS-03,Mumbai Marine Coast,2026-08-06T12:30:00+00:00,33.54,1012.38,71.65,27.71,1.98,False,NORMAL,NONE
AWS-03,Mumbai Marine Coast,2026-08-06T12:45:00+00:00,32.99,1011.94,72.42,27.37,3.41,False,NORMAL,NONE
AWS-03,Mumbai Marine Coast,2026-08-06T13:00:00+00:00,32.65,1011.74,71.4,26.8,3.11,False,NORMAL,NONE
AWS-03,Mumbai Marine Coast,2026-08-06T13:15:00+00:00,33.26,1011.67,71.85,27.49,3.89,False,NORMAL,NONE
AWS-03,Mumbai Marine Coast,2026-08-06T13:30:00+00:00,33.66,1011.3,72.18,27.95,3.13,False,NORMAL,NONE
AWS-03,Mumbai Marine Coast,2026-08-06T13:45:00+00:00,33.82,1011.76,72.91,28.28,3.57,False,NORMAL,NONE
AWS-03,Mumbai Marine Coast,2026-08-06T14:00:00+00:00,33.52,1011.43,72.04,27.78,1.46,False,NORMAL,NONE
AWS-03,Mumbai Marine Coast,2026-08-06T14:15:00+00:00,33.08,1011.14,75.04,28.07,3.75,False,NORMAL,NONE
AWS-03,Mumbai Marine Coast,2026-08-06T14:30:00+00:00,33.21,1010.79,72.68,27.64,1.39,False,NORMAL,NONE
AWS-03,Mumbai Marine Coast,2026-08-06T14:45:00+00:00,33.01,1010.64,73.47,27.63,3.32,False,NORMAL,NONE
AWS-03,Mumbai Marine Coast,2026-08-06T15:00:00+00:00,34.22,1011.16,74.29,28.99,2.58,False,NORMAL,NONE
AWS-03,Mumbai Marine Coast,2026-08-06T15:15:00+00:00,33.69,1010.92,73.85,28.37,1.92,False,NORMAL,NONE
AWS-03,Mumbai Marine Coast,2026-08-06T15:30:00+00:00,27.44,1013.93,102.35,27.44,1.83,False,GENUINE_WEATHER_EVENT,GENUINE_WEATHER_EVENT
AWS-03,Mumbai Marine Coast,2026-08-06T15:45:00+00:00,32.21,1010.43,73.51,26.87,3.92,False,NORMAL,NONE
AWS-03,Mumbai Marine Coast,2026-08-06T16:00:00+00:00,32.8,1010.57,72.46,27.19,3.62,False,NORMAL,NONE
AWS-03,Mumbai Marine Coast,2026-08-06T16:15:00+00:00,32.53,1010.29,74.21,27.34,6.17,False,NORMAL,NONE
AWS-03,Mumbai Marine Coast,2026-08-06T16:30:00+00:00,33.44,1010.77,72.25,27.76,2.76,False,NORMAL,NONE
AWS-03,Mumbai Marine Coast,2026-08-06T16:45:00+00:00,32.88,1011.27,76.08,28.1,1.96,False,NORMAL,NONE
AWS-03,Mumbai Marine Coast,2026-08-06T17:00:00+00:00,32.01,1010.96,75.34,27.1,2.71,False,NORMAL,NONE
AWS-03,Mumbai Marine Coast,2026-08-06T17:15:00+00:00,32.02,1010.91,74.36,26.89,5.25,False,NORMAL,NONE
AWS-03,Mumbai Marine Coast,2026-08-06T17:30:00+00:00,32.06,1011.18,75.11,27.1,2.32,False,NORMAL,NONE
AWS-03,Mumbai Marine Coast,2026-08-06T17:45:00+00:00,31.12,1010.68,75.99,26.39,2.52,False,NORMAL,NONE
AWS-03,Mumbai Marine Coast,2026-08-06T18:00:00+00:00,31.41,1011.99,76.64,26.81,4.02,False,NORMAL,NONE
AWS-03,Mumbai Marine Coast,2026-08-06T18:15:00+00:00,30.54,1011.93,75.68,25.76,5.42,False,NORMAL,NONE
AWS-03,Mumbai Marine Coast,2026-08-06T18:30:00+00:00,31.52,1012.01,77.17,27.04,3.47,False,NORMAL,NONE
AWS-03,Mumbai Marine Coast,2026-08-06T18:45:00+00:00,30.75,1011.38,77.8,26.43,3.74,False,NORMAL,NONE
AWS-03,Mumbai Marine Coast,2026-08-06T19:00:00+00:00,31.26,1011.99,77.48,26.85,3.6,False,NORMAL,NONE
AWS-03,Mumbai Marine Coast,2026-08-06T19:15:00+00:00,29.71,1012.29,79.83,25.85,6.5,False,NORMAL,NONE
AWS-03,Mumbai Marine Coast,2026-08-06T19:30:00+00:00,29.0,1012.06,78.85,24.95,4.68,False,NORMAL,NONE
AWS-03,Mumbai Marine Coast,2026-08-06T19:45:00+00:00,29.78,1012.51,80.89,26.15,3.65,False,NORMAL,NONE
AWS-03,Mumbai Marine Coast,2026-08-06T20:00:00+00:00,28.96,1013.13,78.93,24.93,4.47,False,NORMAL,NONE
AWS-03,Mumbai Marine Coast,2026-08-06T20:15:00+00:00,28.37,1013.31,80.37,24.66,4.84,False,NORMAL,NONE
AWS-03,Mumbai Marine Coast,2026-08-06T20:30:00+00:00,28.85,1013.07,79.91,25.03,4.1,False,NORMAL,NONE
AWS-03,Mumbai Marine Coast,2026-08-06T20:45:00+00:00,28.45,1012.71,79.35,24.53,3.84,False,NORMAL,NONE
AWS-03,Mumbai Marine Coast,2026-08-06T21:00:00+00:00,27.58,1013.41,81.64,24.15,2.22,False,NORMAL,NONE
AWS-03,Mumbai Marine Coast,2026-08-06T21:15:00+00:00,26.84,1012.87,84.25,23.96,1.0,False,NORMAL,NONE
AWS-03,Mumbai Marine Coast,2026-08-06T21:30:00+00:00,27.42,1013.15,78.28,23.3,3.86,True,ANOMALY,SENSOR_DRIFT
AWS-03,Mumbai Marine Coast,2026-08-06T21:45:00+00:00,27.59,1013.18,84.93,24.82,7.07,False,NORMAL,NONE
AWS-03,Mumbai Marine Coast,2026-08-06T22:00:00+00:00,26.65,1013.65,84.28,23.78,5.68,False,NORMAL,NONE
AWS-03,Mumbai Marine Coast,2026-08-06T22:15:00+00:00,26.88,1013.08,83.56,23.86,3.28,False,NORMAL,NONE
AWS-03,Mumbai Marine Coast,2026-08-06T22:30:00+00:00,25.92,1013.17,85.45,23.29,4.0,False,NORMAL,NONE
AWS-03,Mumbai Marine Coast,2026-08-06T22:45:00+00:00,25.82,1013.14,84.39,22.99,8.55,False,NORMAL,NONE
AWS-03,Mumbai Marine Coast,2026-08-06T23:00:00+00:00,25.44,1013.22,85.23,22.78,5.17,False,NORMAL,NONE
AWS-03,Mumbai Marine Coast,2026-08-06T23:15:00+00:00,25.7,1012.48,85.61,23.11,5.49,False,NORMAL,NONE
AWS-03,Mumbai Marine Coast,2026-08-06T23:30:00+00:00,25.36,1012.52,87.13,23.07,3.47,False,NORMAL,NONE
AWS-03,Mumbai Marine Coast,2026-08-06T23:45:00+00:00,25.05,1012.49,82.57,21.88,5.87,False,NORMAL,NONE
AWS-03,Mumbai Marine Coast,2026-08-07T00:00:00+00:00,25.05,1012.53,87.1,22.75,3.75,False,NORMAL,NONE
AWS-03,Mumbai Marine Coast,2026-08-07T00:15:00+00:00,24.58,1012.31,86.56,22.19,7.04,False,NORMAL,NONE
AWS-03,Mumbai Marine Coast,2026-08-07T00:30:00+00:00,24.85,1012.13,85.68,22.29,5.54,False,NORMAL,NONE
AWS-03,Mumbai Marine Coast,2026-08-07T00:45:00+00:00,25.05,1012.37,86.5,22.64,5.02,False,NORMAL,NONE
AWS-03,Mumbai Marine Coast,2026-08-07T01:00:00+00:00,24.83,1011.9,85.37,22.21,4.0,False,NORMAL,NONE
AWS-03,Mumbai Marine Coast,2026-08-07T01:15:00+00:00,24.39,1011.49,86.79,22.04,3.67,False,NORMAL,NONE
AWS-03,Mumbai Marine Coast,2026-08-07T01:30:00+00:00,24.28,1011.69,87.29,22.03,3.58,False,NORMAL,NONE
AWS-03,Mumbai Marine Coast,2026-08-07T01:45:00+00:00,24.36,1011.52,88.39,22.31,1.27,False,NORMAL,NONE
AWS-03,Mumbai Marine Coast,2026-08-07T02:00:00+00:00,24.91,1011.8,84.05,22.03,3.29,True,ANOMALY,SENSOR_DRIFT
AWS-03,Mumbai Marine Coast,2026-08-07T02:15:00+00:00,24.99,1011.07,88.88,23.02,4.92,False,NORMAL,NONE
AWS-03,Mumbai Marine Coast,2026-08-07T02:30:00+00:00,24.91,1011.2,87.6,22.71,4.28,False,NORMAL,NONE
AWS-03,Mumbai Marine Coast,2026-08-07T02:45:00+00:00,24.74,1011.06,85.44,22.13,2.11,False,NORMAL,NONE
AWS-03,Mumbai Marine Coast,2026-08-07T03:00:00+00:00,24.62,1011.09,87.14,22.33,1.57,False,NORMAL,NONE
AWS-03,Mumbai Marine Coast,2026-08-07T03:15:00+00:00,25.15,1011.34,86.53,22.74,2.74,False,NORMAL,NONE
AWS-03,Mumbai Marine Coast,2026-08-07T03:30:00+00:00,24.72,1010.76,88.41,22.68,3.19,False,NORMAL,NONE
AWS-03,Mumbai Marine Coast,2026-08-07T03:45:00+00:00,24.57,1010.42,84.89,21.86,3.06,False,NORMAL,NONE
AWS-03,Mumbai Marine Coast,2026-08-07T04:00:00+00:00,25.29,1010.79,86.62,22.9,4.48,False,NORMAL,NONE
AWS-03,Mumbai Marine Coast,2026-08-07T04:15:00+00:00,25.27,1010.68,84.17,22.41,3.26,False,NORMAL,NONE
AWS-03,Mumbai Marine Coast,2026-08-07T04:30:00+00:00,26.25,1011.25,87.03,23.92,3.6,False,NORMAL,NONE
AWS-03,Mumbai Marine Coast,2026-08-07T04:45:00+00:00,25.66,1010.98,87.47,23.42,2.04,False,NORMAL,NONE
AWS-03,Mumbai Marine Coast,2026-08-07T05:00:00+00:00,25.14,1011.14,85.21,22.48,5.66,False,NORMAL,NONE
AWS-03,Mumbai Marine Coast,2026-08-07T05:15:00+00:00,26.11,1011.35,83.64,23.12,2.51,False,NORMAL,NONE
AWS-03,Mumbai Marine Coast,2026-08-07T05:30:00+00:00,26.13,1011.21,82.47,22.91,3.26,False,NORMAL,NONE
AWS-03,Mumbai Marine Coast,2026-08-07T05:45:00+00:00,26.32,1011.48,82.43,23.08,2.67,False,NORMAL,NONE
AWS-03,Mumbai Marine Coast,2026-08-07T06:00:00+00:00,27.79,1011.19,84.59,24.96,7.24,False,NORMAL,NONE
AWS-03,Mumbai Marine Coast,2026-08-07T06:15:00+00:00,26.43,1011.27,81.99,23.11,3.44,False,NORMAL,NONE
AWS-03,Mumbai Marine Coast,2026-08-07T06:30:00+00:00,12.42,1011.07,83.82,9.76,5.17,True,ANOMALY,SPIKE
AWS-03,Mumbai Marine Coast,2026-08-07T06:45:00+00:00,27.15,1011.95,81.46,23.7,3.65,False,NORMAL,NONE
AWS-03,Mumbai Marine Coast,2026-08-07T07:00:00+00:00,28.02,1012.3,84.25,25.11,3.94,False,NORMAL,NONE
AWS-03,Mumbai Marine Coast,2026-08-07T07:15:00+00:00,27.34,1012.19,81.92,23.98,3.54,False,NORMAL,NONE
AWS-03,Mumbai Marine Coast,2026-08-07T07:30:00+00:00,27.64,1012.37,81.25,24.13,5.02,False,NORMAL,NONE
AWS-03,Mumbai Marine Coast,2026-08-07T07:45:00+00:00,28.72,1011.91,80.7,25.08,3.58,False,NORMAL,NONE
AWS-03,Mumbai Marine Coast,2026-08-07T08:00:00+00:00,29.3,1012.72,78.71,25.21,4.76,False,NORMAL,NONE
AWS-03,Mumbai Marine Coast,2026-08-07T08:15:00+00:00,28.79,1012.8,81.6,25.33,6.11,False,NORMAL,NONE
AWS-03,Mumbai Marine Coast,2026-08-07T08:30:00+00:00,29.27,1013.15,78.5,25.15,3.61,False,NORMAL,NONE
AWS-03,Mumbai Marine Coast,2026-08-07T08:45:00+00:00,30.0,1013.19,77.93,25.73,5.38,False,NORMAL,NONE
AWS-03,Mumbai Marine Coast,2026-08-07T09:00:00+00:00,29.95,1013.25,78.39,25.78,4.43,False,NORMAL,NONE
AWS-03,Mumbai Marine Coast,2026-08-07T09:15:00+00:00,30.24,1012.57,77.35,25.83,2.79,False,NORMAL,NONE
AWS-03,Mumbai Marine Coast,2026-08-07T09:30:00+00:00,30.79,1013.33,79.01,26.73,2.14,False,NORMAL,NONE
AWS-03,Mumbai Marine Coast,2026-08-07T09:45:00+00:00,30.98,1013.17,80.94,27.32,4.01,False,NORMAL,NONE
AWS-03,Mumbai Marine Coast,2026-08-07T10:00:00+00:00,31.11,1013.62,76.11,26.4,3.32,False,NORMAL,NONE
AWS-03,Mumbai Marine Coast,2026-08-07T10:15:00+00:00,32.09,1013.38,78.3,27.83,3.91,False,NORMAL,NONE
AWS-03,Mumbai Marine Coast,2026-08-07T10:30:00+00:00,17.11,1013.51,75.82,12.81,4.9,True,ANOMALY,SPIKE
AWS-03,Mumbai Marine Coast,2026-08-07T10:45:00+00:00,31.94,1012.58,75.5,27.06,5.37,False,NORMAL,NONE
AWS-03,Mumbai Marine Coast,2026-08-07T11:00:00+00:00,32.11,1012.54,75.92,27.32,2.39,False,NORMAL,NONE
AWS-03,Mumbai Marine Coast,2026-08-07T11:15:00+00:00,32.76,1013.24,73.8,27.47,4.86,False,NORMAL,NONE
AWS-03,Mumbai Marine Coast,2026-08-07T11:30:00+00:00,32.18,1013.01,75.71,27.34,1.59,False,NORMAL,NONE
AWS-03,Mumbai Marine Coast,2026-08-07T11:45:00+00:00,32.74,1012.42,75.14,27.76,1.57,False,NORMAL,NONE
AWS-03,Mumbai Marine Coast,2026-08-07T12:00:00+00:00,32.68,1012.78,73.39,27.3,2.84,False,NORMAL,NONE
AWS-03,Mumbai Marine Coast,2026-08-07T12:15:00+00:00,32.69,1012.85,73.55,27.35,6.54,False,NORMAL,NONE
AWS-03,Mumbai Marine Coast,2026-08-07T12:30:00+00:00,33.5,1012.08,73.59,28.13,4.04,False,NORMAL,NONE
AWS-03,Mumbai Marine Coast,2026-08-07T12:45:00+00:00,33.31,1012.06,72.81,27.76,3.25,False,NORMAL,NONE
AWS-03,Mumbai Marine Coast,2026-08-07T13:00:00+00:00,34.37,1011.93,72.4,28.68,4.47,False,NORMAL,NONE
AWS-03,Mumbai Marine Coast,2026-08-07T13:15:00+00:00,20.0,1011.92,100.0,23.5,5.86,True,ANOMALY,CROSS_SENSOR_INCONSISTENCY
AWS-03,Mumbai Marine Coast,2026-08-07T13:30:00+00:00,33.36,1011.73,73.04,27.87,2.45,False,NORMAL,NONE
AWS-03,Mumbai Marine Coast,2026-08-07T13:45:00+00:00,33.37,1011.26,72.35,27.71,2.49,False,NORMAL,NONE
AWS-03,Mumbai Marine Coast,2026-08-07T14:00:00+00:00,32.7,1011.63,72.64,27.14,6.79,False,NORMAL,NONE
AWS-03,Mumbai Marine Coast,2026-08-07T14:15:00+00:00,34.11,1011.08,72.69,28.51,3.49,False,NORMAL,NONE
AWS-03,Mumbai Marine Coast,2026-08-07T14:30:00+00:00,33.74,1011.52,71.9,27.97,6.31,False,NORMAL,NONE
AWS-03,Mumbai Marine Coast,2026-08-07T14:45:00+00:00,33.23,1011.08,73.26,27.8,4.09,False,NORMAL,NONE
AWS-03,Mumbai Marine Coast,2026-08-07T15:00:00+00:00,32.98,1011.02,72.94,27.48,4.89,False,NORMAL,NONE
AWS-03,Mumbai Marine Coast,2026-08-07T15:15:00+00:00,33.06,1010.69,74.02,27.81,5.89,False,NORMAL,NONE
AWS-03,Mumbai Marine Coast,2026-08-07T15:30:00+00:00,33.14,1010.98,75.09,28.13,0.83,False,NORMAL,NONE
AWS-03,Mumbai Marine Coast,2026-08-07T15:45:00+00:00,33.41,1010.59,73.77,28.09,5.4,False,NORMAL,NONE
AWS-03,Mumbai Marine Coast,2026-08-07T16:00:00+00:00,32.68,1010.81,75.49,27.78,5.0,False,NORMAL,NONE
AWS-03,Mumbai Marine Coast,2026-08-07T16:15:00+00:00,33.15,1010.48,74.28,27.95,2.44,True,ANOMALY,FROZEN_SENSOR
AWS-03,Mumbai Marine Coast,2026-08-07T16:30:00+00:00,33.15,1011.21,74.6,28.02,5.45,True,ANOMALY,FROZEN_SENSOR
AWS-03,Mumbai Marine Coast,2026-08-07T16:45:00+00:00,33.15,1010.9,75.78,28.29,3.77,True,ANOMALY,FROZEN_SENSOR
AWS-03,Mumbai Marine Coast,2026-08-07T17:00:00+00:00,33.15,1010.58,74.07,27.9,3.72,True,ANOMALY,FROZEN_SENSOR
AWS-03,Mumbai Marine Coast,2026-08-07T17:15:00+00:00,33.15,1011.81,76.02,28.35,2.22,True,ANOMALY,FROZEN_SENSOR
AWS-03,Mumbai Marine Coast,2026-08-07T17:30:00+00:00,33.15,993.22,75.33,28.19,1.13,True,ANOMALY,FROZEN_SENSOR
AWS-03,Mumbai Marine Coast,2026-08-07T17:45:00+00:00,33.15,1013.69,105.59,33.15,3.75,True,ANOMALY,FROZEN_SENSOR
AWS-03,Mumbai Marine Coast,2026-08-07T18:00:00+00:00,33.15,1011.53,76.21,28.39,1.27,True,ANOMALY,FROZEN_SENSOR
AWS-03,Mumbai Marine Coast,2026-08-07T18:15:00+00:00,31.02,1011.28,76.12,26.32,3.62,False,NORMAL,NONE
AWS-03,Mumbai Marine Coast,2026-08-07T18:30:00+00:00,30.83,1011.91,78.42,26.64,2.48,False,NORMAL,NONE
AWS-03,Mumbai Marine Coast,2026-08-07T18:45:00+00:00,29.87,1011.41,77.53,25.52,5.34,False,NORMAL,NONE
AWS-03,Mumbai Marine Coast,2026-08-07T19:00:00+00:00,30.42,1011.96,78.77,26.31,4.9,False,NORMAL,NONE
AWS-03,Mumbai Marine Coast,2026-08-07T19:15:00+00:00,29.86,1011.87,80.17,26.07,3.54,False,NORMAL,NONE
AWS-03,Mumbai Marine Coast,2026-08-07T19:30:00+00:00,30.28,1012.36,80.88,26.63,5.06,False,NORMAL,NONE
AWS-03,Mumbai Marine Coast,2026-08-07T19:45:00+00:00,29.69,1012.71,78.63,25.58,2.27,False,NORMAL,NONE
AWS-03,Mumbai Marine Coast,2026-08-07T20:00:00+00:00,29.8,1012.94,79.9,25.95,5.39,False,NORMAL,NONE
AWS-03,Mumbai Marine Coast,2026-08-07T20:15:00+00:00,28.5,1012.88,82.44,25.22,3.42,False,NORMAL,NONE
AWS-03,Mumbai Marine Coast,2026-08-07T20:30:00+00:00,27.53,1012.77,81.59,24.1,3.88,False,NORMAL,NONE
AWS-03,Mumbai Marine Coast,2026-08-07T20:45:00+00:00,27.99,1012.84,80.9,24.4,3.7,False,NORMAL,NONE
AWS-03,Mumbai Marine Coast,2026-08-07T21:00:00+00:00,27.53,1012.96,83.09,24.4,3.17,False,NORMAL,NONE
AWS-03,Mumbai Marine Coast,2026-08-07T21:15:00+00:00,27.7,1013.65,82.9,24.53,4.76,False,NORMAL,NONE
AWS-03,Mumbai Marine Coast,2026-08-07T21:30:00+00:00,27.31,1013.09,84.24,24.42,2.91,False,NORMAL,NONE
AWS-03,Mumbai Marine Coast,2026-08-07T21:45:00+00:00,26.87,1013.07,83.58,23.85,5.26,False,NORMAL,NONE
AWS-03,Mumbai Marine Coast,2026-08-07T22:00:00+00:00,26.62,1012.67,81.76,23.25,3.28,False,NORMAL,NONE
AWS-03,Mumbai Marine Coast,2026-08-07T22:15:00+00:00,26.69,1012.8,83.16,23.59,0.5,False,NORMAL,NONE
AWS-03,Mumbai Marine Coast,2026-08-07T22:30:00+00:00,25.53,1013.5,86.07,23.03,6.04,False,NORMAL,NONE
AWS-03,Mumbai Marine Coast,2026-08-07T22:45:00+00:00,26.21,1013.03,84.03,23.29,5.48,False,NORMAL,NONE
AWS-03,Mumbai Marine Coast,2026-08-07T23:00:00+00:00,26.7,1013.34,84.49,23.87,1.45,False,NORMAL,NONE
AWS-03,Mumbai Marine Coast,2026-08-07T23:15:00+00:00,25.0,1012.62,85.39,22.37,4.85,False,NORMAL,NONE
AWS-03,Mumbai Marine Coast,2026-08-07T23:30:00+00:00,25.05,1013.12,85.68,22.48,3.56,True,ANOMALY,SENSOR_DRIFT
AWS-03,Mumbai Marine Coast,2026-08-07T23:45:00+00:00,25.29,1012.87,86.49,22.87,2.36,False,NORMAL,NONE
AWS-03,Mumbai Marine Coast,2026-08-08T00:00:00+00:00,24.66,1012.42,86.49,22.26,2.82,False,NORMAL,NONE
AWS-03,Mumbai Marine Coast,2026-08-08T00:15:00+00:00,49.42,1012.06,85.73,46.38,2.22,True,ANOMALY,SPIKE
AWS-03,Mumbai Marine Coast,2026-08-08T00:30:00+00:00,25.1,1012.3,85.76,22.54,7.6,False,NORMAL,NONE
AWS-03,Mumbai Marine Coast,2026-08-08T00:45:00+00:00,24.57,1012.03,87.76,22.41,2.04,False,NORMAL,NONE
AWS-03,Mumbai Marine Coast,2026-08-08T01:00:00+00:00,25.03,1012.24,86.48,22.62,2.91,False,NORMAL,NONE
AWS-03,Mumbai Marine Coast,2026-08-08T01:15:00+00:00,24.35,1011.56,87.91,22.22,3.32,False,NORMAL,NONE
AWS-03,Mumbai Marine Coast,2026-08-08T01:30:00+00:00,24.62,1011.77,87.3,22.37,4.89,False,NORMAL,NONE
AWS-03,Mumbai Marine Coast,2026-08-08T01:45:00+00:00,24.62,1011.54,88.47,22.59,3.46,False,NORMAL,NONE
AWS-03,Mumbai Marine Coast,2026-08-08T02:00:00+00:00,24.18,1011.78,84.51,21.4,5.38,False,NORMAL,NONE
AWS-03,Mumbai Marine Coast,2026-08-08T02:15:00+00:00,25.08,1011.2,85.03,22.39,3.22,False,NORMAL,NONE
AWS-03,Mumbai Marine Coast,2026-08-08T02:30:00+00:00,24.44,1011.61,88.71,22.45,3.34,False,NORMAL,NONE
AWS-03,Mumbai Marine Coast,2026-08-08T02:45:00+00:00,24.72,1011.0,86.42,22.3,1.18,False,NORMAL,NONE
AWS-03,Mumbai Marine Coast,2026-08-08T03:00:00+00:00,24.31,1010.87,87.89,22.18,6.49,False,NORMAL,NONE
AWS-03,Mumbai Marine Coast,2026-08-08T03:15:00+00:00,24.58,1010.85,87.73,22.41,3.96,False,NORMAL,NONE
AWS-03,Mumbai Marine Coast,2026-08-08T03:30:00+00:00,24.79,1011.11,84.18,21.94,4.93,False,NORMAL,NONE
AWS-03,Mumbai Marine Coast,2026-08-08T03:45:00+00:00,24.48,1010.45,86.01,21.98,4.28,False,NORMAL,NONE
AWS-03,Mumbai Marine Coast,2026-08-08T04:00:00+00:00,25.1,1011.29,87.87,22.95,5.24,False,NORMAL,NONE
AWS-03,Mumbai Marine Coast,2026-08-08T04:15:00+00:00,25.17,1010.93,84.55,22.38,2.08,False,NORMAL,NONE
AWS-03,Mumbai Marine Coast,2026-08-08T04:30:00+00:00,25.27,1011.25,85.18,22.6,3.64,False,NORMAL,NONE
AWS-03,Mumbai Marine Coast,2026-08-08T04:45:00+00:00,26.21,1011.36,86.28,23.74,3.94,False,NORMAL,NONE
AWS-03,Mumbai Marine Coast,2026-08-08T05:00:00+00:00,26.12,1011.01,83.52,23.11,5.39,False,NORMAL,NONE
AWS-03,Mumbai Marine Coast,2026-08-08T05:15:00+00:00,25.82,1011.16,83.19,22.75,4.07,False,NORMAL,NONE
AWS-03,Mumbai Marine Coast,2026-08-08T05:30:00+00:00,26.65,1011.19,83.6,23.65,4.27,False,NORMAL,NONE
AWS-03,Mumbai Marine Coast,2026-08-08T05:45:00+00:00,26.15,1011.12,83.75,23.18,1.99,False,NORMAL,NONE
AWS-03,Mumbai Marine Coast,2026-08-08T06:00:00+00:00,26.63,1010.95,83.36,23.58,2.08,False,NORMAL,NONE
AWS-03,Mumbai Marine Coast,2026-08-08T06:15:00+00:00,26.7,1011.62,82.17,23.4,5.34,False,NORMAL,NONE
AWS-03,Mumbai Marine Coast,2026-08-08T06:30:00+00:00,26.84,1011.92,81.58,23.43,1.49,False,NORMAL,NONE
AWS-03,Mumbai Marine Coast,2026-08-08T06:45:00+00:00,27.79,1011.74,82.06,24.44,4.96,False,NORMAL,NONE
AWS-03,Mumbai Marine Coast,2026-08-08T07:00:00+00:00,28.34,1011.96,82.17,25.0,4.43,False,NORMAL,NONE
AWS-03,Mumbai Marine Coast,2026-08-08T07:15:00+00:00,27.82,1011.98,80.97,24.25,4.93,False,NORMAL,NONE
AWS-03,Mumbai Marine Coast,2026-08-08T07:30:00+00:00,28.17,1012.19,81.63,24.73,6.49,False,NORMAL,NONE
AWS-03,Mumbai Marine Coast,2026-08-08T07:45:00+00:00,28.85,1011.96,80.04,25.06,3.32,False,NORMAL,NONE
AWS-03,Mumbai Marine Coast,2026-08-08T08:00:00+00:00,29.39,1013.05,80.99,25.79,4.3,False,NORMAL,NONE
AWS-03,Mumbai Marine Coast,2026-08-08T08:15:00+00:00,29.8,1012.51,78.52,25.66,3.77,False,NORMAL,NONE
AWS-03,Mumbai Marine Coast,2026-08-08T08:30:00+00:00,30.35,1012.75,80.48,26.62,3.74,False,NORMAL,NONE
AWS-03,Mumbai Marine Coast,2026-08-08T08:45:00+00:00,30.5,1012.98,80.97,26.87,4.79,False,NORMAL,NONE
AWS-03,Mumbai Marine Coast,2026-08-08T09:00:00+00:00,30.26,1013.29,78.37,26.08,5.29,False,NORMAL,NONE
AWS-03,Mumbai Marine Coast,2026-08-08T09:15:00+00:00,30.07,1012.86,76.86,25.57,2.42,False,NORMAL,NONE
AWS-03,Mumbai Marine Coast,2026-08-08T09:30:00+00:00,30.63,1012.57,74.79,25.64,4.14,True,ANOMALY,FROZEN_SENSOR
AWS-03,Mumbai Marine Coast,2026-08-08T09:45:00+00:00,30.63,1013.11,75.97,25.91,3.44,True,ANOMALY,FROZEN_SENSOR
AWS-03,Mumbai Marine Coast,2026-08-08T10:00:00+00:00,30.63,1013.03,74.36,25.55,2.16,True,ANOMALY,FROZEN_SENSOR
AWS-03,Mumbai Marine Coast,2026-08-08T10:15:00+00:00,30.63,1012.82,74.87,25.66,2.23,True,ANOMALY,FROZEN_SENSOR
AWS-03,Mumbai Marine Coast,2026-08-08T10:30:00+00:00,30.63,1013.32,73.01,25.24,4.56,True,ANOMALY,FROZEN_SENSOR
AWS-03,Mumbai Marine Coast,2026-08-08T10:45:00+00:00,30.63,1012.79,73.68,25.39,3.83,True,ANOMALY,FROZEN_SENSOR
AWS-03,Mumbai Marine Coast,2026-08-08T11:00:00+00:00,30.63,1012.75,74.25,25.52,5.16,True,ANOMALY,FROZEN_SENSOR
AWS-03,Mumbai Marine Coast,2026-08-08T11:15:00+00:00,30.63,1013.16,73.81,25.42,5.87,True,ANOMALY,FROZEN_SENSOR
AWS-03,Mumbai Marine Coast,2026-08-08T11:30:00+00:00,32.43,1012.94,75.9,27.63,6.79,False,NORMAL,NONE
AWS-03,Mumbai Marine Coast,2026-08-08T11:45:00+00:00,32.47,1012.09,72.92,26.99,3.79,False,NORMAL,NONE
AWS-03,Mumbai Marine Coast,2026-08-08T12:00:00+00:00,32.68,1012.44,76.26,27.95,3.97,False,NORMAL,NONE
AWS-03,Mumbai Marine Coast,2026-08-08T12:15:00+00:00,32.87,1012.67,75.19,27.9,3.8,False,NORMAL,NONE
AWS-03,Mumbai Marine Coast,2026-08-08T12:30:00+00:00,33.7,1012.32,73.04,28.19,2.15,False,NORMAL,NONE
AWS-03,Mumbai Marine Coast,2026-08-08T12:45:00+00:00,33.07,1012.47,74.25,27.87,4.09,False,NORMAL,NONE
AWS-03,Mumbai Marine Coast,2026-08-08T13:00:00+00:00,32.31,1011.8,71.86,26.58,7.49,False,NORMAL,NONE
AWS-03,Mumbai Marine Coast,2026-08-08T13:15:00+00:00,33.48,1011.95,74.1,28.23,5.07,False,NORMAL,NONE
AWS-03,Mumbai Marine Coast,2026-08-08T13:30:00+00:00,33.05,1012.02,71.82,27.28,4.49,False,NORMAL,NONE
AWS-03,Mumbai Marine Coast,2026-08-08T13:45:00+00:00,33.29,1012.23,72.46,27.66,3.19,False,NORMAL,NONE
AWS-03,Mumbai Marine Coast,2026-08-08T14:00:00+00:00,33.61,1011.19,72.4,27.96,6.05,False,NORMAL,NONE
AWS-03,Mumbai Marine Coast,2026-08-08T14:15:00+00:00,33.27,1010.8,73.99,28.0,4.15,False,NORMAL,NONE
AWS-03,Mumbai Marine Coast,2026-08-08T14:30:00+00:00,33.73,1011.48,72.98,28.2,8.79,False,NORMAL,NONE
AWS-03,Mumbai Marine Coast,2026-08-08T14:45:00+00:00,33.42,1010.79,71.92,27.66,5.4,False,NORMAL,NONE
AWS-03,Mumbai Marine Coast,2026-08-08T15:00:00+00:00,17.88,1011.3,72.43,12.86,5.22,True,ANOMALY,SPIKE
AWS-03,Mumbai Marine Coast,2026-08-08T15:15:00+00:00,33.3,1010.22,73.46,27.91,4.78,False,NORMAL,NONE
AWS-03,Mumbai Marine Coast,2026-08-08T15:30:00+00:00,33.3,1010.85,74.02,28.04,3.77,False,NORMAL,NONE
AWS-03,Mumbai Marine Coast,2026-08-08T15:45:00+00:00,33.0,1010.79,75.25,28.03,3.37,False,NORMAL,NONE
AWS-03,Mumbai Marine Coast,2026-08-08T16:00:00+00:00,32.79,1010.79,75.75,27.94,5.17,False,NORMAL,NONE
AWS-03,Mumbai Marine Coast,2026-08-08T16:15:00+00:00,33.29,1010.71,75.83,28.44,2.1,False,NORMAL,NONE
AWS-03,Mumbai Marine Coast,2026-08-08T16:30:00+00:00,32.56,1010.84,75.63,27.69,3.75,False,NORMAL,NONE
AWS-03,Mumbai Marine Coast,2026-08-08T16:45:00+00:00,31.75,1010.85,74.94,26.76,3.31,False,NORMAL,NONE
AWS-03,Mumbai Marine Coast,2026-08-08T17:00:00+00:00,31.87,1010.96,76.27,27.17,4.59,False,NORMAL,NONE
AWS-03,Mumbai Marine Coast,2026-08-08T17:15:00+00:00,32.62,1010.88,74.72,27.54,4.78,False,NORMAL,NONE
AWS-03,Mumbai Marine Coast,2026-08-08T17:30:00+00:00,31.83,1011.01,75.24,26.9,2.71,False,NORMAL,NONE
AWS-03,Mumbai Marine Coast,2026-08-08T17:45:00+00:00,31.09,1011.14,76.33,26.43,2.28,False,NORMAL,NONE
AWS-03,Mumbai Marine Coast,2026-08-08T18:00:00+00:00,31.33,1011.63,77.64,26.95,5.57,False,NORMAL,NONE
AWS-03,Mumbai Marine Coast,2026-08-08T18:15:00+00:00,30.88,993.21,76.39,26.24,6.18,True,ANOMALY,SPIKE
AWS-03,Mumbai Marine Coast,2026-08-08T18:30:00+00:00,30.48,1011.67,76.05,25.78,5.81,False,NORMAL,NONE
AWS-03,Mumbai Marine Coast,2026-08-08T18:45:00+00:00,30.19,1011.47,77.9,25.9,3.8,False,NORMAL,NONE
AWS-03,Mumbai Marine Coast,2026-08-08T19:00:00+00:00,30.71,1012.02,78.17,26.47,3.38,False,NORMAL,NONE
AWS-03,Mumbai Marine Coast,2026-08-08T19:15:00+00:00,29.85,1011.88,79.19,25.85,2.67,False,NORMAL,NONE
AWS-03,Mumbai Marine Coast,2026-08-08T19:30:00+00:00,29.37,1012.46,79.25,25.4,2.52,False,NORMAL,NONE
AWS-03,Mumbai Marine Coast,2026-08-08T19:45:00+00:00,29.56,1012.75,80.23,25.79,3.81,False,NORMAL,NONE
AWS-03,Mumbai Marine Coast,2026-08-08T20:00:00+00:00,28.24,1012.6,81.27,24.72,3.02,False,NORMAL,NONE
AWS-03,Mumbai Marine Coast,2026-08-08T20:15:00+00:00,53.15,1012.75,80.54,48.79,3.57,True,ANOMALY,SPIKE
AWS-03,Mumbai Marine Coast,2026-08-08T20:30:00+00:00,28.4,1012.67,81.8,24.98,1.44,False,NORMAL,NONE
AWS-03,Mumbai Marine Coast,2026-08-08T20:45:00+00:00,27.97,1013.56,81.08,24.42,3.82,False,NORMAL,NONE
AWS-03,Mumbai Marine Coast,2026-08-08T21:00:00+00:00,27.31,1013.25,79.8,23.51,4.88,False,NORMAL,NONE
AWS-03,Mumbai Marine Coast,2026-08-08T21:15:00+00:00,22.33,1015.43,111.68,22.33,2.64,False,GENUINE_WEATHER_EVENT,GENUINE_WEATHER_EVENT
AWS-03,Mumbai Marine Coast,2026-08-08T21:30:00+00:00,27.65,1012.64,84.55,24.81,4.09,False,NORMAL,NONE
AWS-03,Mumbai Marine Coast,2026-08-08T21:45:00+00:00,27.36,1012.6,83.13,24.24,5.22,False,NORMAL,NONE
AWS-03,Mumbai Marine Coast,2026-08-08T22:00:00+00:00,26.78,1013.2,83.1,23.67,3.05,False,NORMAL,NONE
AWS-03,Mumbai Marine Coast,2026-08-08T22:15:00+00:00,25.91,1013.4,81.76,22.55,0.5,False,NORMAL,NONE
AWS-03,Mumbai Marine Coast,2026-08-08T22:30:00+00:00,26.21,1013.47,84.56,23.4,5.25,False,NORMAL,NONE
AWS-03,Mumbai Marine Coast,2026-08-08T22:45:00+00:00,25.99,1013.3,83.91,23.05,1.9,False,NORMAL,NONE
AWS-03,Mumbai Marine Coast,2026-08-08T23:00:00+00:00,26.73,1012.82,85.81,24.15,3.75,False,NORMAL,NONE
AWS-03,Mumbai Marine Coast,2026-08-08T23:15:00+00:00,26.15,1012.81,83.43,23.12,5.67,False,NORMAL,NONE
AWS-03,Mumbai Marine Coast,2026-08-08T23:30:00+00:00,25.36,1013.35,88.56,23.33,4.61,False,NORMAL,NONE
AWS-03,Mumbai Marine Coast,2026-08-08T23:45:00+00:00,25.29,1012.71,87.51,23.06,3.93,False,NORMAL,NONE
AWS-03,Mumbai Marine Coast,2026-08-09T00:00:00+00:00,20.0,1012.73,100.0,23.5,5.56,True,ANOMALY,CROSS_SENSOR_INCONSISTENCY
AWS-03,Mumbai Marine Coast,2026-08-09T00:15:00+00:00,25.02,1012.13,85.53,22.42,4.05,False,NORMAL,NONE
AWS-03,Mumbai Marine Coast,2026-08-09T00:30:00+00:00,24.61,1012.61,87.62,22.42,6.12,False,NORMAL,NONE
AWS-03,Mumbai Marine Coast,2026-08-09T00:45:00+00:00,24.98,1011.8,87.19,22.7,1.03,False,NORMAL,NONE
AWS-03,Mumbai Marine Coast,2026-08-09T01:00:00+00:00,24.19,1012.54,87.14,21.91,1.3,False,NORMAL,NONE
AWS-03,Mumbai Marine Coast,2026-08-09T01:15:00+00:00,24.44,1011.56,85.15,21.79,4.01,True,ANOMALY,SENSOR_DRIFT
AWS-03,Mumbai Marine Coast,2026-08-09T01:30:00+00:00,24.43,1011.28,88.59,22.42,2.18,False,NORMAL,NONE
AWS-03,Mumbai Marine Coast,2026-08-09T01:45:00+00:00,25.08,1011.33,84.7,22.32,2.1,False,NORMAL,NONE
AWS-03,Mumbai Marine Coast,2026-08-09T02:00:00+00:00,23.9,1011.44,85.06,21.24,2.47,False,NORMAL,NONE
AWS-03,Mumbai Marine Coast,2026-08-09T02:15:00+00:00,24.81,1010.99,87.28,22.55,3.03,False,NORMAL,NONE
AWS-03,Mumbai Marine Coast,2026-08-09T02:30:00+00:00,24.78,1011.06,88.85,22.81,5.07,False,NORMAL,NONE
AWS-03,Mumbai Marine Coast,2026-08-09T02:45:00+00:00,24.11,1011.55,88.55,22.1,4.59,False,NORMAL,NONE
AWS-03,Mumbai Marine Coast,2026-08-09T03:00:00+00:00,24.11,1011.24,85.63,21.55,4.98,False,NORMAL,NONE
AWS-03,Mumbai Marine Coast,2026-08-09T03:15:00+00:00,24.46,1010.81,87.13,22.18,1.22,False,NORMAL,NONE
AWS-03,Mumbai Marine Coast,2026-08-09T03:30:00+00:00,24.61,1010.71,86.9,22.28,2.45,False,NORMAL,NONE
AWS-03,Mumbai Marine Coast,2026-08-09T03:45:00+00:00,24.37,1011.02,85.11,21.71,3.82,False,NORMAL,NONE
AWS-03,Mumbai Marine Coast,2026-08-09T04:00:00+00:00,25.13,1010.65,87.1,22.83,3.37,False,NORMAL,NONE
AWS-03,Mumbai Marine Coast,2026-08-09T04:15:00+00:00,24.92,1011.58,86.1,22.44,1.55,False,NORMAL,NONE
AWS-03,Mumbai Marine Coast,2026-08-09T04:30:00+00:00,25.07,1010.89,86.76,22.71,5.92,False,NORMAL,NONE
AWS-03,Mumbai Marine Coast,2026-08-09T04:45:00+00:00,25.93,1010.87,85.28,23.27,4.88,False,NORMAL,NONE
AWS-03,Mumbai Marine Coast,2026-08-09T05:00:00+00:00,25.29,1010.95,84.77,22.54,3.33,False,NORMAL,NONE
AWS-03,Mumbai Marine Coast,2026-08-09T05:15:00+00:00,26.74,1011.06,84.57,23.93,4.84,False,NORMAL,NONE
AWS-03,Mumbai Marine Coast,2026-08-09T05:30:00+00:00,20.32,1013.84,114.34,20.32,1.53,False,GENUINE_WEATHER_EVENT,GENUINE_WEATHER_EVENT
AWS-03,Mumbai Marine Coast,2026-08-09T05:45:00+00:00,25.88,1011.53,84.05,22.98,4.07,False,NORMAL,NONE
AWS-03,Mumbai Marine Coast,2026-08-09T06:00:00+00:00,26.53,1011.23,83.51,23.51,0.51,False,NORMAL,NONE
AWS-03,Mumbai Marine Coast,2026-08-09T06:15:00+00:00,26.71,1011.45,84.43,23.87,5.36,False,NORMAL,NONE
AWS-03,Mumbai Marine Coast,2026-08-09T06:30:00+00:00,27.37,1011.71,82.11,24.05,5.39,False,NORMAL,NONE
AWS-03,Mumbai Marine Coast,2026-08-09T06:45:00+00:00,27.88,1012.21,82.46,24.61,2.97,False,NORMAL,NONE
AWS-03,Mumbai Marine Coast,2026-08-09T07:00:00+00:00,45.31,1012.69,81.16,41.31,2.64,True,ANOMALY,SPIKE
AWS-03,Mumbai Marine Coast,2026-08-09T07:15:00+00:00,28.05,1012.28,82.99,24.89,6.39,False,NORMAL,NONE
AWS-03,Mumbai Marine Coast,2026-08-09T07:30:00+00:00,27.91,1012.62,79.45,24.03,3.79,False,NORMAL,NONE
AWS-03,Mumbai Marine Coast,2026-08-09T07:45:00+00:00,28.3,1012.25,81.26,24.78,4.92,False,NORMAL,NONE
AWS-03,Mumbai Marine Coast,2026-08-09T08:00:00+00:00,29.13,1012.88,80.65,25.46,4.32,False,NORMAL,NONE
AWS-03,Mumbai Marine Coast,2026-08-09T08:15:00+00:00,29.25,1012.86,79.08,25.24,5.7,False,NORMAL,NONE
AWS-03,Mumbai Marine Coast,2026-08-09T08:30:00+00:00,29.14,1013.11,78.11,24.94,7.4,False,NORMAL,NONE
AWS-03,Mumbai Marine Coast,2026-08-09T08:45:00+00:00,29.82,1012.84,77.07,25.37,3.05,False,NORMAL,NONE
AWS-03,Mumbai Marine Coast,2026-08-09T09:00:00+00:00,30.16,1013.16,79.51,26.23,4.21,False,NORMAL,NONE
AWS-03,Mumbai Marine Coast,2026-08-09T09:15:00+00:00,30.67,1013.06,77.91,26.37,5.83,False,NORMAL,NONE
AWS-03,Mumbai Marine Coast,2026-08-09T09:30:00+00:00,30.66,1012.97,78.91,26.58,3.16,False,NORMAL,NONE
AWS-03,Mumbai Marine Coast,2026-08-09T09:45:00+00:00,30.51,1012.87,77.49,26.13,3.56,False,NORMAL,NONE
AWS-03,Mumbai Marine Coast,2026-08-09T10:00:00+00:00,32.14,1013.26,75.81,27.33,5.48,True,ANOMALY,SENSOR_DRIFT
AWS-03,Mumbai Marine Coast,2026-08-09T10:15:00+00:00,31.21,1013.35,77.0,26.69,4.53,False,NORMAL,NONE
AWS-03,Mumbai Marine Coast,2026-08-09T10:30:00+00:00,32.4,1013.74,75.76,27.57,4.28,False,NORMAL,NONE
AWS-03,Mumbai Marine Coast,2026-08-09T10:45:00+00:00,32.15,1012.8,74.21,26.98,1.02,False,NORMAL,NONE
AWS-03,Mumbai Marine Coast,2026-08-09T11:00:00+00:00,32.03,1013.35,75.22,27.09,5.72,False,NORMAL,NONE
AWS-03,Mumbai Marine Coast,2026-08-09T11:15:00+00:00,32.36,1012.59,75.64,27.5,3.15,False,NORMAL,NONE
AWS-03,Mumbai Marine Coast,2026-08-09T11:30:00+00:00,32.66,1012.49,74.34,27.5,3.84,False,NORMAL,NONE
AWS-03,Mumbai Marine Coast,2026-08-09T11:45:00+00:00,31.84,1012.85,73.31,26.47,3.08,True,ANOMALY,FROZEN_SENSOR
AWS-03,Mumbai Marine Coast,2026-08-09T12:00:00+00:00,31.84,1012.35,72.5,26.28,4.48,True,ANOMALY,FROZEN_SENSOR
AWS-03,Mumbai Marine Coast,2026-08-09T12:15:00+00:00,31.84,1012.79,73.87,26.6,4.89,True,ANOMALY,FROZEN_SENSOR
AWS-03,Mumbai Marine Coast,2026-08-09T12:30:00+00:00,33.23,1011.83,71.96,27.48,4.03,True,ANOMALY,FROZEN_SENSOR
AWS-03,Mumbai Marine Coast,2026-08-09T12:45:00+00:00,33.23,1012.3,74.04,27.97,5.11,True,ANOMALY,FROZEN_SENSOR
AWS-03,Mumbai Marine Coast,2026-08-09T13:00:00+00:00,33.23,1011.6,73.72,27.9,4.62,True,ANOMALY,FROZEN_SENSOR
AWS-03,Mumbai Marine Coast,2026-08-09T13:15:00+00:00,33.23,1012.24,74.56,28.09,3.82,True,ANOMALY,FROZEN_SENSOR
AWS-03,Mumbai Marine Coast,2026-08-09T13:30:00+00:00,33.23,1011.73,74.18,28.01,2.81,True,ANOMALY,FROZEN_SENSOR
AWS-03,Mumbai Marine Coast,2026-08-09T13:45:00+00:00,33.23,1011.84,71.02,27.26,3.48,True,ANOMALY,FROZEN_SENSOR
AWS-03,Mumbai Marine Coast,2026-08-09T14:00:00+00:00,33.23,1011.43,73.36,27.81,2.4,True,ANOMALY,FROZEN_SENSOR
AWS-03,Mumbai Marine Coast,2026-08-09T14:15:00+00:00,33.23,1011.23,72.59,27.63,1.11,True,ANOMALY,FROZEN_SENSOR
AWS-03,Mumbai Marine Coast,2026-08-09T14:30:00+00:00,33.44,1010.74,73.3,28.0,4.54,False,NORMAL,NONE
AWS-03,Mumbai Marine Coast,2026-08-09T14:45:00+00:00,33.37,1011.11,72.33,27.71,6.54,False,NORMAL,NONE
AWS-03,Mumbai Marine Coast,2026-08-09T15:00:00+00:00,33.76,1011.36,71.55,27.9,6.01,False,NORMAL,NONE
AWS-03,Mumbai Marine Coast,2026-08-09T15:15:00+00:00,32.81,1010.5,74.96,27.78,4.23,False,NORMAL,NONE
AWS-03,Mumbai Marine Coast,2026-08-09T15:30:00+00:00,33.47,1010.58,73.53,28.08,6.21,False,NORMAL,NONE
AWS-03,Mumbai Marine Coast,2026-08-09T15:45:00+00:00,32.85,1010.96,76.64,28.2,4.28,False,NORMAL,NONE
AWS-03,Mumbai Marine Coast,2026-08-09T16:00:00+00:00,33.49,1010.98,73.7,28.14,2.99,False,NORMAL,NONE
AWS-03,Mumbai Marine Coast,2026-08-09T16:15:00+00:00,33.37,1010.75,71.25,27.45,4.31,False,NORMAL,NONE
AWS-03,Mumbai Marine Coast,2026-08-09T16:30:00+00:00,32.7,1010.62,75.45,27.79,2.99,False,NORMAL,NONE
AWS-03,Mumbai Marine Coast,2026-08-09T16:45:00+00:00,32.19,1011.13,74.16,27.01,4.74,False,NORMAL,NONE
AWS-03,Mumbai Marine Coast,2026-08-09T17:00:00+00:00,32.5,1011.11,72.79,26.99,2.64,False,NORMAL,NONE
AWS-03,Mumbai Marine Coast,2026-08-09T17:15:00+00:00,20.0,1010.73,100.0,23.5,4.87,True,ANOMALY,CROSS_SENSOR_INCONSISTENCY
AWS-03,Mumbai Marine Coast,2026-08-09T17:30:00+00:00,32.15,1010.92,75.88,27.36,2.25,False,NORMAL,NONE
AWS-03,Mumbai Marine Coast,2026-08-09T17:45:00+00:00,31.22,1011.28,77.31,26.77,4.62,False,NORMAL,NONE
AWS-03,Mumbai Marine Coast,2026-08-09T18:00:00+00:00,31.11,1011.2,76.79,26.56,1.46,False,NORMAL,NONE
AWS-03,Mumbai Marine Coast,2026-08-09T18:15:00+00:00,31.2,1011.0,78.5,27.01,4.52,False,NORMAL,NONE
AWS-03,Mumbai Marine Coast,2026-08-09T18:30:00+00:00,30.1,1012.08,77.44,25.72,3.96,False,NORMAL,NONE
AWS-03,Mumbai Marine Coast,2026-08-09T18:45:00+00:00,31.24,1011.7,79.41,27.25,4.34,False,NORMAL,NONE
AWS-03,Mumbai Marine Coast,2026-08-09T19:00:00+00:00,30.31,1011.65,76.36,25.69,4.12,False,NORMAL,NONE
AWS-03,Mumbai Marine Coast,2026-08-09T19:15:00+00:00,30.39,1011.89,81.15,26.79,3.88,False,NORMAL,NONE
AWS-03,Mumbai Marine Coast,2026-08-09T19:30:00+00:00,29.79,1012.19,76.43,25.2,0.5,False,NORMAL,NONE
AWS-03,Mumbai Marine Coast,2026-08-09T19:45:00+00:00,29.69,1012.53,80.59,25.99,5.22,False,NORMAL,NONE
AWS-03,Mumbai Marine Coast,2026-08-09T20:00:00+00:00,28.86,1012.66,80.98,25.27,0.5,False,NORMAL,NONE
AWS-03,Mumbai Marine Coast,2026-08-09T20:15:00+00:00,28.96,1012.73,82.52,25.68,5.32,False,NORMAL,NONE
AWS-03,Mumbai Marine Coast,2026-08-09T20:30:00+00:00,28.19,1013.06,82.33,24.89,5.39,False,NORMAL,NONE
AWS-03,Mumbai Marine Coast,2026-08-09T20:45:00+00:00,27.31,1012.86,82.15,24.0,4.76,False,NORMAL,NONE
AWS-03,Mumbai Marine Coast,2026-08-09T21:00:00+00:00,27.82,1013.17,83.79,24.83,6.73,False,NORMAL,NONE
AWS-03,Mumbai Marine Coast,2026-08-09T21:15:00+00:00,26.55,1013.14,81.71,23.16,4.71,False,NORMAL,NONE
AWS-03,Mumbai Marine Coast,2026-08-09T21:30:00+00:00,27.62,1012.84,84.16,24.7,4.93,False,NORMAL,NONE
AWS-03,Mumbai Marine Coast,2026-08-09T21:45:00+00:00,26.66,1013.13,84.17,23.76,1.19,False,NORMAL,NONE
AWS-03,Mumbai Marine Coast,2026-08-09T22:00:00+00:00,26.97,1012.95,85.12,24.26,5.66,False,NORMAL,NONE
AWS-03,Mumbai Marine Coast,2026-08-09T22:15:00+00:00,26.33,1013.31,84.32,23.47,5.55,False,NORMAL,NONE
AWS-03,Mumbai Marine Coast,2026-08-09T22:30:00+00:00,26.14,1013.26,84.8,23.38,0.68,False,NORMAL,NONE
AWS-03,Mumbai Marine Coast,2026-08-09T22:45:00+00:00,26.17,1013.45,85.0,23.44,4.34,False,NORMAL,NONE
AWS-03,Mumbai Marine Coast,2026-08-09T23:00:00+00:00,25.74,1012.78,83.98,22.83,2.35,False,NORMAL,NONE
AWS-03,Mumbai Marine Coast,2026-08-09T23:15:00+00:00,25.79,1012.71,86.14,23.29,4.23,False,NORMAL,NONE
AWS-03,Mumbai Marine Coast,2026-08-09T23:30:00+00:00,25.21,1013.04,86.65,22.83,4.22,False,NORMAL,NONE
AWS-03,Mumbai Marine Coast,2026-08-09T23:45:00+00:00,25.55,1013.04,84.11,22.67,5.21,False,NORMAL,NONE
AWS-03,Mumbai Marine Coast,2026-08-10T00:00:00+00:00,25.45,1012.15,87.24,23.18,5.8,False,NORMAL,NONE
AWS-03,Mumbai Marine Coast,2026-08-10T00:15:00+00:00,24.01,1013.11,87.69,21.84,4.19,False,NORMAL,NONE
AWS-03,Mumbai Marine Coast,2026-08-10T00:30:00+00:00,25.12,1011.89,86.33,22.68,3.71,False,NORMAL,NONE
AWS-03,Mumbai Marine Coast,2026-08-10T00:45:00+00:00,24.88,1012.16,85.64,22.3,5.22,True,ANOMALY,FROZEN_SENSOR
AWS-03,Mumbai Marine Coast,2026-08-10T01:00:00+00:00,24.88,1011.94,87.27,22.61,4.4,True,ANOMALY,FROZEN_SENSOR
AWS-03,Mumbai Marine Coast,2026-08-10T01:15:00+00:00,24.88,1011.79,86.99,22.56,4.62,True,ANOMALY,FROZEN_SENSOR
AWS-03,Mumbai Marine Coast,2026-08-10T01:30:00+00:00,24.88,1011.63,86.53,22.47,2.54,True,ANOMALY,FROZEN_SENSOR
AWS-03,Mumbai Marine Coast,2026-08-10T01:45:00+00:00,24.88,1011.6,87.61,22.68,5.23,True,ANOMALY,FROZEN_SENSOR
AWS-03,Mumbai Marine Coast,2026-08-10T02:00:00+00:00,24.88,1011.08,88.92,22.92,3.68,True,ANOMALY,FROZEN_SENSOR
AWS-03,Mumbai Marine Coast,2026-08-10T02:15:00+00:00,24.88,1011.13,84.9,22.16,3.22,True,ANOMALY,FROZEN_SENSOR
AWS-03,Mumbai Marine Coast,2026-08-10T02:30:00+00:00,24.88,1011.46,87.42,22.64,4.68,True,ANOMALY,FROZEN_SENSOR
AWS-03,Mumbai Marine Coast,2026-08-10T02:45:00+00:00,23.93,1011.48,87.69,21.77,2.83,False,NORMAL,NONE
AWS-03,Mumbai Marine Coast,2026-08-10T03:00:00+00:00,24.83,1010.84,88.32,22.76,6.17,False,NORMAL,NONE
AWS-03,Mumbai Marine Coast,2026-08-10T03:15:00+00:00,24.31,1011.33,88.1,22.21,1.71,False,NORMAL,NONE
AWS-03,Mumbai Marine Coast,2026-08-10T03:30:00+00:00,24.78,1010.99,88.4,22.73,3.94,False,NORMAL,NONE
AWS-03,Mumbai Marine Coast,2026-08-10T03:45:00+00:00,24.96,1011.17,88.11,22.85,5.58,False,NORMAL,NONE
AWS-03,Mumbai Marine Coast,2026-08-10T04:00:00+00:00,25.46,1010.83,86.18,22.98,4.13,False,NORMAL,NONE
AWS-03,Mumbai Marine Coast,2026-08-10T04:15:00+00:00,24.26,1010.81,86.96,21.95,3.62,False,NORMAL,NONE
AWS-03,Mumbai Marine Coast,2026-08-10T04:30:00+00:00,25.38,1010.76,82.44,22.17,5.78,False,NORMAL,NONE
AWS-03,Mumbai Marine Coast,2026-08-10T04:45:00+00:00,25.85,1010.88,84.6,23.05,4.94,False,NORMAL,NONE
AWS-03,Mumbai Marine Coast,2026-08-10T05:00:00+00:00,25.97,1011.04,83.85,23.03,5.14,False,NORMAL,NONE
AWS-03,Mumbai Marine Coast,2026-08-10T05:15:00+00:00,26.16,1011.15,83.98,23.24,6.25,False,NORMAL,NONE
AWS-03,Mumbai Marine Coast,2026-08-10T05:30:00+00:00,25.63,1011.69,85.4,23.0,3.18,False,NORMAL,NONE
AWS-03,Mumbai Marine Coast,2026-08-10T05:45:00+00:00,26.67,1011.14,85.01,23.94,2.78,False,NORMAL,NONE
AWS-03,Mumbai Marine Coast,2026-08-10T06:00:00+00:00,26.78,1011.49,84.62,23.97,1.85,False,NORMAL,NONE
AWS-03,Mumbai Marine Coast,2026-08-10T06:15:00+00:00,27.15,1011.28,84.23,24.25,3.51,False,NORMAL,NONE
AWS-03,Mumbai Marine Coast,2026-08-10T06:30:00+00:00,27.1,1011.46,82.82,23.93,2.95,False,NORMAL,NONE
AWS-03,Mumbai Marine Coast,2026-08-10T06:45:00+00:00,27.97,1011.44,81.16,24.44,4.29,False,NORMAL,NONE
AWS-03,Mumbai Marine Coast,2026-08-10T07:00:00+00:00,28.48,1011.8,82.15,25.14,4.69,False,NORMAL,NONE
AWS-03,Mumbai Marine Coast,2026-08-10T07:15:00+00:00,28.78,1012.16,81.78,25.36,2.92,False,NORMAL,NONE
AWS-03,Mumbai Marine Coast,2026-08-10T07:30:00+00:00,27.88,1012.08,80.89,24.3,5.14,False,NORMAL,NONE
AWS-03,Mumbai Marine Coast,2026-08-10T07:45:00+00:00,28.38,1012.43,80.34,24.66,4.25,False,NORMAL,NONE
AWS-03,Mumbai Marine Coast,2026-08-10T08:00:00+00:00,28.61,1012.62,79.65,24.74,3.29,False,NORMAL,NONE
AWS-03,Mumbai Marine Coast,2026-08-10T08:15:00+00:00,29.3,1013.55,79.63,25.41,3.16,False,NORMAL,NONE
AWS-03,Mumbai Marine Coast,2026-08-10T08:30:00+00:00,28.82,1012.36,80.03,25.03,4.85,False,NORMAL,NONE
AWS-03,Mumbai Marine Coast,2026-08-10T08:45:00+00:00,29.64,1013.31,78.94,25.6,3.53,False,NORMAL,NONE
AWS-03,Mumbai Marine Coast,2026-08-10T09:00:00+00:00,30.17,1012.62,77.15,25.72,4.69,False,NORMAL,NONE
AWS-03,Mumbai Marine Coast,2026-08-10T09:15:00+00:00,29.82,1013.57,77.7,25.5,4.7,False,NORMAL,NONE
AWS-03,Mumbai Marine Coast,2026-08-10T09:30:00+00:00,31.16,1013.22,76.6,26.56,3.56,False,NORMAL,NONE
AWS-03,Mumbai Marine Coast,2026-08-10T09:45:00+00:00,30.52,1013.65,76.19,25.86,3.02,False,NORMAL,NONE
AWS-03,Mumbai Marine Coast,2026-08-10T10:00:00+00:00,31.64,1013.58,77.97,27.32,2.4,False,NORMAL,NONE
AWS-03,Mumbai Marine Coast,2026-08-10T10:15:00+00:00,31.47,1013.11,75.69,26.66,3.74,False,NORMAL,NONE
AWS-03,Mumbai Marine Coast,2026-08-10T10:30:00+00:00,27.1,1015.8,101.82,27.1,2.37,False,GENUINE_WEATHER_EVENT,GENUINE_WEATHER_EVENT
AWS-03,Mumbai Marine Coast,2026-08-10T10:45:00+00:00,32.78,1012.95,75.17,27.8,6.94,False,NORMAL,NONE
AWS-03,Mumbai Marine Coast,2026-08-10T11:00:00+00:00,31.13,1012.99,75.25,26.24,2.11,False,NORMAL,NONE
AWS-03,Mumbai Marine Coast,2026-08-10T11:15:00+00:00,32.74,1013.11,73.6,27.4,3.69,False,NORMAL,NONE
AWS-03,Mumbai Marine Coast,2026-08-10T11:30:00+00:00,32.88,1013.2,73.03,27.41,6.5,False,NORMAL,NONE
AWS-03,Mumbai Marine Coast,2026-08-10T11:45:00+00:00,32.43,1012.92,75.53,27.55,2.97,False,NORMAL,NONE
AWS-03,Mumbai Marine Coast,2026-08-10T12:00:00+00:00,33.36,1012.26,74.24,28.15,3.23,False,NORMAL,NONE
AWS-03,Mumbai Marine Coast,2026-08-10T12:15:00+00:00,33.16,1012.01,74.03,27.91,2.68,False,NORMAL,NONE
AWS-03,Mumbai Marine Coast,2026-08-10T12:30:00+00:00,32.82,1012.33,73.45,27.44,4.65,False,NORMAL,NONE
AWS-03,Mumbai Marine Coast,2026-08-10T12:45:00+00:00,33.32,1012.39,71.55,27.47,3.91,False,NORMAL,NONE
AWS-03,Mumbai Marine Coast,2026-08-10T13:00:00+00:00,33.53,1011.43,72.9,28.0,0.78,False,NORMAL,NONE
AWS-03,Mumbai Marine Coast,2026-08-10T13:15:00+00:00,33.78,1012.26,71.07,27.8,2.05,False,NORMAL,NONE
AWS-03,Mumbai Marine Coast,2026-08-10T13:30:00+00:00,33.55,1011.92,72.04,27.81,1.33,False,NORMAL,NONE
AWS-03,Mumbai Marine Coast,2026-08-10T13:45:00+00:00,32.9,1012.02,73.33,27.49,3.18,False,NORMAL,NONE
AWS-03,Mumbai Marine Coast,2026-08-10T14:00:00+00:00,34.35,1011.24,71.61,28.48,4.07,False,NORMAL,NONE
AWS-03,Mumbai Marine Coast,2026-08-10T14:15:00+00:00,33.06,1010.72,73.05,27.58,3.35,False,NORMAL,NONE
AWS-03,Mumbai Marine Coast,2026-08-10T14:30:00+00:00,34.06,1011.37,71.49,28.18,3.23,False,NORMAL,NONE
AWS-03,Mumbai Marine Coast,2026-08-10T14:45:00+00:00,32.89,1011.19,70.94,26.91,4.3,False,NORMAL,NONE
AWS-03,Mumbai Marine Coast,2026-08-10T15:00:00+00:00,33.56,1010.64,73.27,28.12,3.47,False,NORMAL,NONE
AWS-03,Mumbai Marine Coast,2026-08-10T15:15:00+00:00,33.18,1011.08,73.21,27.74,4.1,False,NORMAL,NONE
AWS-03,Mumbai Marine Coast,2026-08-10T15:30:00+00:00,33.39,1010.97,75.69,28.51,2.31,False,NORMAL,NONE
AWS-03,Mumbai Marine Coast,2026-08-10T15:45:00+00:00,33.51,1011.08,72.93,27.98,2.55,False,NORMAL,NONE
AWS-03,Mumbai Marine Coast,2026-08-10T16:00:00+00:00,32.48,1010.74,72.74,26.96,4.64,False,NORMAL,NONE
AWS-03,Mumbai Marine Coast,2026-08-10T16:15:00+00:00,32.64,1010.79,72.2,26.98,4.03,False,NORMAL,NONE
AWS-03,Mumbai Marine Coast,2026-08-10T16:30:00+00:00,32.52,1010.08,72.71,26.98,6.77,False,NORMAL,NONE
AWS-03,Mumbai Marine Coast,2026-08-10T16:45:00+00:00,31.74,1011.09,74.53,26.66,3.16,False,NORMAL,NONE
AWS-03,Mumbai Marine Coast,2026-08-10T17:00:00+00:00,32.28,1011.2,74.18,27.09,2.62,False,NORMAL,NONE
AWS-03,Mumbai Marine Coast,2026-08-10T17:15:00+00:00,31.59,1010.45,75.42,26.71,4.09,False,NORMAL,NONE
AWS-03,Mumbai Marine Coast,2026-08-10T17:30:00+00:00,32.03,1011.19,75.53,27.17,2.38,False,NORMAL,NONE
AWS-03,Mumbai Marine Coast,2026-08-10T17:45:00+00:00,31.5,1011.21,75.06,26.55,3.19,False,NORMAL,NONE
AWS-03,Mumbai Marine Coast,2026-08-10T18:00:00+00:00,31.75,1011.86,78.09,27.45,4.63,False,NORMAL,NONE
AWS-03,Mumbai Marine Coast,2026-08-10T18:15:00+00:00,30.84,1011.89,78.66,26.7,3.44,False,NORMAL,NONE
AWS-03,Mumbai Marine Coast,2026-08-10T18:30:00+00:00,30.59,1011.56,78.23,26.36,2.9,False,NORMAL,NONE
AWS-03,Mumbai Marine Coast,2026-08-10T18:45:00+00:00,30.38,1011.72,77.96,26.1,2.93,False,NORMAL,NONE
AWS-03,Mumbai Marine Coast,2026-08-10T19:00:00+00:00,30.44,1011.84,77.97,26.16,1.47,False,NORMAL,NONE
AWS-03,Mumbai Marine Coast,2026-08-10T19:15:00+00:00,29.9,1012.04,78.25,25.7,4.59,False,NORMAL,NONE
AWS-03,Mumbai Marine Coast,2026-08-10T19:30:00+00:00,29.37,1012.45,81.15,25.8,2.98,False,NORMAL,NONE
AWS-03,Mumbai Marine Coast,2026-08-10T19:45:00+00:00,29.31,1012.32,78.37,25.16,4.89,False,NORMAL,NONE
AWS-03,Mumbai Marine Coast,2026-08-10T20:00:00+00:00,28.49,1012.75,78.44,24.37,5.86,False,NORMAL,NONE
AWS-03,Mumbai Marine Coast,2026-08-10T20:15:00+00:00,14.19,1012.95,77.82,10.37,2.65,True,ANOMALY,SPIKE
AWS-03,Mumbai Marine Coast,2026-08-10T20:30:00+00:00,28.21,1012.85,79.89,24.41,3.03,False,NORMAL,NONE
AWS-03,Mumbai Marine Coast,2026-08-10T20:45:00+00:00,28.51,1013.0,81.07,24.94,2.43,False,NORMAL,NONE
AWS-03,Mumbai Marine Coast,2026-08-10T21:00:00+00:00,27.36,1012.99,80.97,23.81,3.55,False,NORMAL,NONE
AWS-03,Mumbai Marine Coast,2026-08-10T21:15:00+00:00,26.96,1013.27,83.29,23.89,3.86,False,NORMAL,NONE
AWS-03,Mumbai Marine Coast,2026-08-10T21:30:00+00:00,27.1,1013.5,84.05,24.17,3.26,False,NORMAL,NONE
AWS-03,Mumbai Marine Coast,2026-08-10T21:45:00+00:00,27.19,1013.39,84.14,24.28,2.63,False,NORMAL,NONE
AWS-03,Mumbai Marine Coast,2026-08-10T22:00:00+00:00,26.9,1013.58,83.8,23.92,4.04,False,NORMAL,NONE
AWS-03,Mumbai Marine Coast,2026-08-10T22:15:00+00:00,26.76,1013.39,83.12,23.65,2.52,False,NORMAL,NONE
AWS-03,Mumbai Marine Coast,2026-08-10T22:30:00+00:00,26.53,1013.14,86.92,24.17,4.41,False,NORMAL,NONE
AWS-03,Mumbai Marine Coast,2026-08-10T22:45:00+00:00,26.17,1013.29,84.31,23.31,6.34,False,NORMAL,NONE
AWS-03,Mumbai Marine Coast,2026-08-10T23:00:00+00:00,26.44,1013.2,85.78,23.86,2.63,False,NORMAL,NONE
AWS-03,Mumbai Marine Coast,2026-08-10T23:15:00+00:00,25.87,1012.64,87.77,23.69,2.5,False,NORMAL,NONE
AWS-03,Mumbai Marine Coast,2026-08-10T23:30:00+00:00,25.03,1012.76,84.92,22.31,2.44,False,NORMAL,NONE
AWS-03,Mumbai Marine Coast,2026-08-10T23:45:00+00:00,20.0,1013.09,100.0,23.5,3.96,True,ANOMALY,CROSS_SENSOR_INCONSISTENCY
AWS-03,Mumbai Marine Coast,2026-08-11T00:00:00+00:00,19.86,1014.56,115.02,19.86,1.99,False,GENUINE_WEATHER_EVENT,GENUINE_WEATHER_EVENT
AWS-03,Mumbai Marine Coast,2026-08-11T00:15:00+00:00,24.38,1012.29,88.18,22.3,1.58,False,NORMAL,NONE
AWS-03,Mumbai Marine Coast,2026-08-11T00:30:00+00:00,25.53,1011.46,87.02,23.21,3.14,False,NORMAL,NONE
AWS-03,Mumbai Marine Coast,2026-08-11T00:45:00+00:00,24.82,1012.47,87.08,22.52,3.9,False,NORMAL,NONE
AWS-03,Mumbai Marine Coast,2026-08-11T01:00:00+00:00,25.33,1012.47,88.01,23.2,3.98,False,NORMAL,NONE
AWS-03,Mumbai Marine Coast,2026-08-11T01:15:00+00:00,24.75,1011.32,86.21,22.29,5.24,False,NORMAL,NONE
AWS-03,Mumbai Marine Coast,2026-08-11T01:30:00+00:00,25.2,1012.1,84.39,22.38,3.4,False,NORMAL,NONE
AWS-03,Mumbai Marine Coast,2026-08-11T01:45:00+00:00,24.28,1011.6,89.05,22.36,5.0,False,NORMAL,NONE
AWS-03,Mumbai Marine Coast,2026-08-11T02:00:00+00:00,25.01,1011.16,87.09,22.71,3.33,False,NORMAL,NONE
AWS-03,Mumbai Marine Coast,2026-08-11T02:15:00+00:00,24.45,1010.64,84.41,21.65,3.6,False,NORMAL,NONE
AWS-03,Mumbai Marine Coast,2026-08-11T02:30:00+00:00,24.85,1011.31,87.39,22.61,5.07,False,NORMAL,NONE
AWS-03,Mumbai Marine Coast,2026-08-11T02:45:00+00:00,24.9,1010.63,85.99,22.39,3.09,False,NORMAL,NONE
AWS-03,Mumbai Marine Coast,2026-08-11T03:00:00+00:00,24.24,1010.9,87.57,22.05,3.86,False,NORMAL,NONE
AWS-03,Mumbai Marine Coast,2026-08-11T03:15:00+00:00,24.55,1010.94,86.67,22.18,2.41,False,NORMAL,NONE
AWS-03,Mumbai Marine Coast,2026-08-11T03:30:00+00:00,25.93,1010.58,85.03,23.22,6.59,False,NORMAL,NONE
AWS-03,Mumbai Marine Coast,2026-08-11T03:45:00+00:00,24.65,1011.05,86.79,22.3,2.86,True,ANOMALY,FROZEN_SENSOR
AWS-03,Mumbai Marine Coast,2026-08-11T04:00:00+00:00,24.65,1010.73,84.88,21.93,3.06,True,ANOMALY,FROZEN_SENSOR
AWS-03,Mumbai Marine Coast,2026-08-11T04:15:00+00:00,24.65,1011.22,85.36,22.03,3.44,True,ANOMALY,FROZEN_SENSOR
AWS-03,Mumbai Marine Coast,2026-08-11T04:30:00+00:00,24.65,1010.84,84.55,21.87,2.91,True,ANOMALY,FROZEN_SENSOR
AWS-03,Mumbai Marine Coast,2026-08-11T04:45:00+00:00,24.65,1011.19,84.18,21.8,3.29,True,ANOMALY,FROZEN_SENSOR
AWS-03,Mumbai Marine Coast,2026-08-11T05:00:00+00:00,24.65,1011.05,86.42,22.23,0.5,True,ANOMALY,FROZEN_SENSOR
AWS-03,Mumbai Marine Coast,2026-08-11T05:15:00+00:00,24.65,1010.9,85.2,21.99,4.63,True,ANOMALY,FROZEN_SENSOR
AWS-03,Mumbai Marine Coast,2026-08-11T05:30:00+00:00,24.65,1010.88,84.81,21.92,5.62,True,ANOMALY,FROZEN_SENSOR
AWS-03,Mumbai Marine Coast,2026-08-11T05:45:00+00:00,20.0,1011.39,100.0,23.5,6.21,True,ANOMALY,CROSS_SENSOR_INCONSISTENCY
AWS-03,Mumbai Marine Coast,2026-08-11T06:00:00+00:00,26.61,1012.17,83.21,23.53,3.48,False,NORMAL,NONE
AWS-03,Mumbai Marine Coast,2026-08-11T06:15:00+00:00,26.96,1011.39,83.42,23.91,4.69,False,NORMAL,NONE
AWS-03,Mumbai Marine Coast,2026-08-11T06:30:00+00:00,27.55,1011.61,82.17,24.24,4.89,False,NORMAL,NONE
AWS-03,Mumbai Marine Coast,2026-08-11T06:45:00+00:00,27.53,1011.38,80.26,23.82,4.32,False,NORMAL,NONE
AWS-03,Mumbai Marine Coast,2026-08-11T07:00:00+00:00,27.51,1012.21,81.81,24.12,2.97,False,NORMAL,NONE
AWS-03,Mumbai Marine Coast,2026-08-11T07:15:00+00:00,28.12,1012.32,80.12,24.37,2.78,False,NORMAL,NONE
AWS-03,Mumbai Marine Coast,2026-08-11T07:30:00+00:00,28.46,1012.15,79.15,24.49,2.96,False,NORMAL,NONE
AWS-03,Mumbai Marine Coast,2026-08-11T07:45:00+00:00,29.63,1012.62,80.64,25.95,3.92,False,NORMAL,NONE
AWS-03,Mumbai Marine Coast,2026-08-11T08:00:00+00:00,30.15,1012.6,78.36,25.97,5.25,False,NORMAL,NONE
AWS-03,Mumbai Marine Coast,2026-08-11T08:15:00+00:00,28.98,1012.92,79.51,25.08,4.19,False,NORMAL,NONE
AWS-03,Mumbai Marine Coast,2026-08-11T08:30:00+00:00,29.1,1012.84,81.02,25.51,5.3,False,NORMAL,NONE
AWS-03,Mumbai Marine Coast,2026-08-11T08:45:00+00:00,29.36,1012.86,79.78,25.5,3.21,False,NORMAL,NONE
AWS-03,Mumbai Marine Coast,2026-08-11T09:00:00+00:00,20.0,1013.22,100.0,23.5,3.58,True,ANOMALY,CROSS_SENSOR_INCONSISTENCY
AWS-03,Mumbai Marine Coast,2026-08-11T09:15:00+00:00,30.28,1013.21,75.29,25.42,4.25,False,NORMAL,NONE
AWS-03,Mumbai Marine Coast,2026-08-11T09:30:00+00:00,30.64,1013.07,78.29,26.43,3.99,False,NORMAL,NONE
AWS-03,Mumbai Marine Coast,2026-08-11T09:45:00+00:00,30.99,1012.74,77.12,26.51,4.82,False,NORMAL,NONE
AWS-03,Mumbai Marine Coast,2026-08-11T10:00:00+00:00,31.29,1013.03,77.26,26.83,4.01,False,NORMAL,NONE
AWS-03,Mumbai Marine Coast,2026-08-11T10:15:00+00:00,31.34,1012.93,77.34,26.9,3.42,False,NORMAL,NONE
AWS-03,Mumbai Marine Coast,2026-08-11T10:30:00+00:00,31.67,1013.33,76.51,27.03,3.24,False,NORMAL,NONE
AWS-03,Mumbai Marine Coast,2026-08-11T10:45:00+00:00,31.54,1012.86,74.49,26.45,1.81,False,NORMAL,NONE
AWS-03,Mumbai Marine Coast,2026-08-11T11:00:00+00:00,32.62,1013.3,75.24,27.67,4.12,False,NORMAL,NONE
AWS-03,Mumbai Marine Coast,2026-08-11T11:15:00+00:00,32.44,1012.9,76.02,27.67,4.26,False,NORMAL,NONE
AWS-03,Mumbai Marine Coast,2026-08-11T11:30:00+00:00,32.01,1012.7,74.27,26.85,3.47,False,NORMAL,NONE
AWS-03,Mumbai Marine Coast,2026-08-11T11:45:00+00:00,32.66,1013.0,73.6,27.32,5.13,False,NORMAL,NONE
AWS-03,Mumbai Marine Coast,2026-08-11T12:00:00+00:00,32.98,1012.91,72.43,27.36,6.21,False,NORMAL,NONE
AWS-03,Mumbai Marine Coast,2026-08-11T12:15:00+00:00,32.67,1012.39,72.42,27.06,2.94,False,NORMAL,NONE
AWS-03,Mumbai Marine Coast,2026-08-11T12:30:00+00:00,33.52,1012.06,75.11,28.5,4.35,False,NORMAL,NONE
AWS-03,Mumbai Marine Coast,2026-08-11T12:45:00+00:00,32.81,1012.34,74.23,27.62,2.86,False,NORMAL,NONE
AWS-03,Mumbai Marine Coast,2026-08-11T13:00:00+00:00,32.67,1012.28,73.79,27.38,4.29,False,NORMAL,NONE
AWS-03,Mumbai Marine Coast,2026-08-11T13:15:00+00:00,33.33,1011.77,73.01,27.83,4.24,False,NORMAL,NONE
AWS-03,Mumbai Marine Coast,2026-08-11T13:30:00+00:00,33.18,1011.34,72.66,27.6,5.68,False,NORMAL,NONE
AWS-03,Mumbai Marine Coast,2026-08-11T13:45:00+00:00,33.19,1011.23,72.55,27.59,5.77,False,NORMAL,NONE
AWS-03,Mumbai Marine Coast,2026-08-11T14:00:00+00:00,33.02,1011.19,72.55,27.43,6.07,False,NORMAL,NONE
AWS-03,Mumbai Marine Coast,2026-08-11T14:15:00+00:00,33.65,1010.71,75.32,28.67,4.35,False,NORMAL,NONE
AWS-03,Mumbai Marine Coast,2026-08-11T14:30:00+00:00,33.49,1010.94,72.86,27.95,4.03,False,NORMAL,NONE
AWS-03,Mumbai Marine Coast,2026-08-11T14:45:00+00:00,34.09,1010.72,71.15,28.12,2.62,False,NORMAL,NONE
AWS-03,Mumbai Marine Coast,2026-08-11T15:00:00+00:00,33.26,1011.35,74.02,28.0,5.89,False,NORMAL,NONE
AWS-03,Mumbai Marine Coast,2026-08-11T15:15:00+00:00,33.26,1010.84,72.56,27.66,2.67,False,NORMAL,NONE
AWS-03,Mumbai Marine Coast,2026-08-11T15:30:00+00:00,32.68,1011.22,75.8,27.85,3.43,False,NORMAL,NONE
AWS-03,Mumbai Marine Coast,2026-08-11T15:45:00+00:00,32.71,1010.75,72.32,27.08,5.47,False,NORMAL,NONE
AWS-03,Mumbai Marine Coast,2026-08-11T16:00:00+00:00,32.38,1010.13,73.93,27.14,2.97,False,NORMAL,NONE
AWS-03,Mumbai Marine Coast,2026-08-11T16:15:00+00:00,33.24,1010.27,73.49,27.86,3.21,False,NORMAL,NONE
AWS-03,Mumbai Marine Coast,2026-08-11T16:30:00+00:00,33.15,1010.73,71.25,27.24,3.27,True,ANOMALY,SENSOR_DRIFT
AWS-03,Mumbai Marine Coast,2026-08-11T16:45:00+00:00,32.51,1011.32,74.49,27.39,2.62,False,NORMAL,NONE
AWS-03,Mumbai Marine Coast,2026-08-11T17:00:00+00:00,32.79,1010.75,73.07,27.33,5.42,False,NORMAL,NONE
AWS-03,Mumbai Marine Coast,2026-08-11T17:15:00+00:00,31.68,1010.78,74.57,26.61,3.21,False,NORMAL,NONE
AWS-03,Mumbai Marine Coast,2026-08-11T17:30:00+00:00,32.16,1010.88,74.43,27.03,4.71,False,NORMAL,NONE
AWS-03,Mumbai Marine Coast,2026-08-11T17:45:00+00:00,31.42,1011.74,75.15,26.48,1.98,False,NORMAL,NONE
AWS-03,Mumbai Marine Coast,2026-08-11T18:00:00+00:00,31.16,1011.3,75.36,26.28,2.47,False,NORMAL,NONE
AWS-03,Mumbai Marine Coast,2026-08-11T18:15:00+00:00,31.58,1011.22,75.82,26.79,2.14,False,NORMAL,NONE
AWS-03,Mumbai Marine Coast,2026-08-11T18:30:00+00:00,30.49,1011.97,78.39,26.3,4.2,False,NORMAL,NONE
AWS-03,Mumbai Marine Coast,2026-08-11T18:45:00+00:00,30.34,1011.85,79.66,26.43,3.63,False,NORMAL,NONE
AWS-03,Mumbai Marine Coast,2026-08-11T19:00:00+00:00,30.28,1012.71,76.28,25.64,3.6,False,NORMAL,NONE
AWS-03,Mumbai Marine Coast,2026-08-11T19:15:00+00:00,30.16,1012.46,79.01,26.12,4.45,False,NORMAL,NONE
AWS-03,Mumbai Marine Coast,2026-08-11T19:30:00+00:00,29.43,1012.57,78.9,25.38,6.61,False,NORMAL,NONE
AWS-03,Mumbai Marine Coast,2026-08-11T19:45:00+00:00,29.59,1012.87,78.61,25.48,0.69,False,NORMAL,NONE
AWS-03,Mumbai Marine Coast,2026-08-11T20:00:00+00:00,28.96,1012.55,79.87,25.14,2.58,False,NORMAL,NONE
AWS-03,Mumbai Marine Coast,2026-08-11T20:15:00+00:00,28.97,1013.48,81.67,25.51,5.12,False,NORMAL,NONE
AWS-03,Mumbai Marine Coast,2026-08-11T20:30:00+00:00,28.55,1013.26,79.01,24.55,3.99,False,NORMAL,NONE
AWS-03,Mumbai Marine Coast,2026-08-11T20:45:00+00:00,28.36,1012.86,79.44,24.46,2.17,False,NORMAL,NONE
AWS-03,Mumbai Marine Coast,2026-08-11T21:00:00+00:00,28.0,1012.94,81.83,24.6,3.82,False,NORMAL,NONE
AWS-03,Mumbai Marine Coast,2026-08-11T21:15:00+00:00,28.19,1013.05,82.87,25.0,4.51,False,NORMAL,NONE
AWS-03,Mumbai Marine Coast,2026-08-11T21:30:00+00:00,21.83,1015.26,110.65,21.83,3.94,False,GENUINE_WEATHER_EVENT,GENUINE_WEATHER_EVENT
AWS-03,Mumbai Marine Coast,2026-08-11T21:45:00+00:00,27.26,1013.36,85.49,24.61,2.78,False,NORMAL,NONE
AWS-03,Mumbai Marine Coast,2026-08-11T22:00:00+00:00,26.36,1013.49,83.6,23.36,4.51,False,NORMAL,NONE
AWS-03,Mumbai Marine Coast,2026-08-11T22:15:00+00:00,26.08,1013.87,84.4,23.25,3.87,False,NORMAL,NONE
AWS-03,Mumbai Marine Coast,2026-08-11T22:30:00+00:00,26.59,1013.63,84.23,23.71,4.83,False,NORMAL,NONE
AWS-03,Mumbai Marine Coast,2026-08-11T22:45:00+00:00,25.52,1013.4,86.06,23.01,3.31,False,NORMAL,NONE
AWS-03,Mumbai Marine Coast,2026-08-11T23:00:00+00:00,25.8,1013.03,84.47,22.98,3.61,False,NORMAL,NONE
AWS-03,Mumbai Marine Coast,2026-08-11T23:15:00+00:00,25.85,1012.6,86.51,23.43,2.99,False,NORMAL,NONE
AWS-03,Mumbai Marine Coast,2026-08-11T23:30:00+00:00,25.79,1012.96,86.24,23.32,3.74,False,NORMAL,NONE
AWS-03,Mumbai Marine Coast,2026-08-11T23:45:00+00:00,24.53,1012.49,84.4,21.73,3.76,True,ANOMALY,SENSOR_DRIFT
AWS-03,Mumbai Marine Coast,2026-08-12T00:00:00+00:00,24.9,1012.6,87.49,22.68,5.05,False,NORMAL,NONE
AWS-03,Mumbai Marine Coast,2026-08-12T00:15:00+00:00,24.52,1012.82,85.18,21.87,4.12,False,NORMAL,NONE
AWS-03,Mumbai Marine Coast,2026-08-12T00:30:00+00:00,25.31,1012.02,85.45,22.69,4.29,True,ANOMALY,SENSOR_DRIFT
AWS-03,Mumbai Marine Coast,2026-08-12T00:45:00+00:00,24.68,1012.48,86.57,22.29,4.47,False,NORMAL,NONE
AWS-03,Mumbai Marine Coast,2026-08-12T01:00:00+00:00,25.14,1011.86,86.14,22.66,3.26,False,NORMAL,NONE
AWS-03,Mumbai Marine Coast,2026-08-12T01:15:00+00:00,24.55,1012.14,86.0,22.06,1.67,False,NORMAL,NONE
AWS-03,Mumbai Marine Coast,2026-08-12T01:30:00+00:00,24.87,1012.11,87.98,22.74,0.5,False,NORMAL,NONE
AWS-03,Mumbai Marine Coast,2026-08-12T01:45:00+00:00,25.08,1011.34,89.47,23.22,2.93,False,NORMAL,NONE
AWS-03,Mumbai Marine Coast,2026-08-12T02:00:00+00:00,24.82,1011.51,86.76,22.46,0.5,False,NORMAL,NONE
AWS-03,Mumbai Marine Coast,2026-08-12T02:15:00+00:00,25.03,1033.2,88.99,23.09,4.65,True,ANOMALY,SPIKE
AWS-03,Mumbai Marine Coast,2026-08-12T02:30:00+00:00,24.67,1010.32,86.86,22.33,3.64,False,NORMAL,NONE
AWS-03,Mumbai Marine Coast,2026-08-12T02:45:00+00:00,24.23,1011.35,87.03,21.94,2.27,False,NORMAL,NONE
AWS-03,Mumbai Marine Coast,2026-08-12T03:00:00+00:00,24.47,1010.74,89.76,22.68,5.34,False,NORMAL,NONE
AWS-03,Mumbai Marine Coast,2026-08-12T03:15:00+00:00,25.08,1010.88,85.92,22.56,3.78,False,NORMAL,NONE
AWS-03,Mumbai Marine Coast,2026-08-12T03:30:00+00:00,24.97,1011.12,85.27,22.32,3.21,False,NORMAL,NONE
AWS-03,Mumbai Marine Coast,2026-08-12T03:45:00+00:00,25.0,1010.5,86.28,22.55,4.24,False,NORMAL,NONE
AWS-03,Mumbai Marine Coast,2026-08-12T04:00:00+00:00,26.02,1010.72,85.95,23.49,2.58,False,NORMAL,NONE
AWS-03,Mumbai Marine Coast,2026-08-12T04:15:00+00:00,24.63,1010.64,84.25,21.79,1.41,False,NORMAL,NONE
AWS-03,Mumbai Marine Coast,2026-08-12T04:30:00+00:00,25.75,1010.83,84.22,22.89,4.27,False,NORMAL,NONE
AWS-03,Mumbai Marine Coast,2026-08-12T04:45:00+00:00,25.64,1011.09,85.31,22.99,2.89,False,NORMAL,NONE
AWS-03,Mumbai Marine Coast,2026-08-12T05:00:00+00:00,26.4,1011.01,86.15,23.89,5.4,False,NORMAL,NONE
AWS-03,Mumbai Marine Coast,2026-08-12T05:15:00+00:00,26.2,1010.9,85.19,23.51,5.02,False,NORMAL,NONE
AWS-03,Mumbai Marine Coast,2026-08-12T05:30:00+00:00,27.11,992.76,85.65,24.49,3.99,True,ANOMALY,SPIKE
AWS-03,Mumbai Marine Coast,2026-08-12T05:45:00+00:00,27.12,1011.17,83.85,24.15,4.71,False,NORMAL,NONE
AWS-03,Mumbai Marine Coast,2026-08-12T06:00:00+00:00,27.26,1011.44,83.04,24.13,4.12,False,NORMAL,NONE
AWS-03,Mumbai Marine Coast,2026-08-12T06:15:00+00:00,27.14,1011.45,82.36,23.87,2.14,True,ANOMALY,SENSOR_DRIFT
AWS-03,Mumbai Marine Coast,2026-08-12T06:30:00+00:00,26.9,1012.01,81.53,23.47,4.43,False,NORMAL,NONE
AWS-03,Mumbai Marine Coast,2026-08-12T06:45:00+00:00,26.87,1011.21,82.47,23.63,2.29,False,NORMAL,NONE
AWS-03,Mumbai Marine Coast,2026-08-12T07:00:00+00:00,28.17,1012.07,82.41,24.89,5.61,False,NORMAL,NONE
AWS-03,Mumbai Marine Coast,2026-08-12T07:15:00+00:00,28.68,1011.98,80.99,25.09,4.18,False,NORMAL,NONE
AWS-03,Mumbai Marine Coast,2026-08-12T07:30:00+00:00,28.55,1012.13,81.47,25.07,4.58,False,NORMAL,NONE
AWS-03,Mumbai Marine Coast,2026-08-12T07:45:00+00:00,28.35,1012.46,77.72,24.09,5.66,False,NORMAL,NONE
AWS-03,Mumbai Marine Coast,2026-08-12T08:00:00+00:00,29.39,1012.62,79.21,25.41,3.78,False,NORMAL,NONE
AWS-03,Mumbai Marine Coast,2026-08-12T08:15:00+00:00,29.31,1012.94,82.09,25.94,3.02,False,NORMAL,NONE
AWS-03,Mumbai Marine Coast,2026-08-12T08:30:00+00:00,29.77,1012.52,77.89,25.49,1.82,False,NORMAL,NONE
AWS-03,Mumbai Marine Coast,2026-08-12T08:45:00+00:00,29.81,1012.4,77.72,25.5,5.5,False,NORMAL,NONE
AWS-03,Mumbai Marine Coast,2026-08-12T09:00:00+00:00,29.96,1012.86,79.5,26.02,5.31,False,NORMAL,NONE
AWS-03,Mumbai Marine Coast,2026-08-12T09:15:00+00:00,31.17,1013.1,76.23,26.49,5.0,False,NORMAL,NONE
AWS-03,Mumbai Marine Coast,2026-08-12T09:30:00+00:00,30.59,1013.1,77.53,26.21,3.8,False,NORMAL,NONE
AWS-03,Mumbai Marine Coast,2026-08-12T09:45:00+00:00,31.28,1013.37,77.97,26.98,4.35,False,NORMAL,NONE
AWS-03,Mumbai Marine Coast,2026-08-12T10:00:00+00:00,31.77,1013.2,75.36,26.87,3.89,False,NORMAL,NONE
AWS-03,Mumbai Marine Coast,2026-08-12T10:15:00+00:00,31.24,1013.34,76.61,26.64,1.67,False,NORMAL,NONE
AWS-03,Mumbai Marine Coast,2026-08-12T10:30:00+00:00,31.19,1013.37,74.48,26.11,5.63,False,NORMAL,NONE
AWS-03,Mumbai Marine Coast,2026-08-12T10:45:00+00:00,32.22,1013.03,74.88,27.2,5.24,True,ANOMALY,SENSOR_DRIFT
AWS-03,Mumbai Marine Coast,2026-08-12T11:00:00+00:00,32.66,1012.91,74.94,27.64,2.64,False,NORMAL,NONE
AWS-03,Mumbai Marine Coast,2026-08-12T11:15:00+00:00,33.35,1013.35,73.85,28.05,3.35,False,NORMAL,NONE
AWS-03,Mumbai Marine Coast,2026-08-12T11:30:00+00:00,33.14,1012.89,74.34,27.96,3.96,False,NORMAL,NONE
AWS-03,Mumbai Marine Coast,2026-08-12T11:45:00+00:00,20.0,1013.08,100.0,23.5,3.94,True,ANOMALY,CROSS_SENSOR_INCONSISTENCY
AWS-03,Mumbai Marine Coast,2026-08-12T12:00:00+00:00,32.64,1012.46,73.8,27.35,4.52,False,NORMAL,NONE
AWS-03,Mumbai Marine Coast,2026-08-12T12:15:00+00:00,33.0,1012.38,73.69,27.68,2.09,False,NORMAL,NONE
AWS-03,Mumbai Marine Coast,2026-08-12T12:30:00+00:00,33.25,1011.81,75.11,28.24,5.76,False,NORMAL,NONE
AWS-03,Mumbai Marine Coast,2026-08-12T12:45:00+00:00,33.33,1012.22,73.97,28.06,3.56,False,NORMAL,NONE
AWS-03,Mumbai Marine Coast,2026-08-12T13:00:00+00:00,33.52,1011.79,73.38,28.1,2.72,False,NORMAL,NONE
AWS-03,Mumbai Marine Coast,2026-08-12T13:15:00+00:00,33.09,1012.38,72.73,27.54,3.95,False,NORMAL,NONE
AWS-03,Mumbai Marine Coast,2026-08-12T13:30:00+00:00,33.94,1011.42,73.44,28.52,1.8,False,NORMAL,NONE
AWS-03,Mumbai Marine Coast,2026-08-12T13:45:00+00:00,33.2,1011.59,71.61,27.37,3.11,False,NORMAL,NONE
AWS-03,Mumbai Marine Coast,2026-08-12T14:00:00+00:00,33.55,1010.74,72.65,27.96,4.34,False,NORMAL,NONE
AWS-03,Mumbai Marine Coast,2026-08-12T14:15:00+00:00,33.89,1011.1,73.56,28.5,3.6,False,NORMAL,NONE
AWS-03,Mumbai Marine Coast,2026-08-12T14:30:00+00:00,33.61,1011.31,71.81,27.82,3.74,False,NORMAL,NONE
AWS-03,Mumbai Marine Coast,2026-08-12T14:45:00+00:00,33.64,1011.4,72.34,27.97,2.62,False,NORMAL,NONE
AWS-03,Mumbai Marine Coast,2026-08-12T15:00:00+00:00,33.57,1010.51,71.69,27.75,5.68,False,NORMAL,NONE
AWS-03,Mumbai Marine Coast,2026-08-12T15:15:00+00:00,33.12,1010.9,75.54,28.21,3.37,False,NORMAL,NONE
AWS-03,Mumbai Marine Coast,2026-08-12T15:30:00+00:00,32.76,1010.74,75.52,27.86,1.08,False,NORMAL,NONE
AWS-03,Mumbai Marine Coast,2026-08-12T15:45:00+00:00,32.27,1010.94,73.29,26.88,2.49,False,NORMAL,NONE
AWS-03,Mumbai Marine Coast,2026-08-12T16:00:00+00:00,33.22,1011.2,73.07,27.74,3.75,False,NORMAL,NONE
AWS-03,Mumbai Marine Coast,2026-08-12T16:15:00+00:00,32.39,1010.53,73.86,27.12,4.85,False,NORMAL,NONE
AWS-03,Mumbai Marine Coast,2026-08-12T16:30:00+00:00,32.45,1010.81,73.27,27.05,3.58,False,NORMAL,NONE
AWS-03,Mumbai Marine Coast,2026-08-12T16:45:00+00:00,33.03,1011.3,74.38,27.86,3.6,False,NORMAL,NONE
AWS-03,Mumbai Marine Coast,2026-08-12T17:00:00+00:00,31.76,1010.94,74.34,26.63,4.6,False,NORMAL,NONE
AWS-03,Mumbai Marine Coast,2026-08-12T17:15:00+00:00,31.52,1010.85,77.04,27.01,4.73,False,NORMAL,NONE
AWS-03,Mumbai Marine Coast,2026-08-12T17:30:00+00:00,32.14,1010.99,76.32,27.45,7.49,False,NORMAL,NONE
AWS-03,Mumbai Marine Coast,2026-08-12T17:45:00+00:00,31.26,1011.7,75.56,26.43,3.66,False,NORMAL,NONE
AWS-03,Mumbai Marine Coast,2026-08-12T18:00:00+00:00,31.37,1011.27,76.41,26.72,5.63,False,NORMAL,NONE
AWS-03,Mumbai Marine Coast,2026-08-12T18:15:00+00:00,31.24,1011.36,78.44,27.04,6.54,False,NORMAL,NONE
AWS-03,Mumbai Marine Coast,2026-08-12T18:30:00+00:00,30.48,1011.58,76.91,25.97,5.24,False,NORMAL,NONE
AWS-03,Mumbai Marine Coast,2026-08-12T18:45:00+00:00,30.18,1011.9,76.86,25.67,6.78,False,NORMAL,NONE
AWS-03,Mumbai Marine Coast,2026-08-12T19:00:00+00:00,30.06,1011.93,79.99,26.23,5.69,False,NORMAL,NONE
AWS-03,Mumbai Marine Coast,2026-08-12T19:15:00+00:00,24.24,1013.93,106.16,24.24,2.78,False,GENUINE_WEATHER_EVENT,GENUINE_WEATHER_EVENT
AWS-03,Mumbai Marine Coast,2026-08-12T19:30:00+00:00,29.56,1012.08,79.44,25.63,2.87,False,NORMAL,NONE
AWS-03,Mumbai Marine Coast,2026-08-12T19:45:00+00:00,29.41,1013.01,78.85,25.36,4.26,True,ANOMALY,FROZEN_SENSOR
AWS-03,Mumbai Marine Coast,2026-08-12T20:00:00+00:00,29.41,1012.6,79.71,25.54,4.69,True,ANOMALY,FROZEN_SENSOR
AWS-03,Mumbai Marine Coast,2026-08-12T20:15:00+00:00,29.41,1012.79,80.57,25.72,3.47,True,ANOMALY,FROZEN_SENSOR
AWS-03,Mumbai Marine Coast,2026-08-12T20:30:00+00:00,29.41,1013.49,78.85,25.36,4.43,True,ANOMALY,FROZEN_SENSOR
AWS-03,Mumbai Marine Coast,2026-08-12T20:45:00+00:00,29.41,1013.41,82.15,26.05,3.66,True,ANOMALY,FROZEN_SENSOR
AWS-03,Mumbai Marine Coast,2026-08-12T21:00:00+00:00,29.41,1012.92,80.51,25.71,4.33,True,ANOMALY,FROZEN_SENSOR
AWS-03,Mumbai Marine Coast,2026-08-12T21:15:00+00:00,29.41,1013.0,81.17,25.85,6.17,True,ANOMALY,FROZEN_SENSOR
AWS-03,Mumbai Marine Coast,2026-08-12T21:30:00+00:00,29.41,1012.92,82.81,26.18,3.23,True,ANOMALY,FROZEN_SENSOR
AWS-03,Mumbai Marine Coast,2026-08-12T21:45:00+00:00,26.57,1035.41,81.64,23.17,4.21,True,ANOMALY,SPIKE
AWS-03,Mumbai Marine Coast,2026-08-12T22:00:00+00:00,26.95,1012.97,82.51,23.71,2.07,False,NORMAL,NONE
AWS-03,Mumbai Marine Coast,2026-08-12T22:15:00+00:00,26.28,994.47,82.39,23.04,2.8,True,ANOMALY,SPIKE
AWS-03,Mumbai Marine Coast,2026-08-12T22:30:00+00:00,26.5,1013.33,82.69,23.32,4.15,False,NORMAL,NONE
AWS-03,Mumbai Marine Coast,2026-08-12T22:45:00+00:00,26.15,1012.91,85.44,23.52,3.09,False,NORMAL,NONE
AWS-03,Mumbai Marine Coast,2026-08-12T23:00:00+00:00,25.68,1013.24,84.56,22.88,6.02,False,NORMAL,NONE
AWS-03,Mumbai Marine Coast,2026-08-12T23:15:00+00:00,25.48,1012.66,85.42,22.86,5.73,False,NORMAL,NONE
AWS-03,Mumbai Marine Coast,2026-08-12T23:30:00+00:00,25.91,1013.29,83.05,22.81,6.99,True,ANOMALY,SENSOR_DRIFT
AWS-03,Mumbai Marine Coast,2026-08-12T23:45:00+00:00,25.55,1012.62,86.59,23.15,3.63,True,ANOMALY,FROZEN_SENSOR
AWS-03,Mumbai Marine Coast,2026-08-13T00:00:00+00:00,25.55,1012.52,86.34,23.1,3.11,True,ANOMALY,FROZEN_SENSOR
AWS-03,Mumbai Marine Coast,2026-08-13T00:15:00+00:00,25.55,1012.93,86.21,23.08,5.6,True,ANOMALY,FROZEN_SENSOR
AWS-03,Mumbai Marine Coast,2026-08-13T00:30:00+00:00,25.55,1012.52,86.23,23.08,2.41,True,ANOMALY,FROZEN_SENSOR
AWS-03,Mumbai Marine Coast,2026-08-13T00:45:00+00:00,25.55,1012.35,88.05,23.43,4.48,True,ANOMALY,FROZEN_SENSOR
AWS-03,Mumbai Marine Coast,2026-08-13T01:00:00+00:00,25.55,1012.23,85.97,23.03,2.26,True,ANOMALY,FROZEN_SENSOR
AWS-03,Mumbai Marine Coast,2026-08-13T01:15:00+00:00,25.55,1011.96,86.94,23.22,3.95,True,ANOMALY,FROZEN_SENSOR
AWS-03,Mumbai Marine Coast,2026-08-13T01:30:00+00:00,25.55,1011.58,87.16,23.26,2.54,True,ANOMALY,FROZEN_SENSOR
AWS-03,Mumbai Marine Coast,2026-08-13T01:45:00+00:00,23.93,1011.26,86.33,21.5,6.97,False,NORMAL,NONE
AWS-03,Mumbai Marine Coast,2026-08-13T02:00:00+00:00,24.38,1011.58,87.52,22.17,1.81,False,NORMAL,NONE
AWS-03,Mumbai Marine Coast,2026-08-13T02:15:00+00:00,24.41,1010.7,86.98,22.1,4.23,False,NORMAL,NONE
AWS-03,Mumbai Marine Coast,2026-08-13T02:30:00+00:00,24.29,1011.14,88.28,22.22,4.23,False,NORMAL,NONE
AWS-03,Mumbai Marine Coast,2026-08-13T02:45:00+00:00,24.56,1011.44,86.77,22.21,1.98,False,NORMAL,NONE
AWS-03,Mumbai Marine Coast,2026-08-13T03:00:00+00:00,23.64,1011.06,88.81,21.68,3.43,False,NORMAL,NONE
AWS-03,Mumbai Marine Coast,2026-08-13T03:15:00+00:00,24.54,1010.79,87.88,22.4,4.92,False,NORMAL,NONE
AWS-03,Mumbai Marine Coast,2026-08-13T03:30:00+00:00,24.99,1010.71,86.87,22.65,2.82,False,NORMAL,NONE
AWS-03,Mumbai Marine Coast,2026-08-13T03:45:00+00:00,25.56,1032.61,86.98,23.24,6.11,True,ANOMALY,SPIKE
AWS-03,Mumbai Marine Coast,2026-08-13T04:00:00+00:00,24.74,1010.97,84.46,21.94,6.04,False,NORMAL,NONE
AWS-03,Mumbai Marine Coast,2026-08-13T04:15:00+00:00,25.17,1010.82,86.68,22.79,6.03,False,NORMAL,NONE
AWS-03,Mumbai Marine Coast,2026-08-13T04:30:00+00:00,25.09,1011.34,83.71,22.14,4.56,False,NORMAL,NONE
AWS-03,Mumbai Marine Coast,2026-08-13T04:45:00+00:00,25.26,1011.28,84.25,22.41,0.68,False,NORMAL,NONE
AWS-03,Mumbai Marine Coast,2026-08-13T05:00:00+00:00,25.48,1011.0,84.84,22.74,2.18,False,NORMAL,NONE
AWS-03,Mumbai Marine Coast,2026-08-13T05:15:00+00:00,25.98,1011.1,85.03,23.27,5.37,False,NORMAL,NONE
AWS-03,Mumbai Marine Coast,2026-08-13T05:30:00+00:00,26.45,1011.23,84.14,23.55,4.38,False,NORMAL,NONE
AWS-03,Mumbai Marine Coast,2026-08-13T05:45:00+00:00,26.5,1011.48,83.09,23.39,6.78,False,NORMAL,NONE
AWS-03,Mumbai Marine Coast,2026-08-13T06:00:00+00:00,26.91,1011.87,85.65,24.3,1.52,False,NORMAL,NONE
AWS-03,Mumbai Marine Coast,2026-08-13T06:15:00+00:00,27.45,1011.54,82.43,24.18,5.76,False,NORMAL,NONE
AWS-03,Mumbai Marine Coast,2026-08-13T06:30:00+00:00,27.45,1011.75,83.21,24.35,5.88,False,NORMAL,NONE
AWS-03,Mumbai Marine Coast,2026-08-13T06:45:00+00:00,27.73,1011.93,83.24,24.63,4.46,False,NORMAL,NONE
AWS-03,Mumbai Marine Coast,2026-08-13T07:00:00+00:00,27.74,1011.67,82.73,24.53,2.77,False,NORMAL,NONE
AWS-03,Mumbai Marine Coast,2026-08-13T07:15:00+00:00,28.53,1012.26,80.52,24.85,3.16,False,NORMAL,NONE
AWS-03,Mumbai Marine Coast,2026-08-13T07:30:00+00:00,28.12,1012.74,78.77,24.09,2.39,False,NORMAL,NONE
AWS-03,Mumbai Marine Coast,2026-08-13T07:45:00+00:00,28.26,1012.59,82.6,25.02,5.13,False,NORMAL,NONE
AWS-03,Mumbai Marine Coast,2026-08-13T08:00:00+00:00,28.86,1012.83,78.88,24.83,2.67,False,NORMAL,NONE
AWS-03,Mumbai Marine Coast,2026-08-13T08:15:00+00:00,29.14,1012.58,80.13,25.36,4.15,False,NORMAL,NONE
AWS-03,Mumbai Marine Coast,2026-08-13T08:30:00+00:00,29.39,1013.01,77.96,25.14,5.33,True,ANOMALY,SENSOR_DRIFT
AWS-03,Mumbai Marine Coast,2026-08-13T08:45:00+00:00,29.58,1013.5,76.66,25.05,4.72,False,NORMAL,NONE
AWS-03,Mumbai Marine Coast,2026-08-13T09:00:00+00:00,29.95,1013.45,78.32,25.77,5.69,False,NORMAL,NONE
AWS-03,Mumbai Marine Coast,2026-08-13T09:15:00+00:00,30.91,1013.11,75.8,26.14,6.39,False,NORMAL,NONE
AWS-03,Mumbai Marine Coast,2026-08-13T09:30:00+00:00,31.0,1012.45,76.61,26.4,4.02,False,NORMAL,NONE
AWS-03,Mumbai Marine Coast,2026-08-13T09:45:00+00:00,30.72,1013.01,77.82,26.41,4.05,False,NORMAL,NONE
AWS-03,Mumbai Marine Coast,2026-08-13T10:00:00+00:00,30.99,1012.67,75.63,26.18,6.15,False,NORMAL,NONE
AWS-03,Mumbai Marine Coast,2026-08-13T10:15:00+00:00,30.79,1013.38,77.86,26.48,6.98,False,NORMAL,NONE
AWS-03,Mumbai Marine Coast,2026-08-13T10:30:00+00:00,16.77,1012.95,75.69,12.46,5.42,True,ANOMALY,SPIKE
AWS-03,Mumbai Marine Coast,2026-08-13T10:45:00+00:00,31.84,1012.56,75.38,26.94,6.85,False,NORMAL,NONE
AWS-03,Mumbai Marine Coast,2026-08-13T11:00:00+00:00,32.14,1013.61,74.72,27.08,4.05,False,NORMAL,NONE
AWS-03,Mumbai Marine Coast,2026-08-13T11:15:00+00:00,32.1,1013.39,75.8,27.29,3.66,False,NORMAL,NONE
AWS-03,Mumbai Marine Coast,2026-08-13T11:30:00+00:00,32.72,1012.31,74.02,27.48,3.74,False,NORMAL,NONE
AWS-03,Mumbai Marine Coast,2026-08-13T11:45:00+00:00,33.23,1012.4,73.41,27.83,5.34,False,NORMAL,NONE
AWS-03,Mumbai Marine Coast,2026-08-13T12:00:00+00:00,33.77,1012.7,73.63,28.4,1.06,False,NORMAL,NONE
AWS-03,Mumbai Marine Coast,2026-08-13T12:15:00+00:00,32.61,1012.92,74.97,27.6,3.84,False,NORMAL,NONE
AWS-03,Mumbai Marine Coast,2026-08-13T12:30:00+00:00,33.73,1012.68,75.0,28.68,3.58,False,NORMAL,NONE
AWS-03,Mumbai Marine Coast,2026-08-13T12:45:00+00:00,33.58,1012.22,74.38,28.39,3.22,False,NORMAL,NONE
AWS-03,Mumbai Marine Coast,2026-08-13T13:00:00+00:00,33.44,1011.99,72.88,27.91,3.73,False,NORMAL,NONE
AWS-03,Mumbai Marine Coast,2026-08-13T13:15:00+00:00,33.0,1011.53,72.8,27.47,5.34,False,NORMAL,NONE
AWS-03,Mumbai Marine Coast,2026-08-13T13:30:00+00:00,33.05,1011.53,72.2,27.37,5.18,False,NORMAL,NONE
AWS-03,Mumbai Marine Coast,2026-08-13T13:45:00+00:00,33.38,1011.31,71.2,27.45,5.41,False,NORMAL,NONE
AWS-03,Mumbai Marine Coast,2026-08-13T14:00:00+00:00,33.78,1011.06,72.62,28.17,2.2,False,NORMAL,NONE
AWS-03,Mumbai Marine Coast,2026-08-13T14:15:00+00:00,33.48,1011.21,72.42,27.84,4.8,False,NORMAL,NONE
AWS-03,Mumbai Marine Coast,2026-08-13T14:30:00+00:00,27.95,1013.4,100.43,27.95,2.55,False,GENUINE_WEATHER_EVENT,GENUINE_WEATHER_EVENT
AWS-03,Mumbai Marine Coast,2026-08-13T14:45:00+00:00,33.47,1033.12,71.44,27.6,5.49,True,ANOMALY,SPIKE
AWS-03,Mumbai Marine Coast,2026-08-13T15:00:00+00:00,33.28,1010.61,75.13,28.27,3.23,False,NORMAL,NONE
AWS-03,Mumbai Marine Coast,2026-08-13T15:15:00+00:00,33.07,1011.01,73.05,27.59,3.66,False,NORMAL,NONE
AWS-03,Mumbai Marine Coast,2026-08-13T15:30:00+00:00,32.94,1010.62,72.14,27.26,4.97,False,NORMAL,NONE
AWS-03,Mumbai Marine Coast,2026-08-13T15:45:00+00:00,32.74,1010.78,72.54,27.16,4.49,False,NORMAL,NONE
AWS-03,Mumbai Marine Coast,2026-08-13T16:00:00+00:00,32.4,1010.62,74.29,27.23,2.71,False,NORMAL,NONE
AWS-03,Mumbai Marine Coast,2026-08-13T16:15:00+00:00,32.9,1010.67,73.4,27.51,6.04,False,NORMAL,NONE
AWS-03,Mumbai Marine Coast,2026-08-13T16:30:00+00:00,32.69,1010.63,75.65,27.83,4.43,False,NORMAL,NONE
AWS-03,Mumbai Marine Coast,2026-08-13T16:45:00+00:00,26.9,1012.67,104.05,26.9,5.04,False,GENUINE_WEATHER_EVENT,GENUINE_WEATHER_EVENT
AWS-03,Mumbai Marine Coast,2026-08-13T17:00:00+00:00,32.04,1010.42,74.68,26.97,2.34,False,NORMAL,NONE
AWS-03,Mumbai Marine Coast,2026-08-13T17:15:00+00:00,32.09,1010.81,75.6,27.24,1.68,False,NORMAL,NONE
AWS-03,Mumbai Marine Coast,2026-08-13T17:30:00+00:00,31.28,1010.86,75.73,26.48,2.59,False,NORMAL,NONE
AWS-03,Mumbai Marine Coast,2026-08-13T17:45:00+00:00,32.01,1010.91,74.9,27.0,3.27,False,NORMAL,NONE
AWS-03,Mumbai Marine Coast,2026-08-13T18:00:00+00:00,31.2,1011.33,77.34,26.76,3.44,False,NORMAL,NONE
AWS-03,Mumbai Marine Coast,2026-08-13T18:15:00+00:00,30.51,1011.32,73.35,25.2,4.15,False,NORMAL,NONE
AWS-03,Mumbai Marine Coast,2026-08-13T18:30:00+00:00,30.49,1011.62,75.39,25.65,1.27,False,NORMAL,NONE
AWS-03,Mumbai Marine Coast,2026-08-13T18:45:00+00:00,30.2,1011.82,74.81,25.23,4.97,True,ANOMALY,SENSOR_DRIFT
AWS-03,Mumbai Marine Coast,2026-08-13T19:00:00+00:00,30.76,1011.86,78.23,26.53,4.8,False,NORMAL,NONE
AWS-03,Mumbai Marine Coast,2026-08-13T19:15:00+00:00,29.8,1012.27,80.72,26.13,5.29,False,NORMAL,NONE
AWS-03,Mumbai Marine Coast,2026-08-13T19:30:00+00:00,29.37,1012.19,80.55,25.68,5.92,False,NORMAL,NONE
AWS-03,Mumbai Marine Coast,2026-08-13T19:45:00+00:00,29.73,1012.33,80.67,26.05,4.84,False,NORMAL,NONE
AWS-03,Mumbai Marine Coast,2026-08-13T20:00:00+00:00,28.99,1012.97,79.49,25.09,4.45,False,NORMAL,NONE
AWS-03,Mumbai Marine Coast,2026-08-13T20:15:00+00:00,28.75,1013.28,80.96,25.16,4.0,False,NORMAL,NONE
AWS-03,Mumbai Marine Coast,2026-08-13T20:30:00+00:00,28.83,1012.58,81.02,25.25,4.18,False,NORMAL,NONE
AWS-03,Mumbai Marine Coast,2026-08-13T20:45:00+00:00,27.94,1012.95,79.59,24.08,4.49,False,NORMAL,NONE
AWS-03,Mumbai Marine Coast,2026-08-13T21:00:00+00:00,28.03,1013.14,83.72,25.01,6.01,False,NORMAL,NONE
AWS-03,Mumbai Marine Coast,2026-08-13T21:15:00+00:00,27.76,1012.74,81.38,24.28,2.82,False,NORMAL,NONE
AWS-03,Mumbai Marine Coast,2026-08-13T21:30:00+00:00,27.58,1013.07,82.04,24.24,1.48,False,NORMAL,NONE
AWS-03,Mumbai Marine Coast,2026-08-13T21:45:00+00:00,26.52,1012.7,81.11,23.02,3.7,False,NORMAL,NONE
AWS-03,Mumbai Marine Coast,2026-08-13T22:00:00+00:00,26.9,1013.43,83.35,23.84,4.46,False,NORMAL,NONE
AWS-03,Mumbai Marine Coast,2026-08-13T22:15:00+00:00,26.79,1013.22,83.14,23.69,4.55,False,NORMAL,NONE
AWS-03,Mumbai Marine Coast,2026-08-13T22:30:00+00:00,25.87,1012.8,84.55,23.07,2.58,False,NORMAL,NONE
AWS-03,Mumbai Marine Coast,2026-08-13T22:45:00+00:00,26.93,1013.3,83.91,23.98,5.89,False,NORMAL,NONE
AWS-03,Mumbai Marine Coast,2026-08-13T23:00:00+00:00,25.4,1012.92,83.78,22.46,0.74,False,NORMAL,NONE
AWS-03,Mumbai Marine Coast,2026-08-13T23:15:00+00:00,25.94,1012.87,85.58,23.34,3.86,False,NORMAL,NONE
AWS-03,Mumbai Marine Coast,2026-08-13T23:30:00+00:00,25.7,1012.8,88.22,23.6,4.44,False,NORMAL,NONE
AWS-03,Mumbai Marine Coast,2026-08-13T23:45:00+00:00,25.74,1013.04,86.38,23.29,3.45,False,NORMAL,NONE
AWS-03,Mumbai Marine Coast,2026-08-14T00:00:00+00:00,24.99,1012.13,84.75,22.25,3.26,False,NORMAL,NONE
AWS-03,Mumbai Marine Coast,2026-08-14T00:15:00+00:00,25.44,1012.46,85.08,22.75,3.25,False,NORMAL,NONE
AWS-04,Shimla Highland,2026-08-01T00:00:00+00:00,10.29,788.3,69.5,4.95,3.3,False,NORMAL,NONE
AWS-04,Shimla Highland,2026-08-01T00:15:00+00:00,10.24,788.56,68.67,4.73,1.13,False,NORMAL,NONE
AWS-04,Shimla Highland,2026-08-01T00:30:00+00:00,9.4,788.36,72.44,4.69,4.14,False,NORMAL,NONE
AWS-04,Shimla Highland,2026-08-01T00:45:00+00:00,9.11,787.94,73.38,4.6,4.21,False,NORMAL,NONE
AWS-04,Shimla Highland,2026-08-01T01:00:00+00:00,10.19,788.33,74.6,5.88,5.44,False,NORMAL,NONE
AWS-04,Shimla Highland,2026-08-01T01:15:00+00:00,9.98,787.96,73.45,5.45,2.08,False,NORMAL,NONE
AWS-04,Shimla Highland,2026-08-01T01:30:00+00:00,9.31,787.1,70.21,4.16,4.76,False,NORMAL,NONE
AWS-04,Shimla Highland,2026-08-01T01:45:00+00:00,3.73,789.61,101.29,3.73,5.06,False,GENUINE_WEATHER_EVENT,GENUINE_WEATHER_EVENT
AWS-04,Shimla Highland,2026-08-01T02:00:00+00:00,9.39,787.39,72.39,4.67,3.84,False,NORMAL,NONE
AWS-04,Shimla Highland,2026-08-01T02:15:00+00:00,9.76,786.89,72.08,4.97,3.18,False,NORMAL,NONE
AWS-04,Shimla Highland,2026-08-01T02:30:00+00:00,20.0,786.93,100.0,23.5,4.7,True,ANOMALY,CROSS_SENSOR_INCONSISTENCY
AWS-04,Shimla Highland,2026-08-01T02:45:00+00:00,9.89,787.11,73.55,5.39,1.33,False,NORMAL,NONE
AWS-04,Shimla Highland,2026-08-01T03:00:00+00:00,9.77,786.98,72.02,4.97,3.55,False,NORMAL,NONE
AWS-04,Shimla Highland,2026-08-01T03:15:00+00:00,9.96,786.39,71.21,4.99,4.03,False,NORMAL,NONE
AWS-04,Shimla Highland,2026-08-01T03:30:00+00:00,9.93,786.84,73.21,5.36,5.58,False,NORMAL,NONE
AWS-04,Shimla Highland,2026-08-01T03:45:00+00:00,9.9,787.24,71.71,5.03,5.64,False,NORMAL,NONE
AWS-04,Shimla Highland,2026-08-01T04:00:00+00:00,10.36,786.68,72.65,5.66,2.29,False,NORMAL,NONE
AWS-04,Shimla Highland,2026-08-01T04:15:00+00:00,9.95,786.93,70.47,4.82,5.92,False,NORMAL,NONE
AWS-04,Shimla Highland,2026-08-01T04:30:00+00:00,10.09,786.25,72.92,5.46,6.5,False,NORMAL,NONE
AWS-04,Shimla Highland,2026-08-01T04:45:00+00:00,20.0,786.74,100.0,23.5,3.6,True,ANOMALY,CROSS_SENSOR_INCONSISTENCY
AWS-04,Shimla Highland,2026-08-01T05:00:00+00:00,10.64,787.26,67.89,4.95,7.02,False,NORMAL,NONE
AWS-04,Shimla Highland,2026-08-01T05:15:00+00:00,11.35,786.89,68.24,5.71,3.41,False,NORMAL,NONE
AWS-04,Shimla Highland,2026-08-01T05:30:00+00:00,12.25,786.76,68.86,6.7,4.8,False,NORMAL,NONE
AWS-04,Shimla Highland,2026-08-01T05:45:00+00:00,12.16,787.14,66.89,6.19,2.81,False,NORMAL,NONE
AWS-04,Shimla Highland,2026-08-01T06:00:00+00:00,12.81,787.81,67.58,6.96,4.13,False,NORMAL,NONE
AWS-04,Shimla Highland,2026-08-01T06:15:00+00:00,13.12,787.82,67.36,7.21,2.5,False,NORMAL,NONE
AWS-04,Shimla Highland,2026-08-01T06:30:00+00:00,13.88,787.97,68.72,8.23,7.13,False,NORMAL,NONE
AWS-04,Shimla Highland,2026-08-01T06:45:00+00:00,13.88,788.24,67.57,7.98,3.31,False,NORMAL,NONE
AWS-04,Shimla Highland,2026-08-01T07:00:00+00:00,14.45,787.65,64.84,7.92,3.75,True,ANOMALY,SENSOR_DRIFT
AWS-04,Shimla Highland,2026-08-01T07:15:00+00:00,15.02,788.09,64.55,8.39,2.44,False,NORMAL,NONE
AWS-04,Shimla Highland,2026-08-01T07:30:00+00:00,14.79,787.8,64.26,8.1,5.35,False,NORMAL,NONE
AWS-04,Shimla Highland,2026-08-01T07:45:00+00:00,15.95,788.38,63.84,9.1,2.8,False,NORMAL,NONE
AWS-04,Shimla Highland,2026-08-01T08:00:00+00:00,15.66,788.63,63.42,8.74,4.17,False,NORMAL,NONE
AWS-04,Shimla Highland,2026-08-01T08:15:00+00:00,16.77,789.0,61.48,9.32,4.87,False,NORMAL,NONE
AWS-04,Shimla Highland,2026-08-01T08:30:00+00:00,16.56,789.42,61.85,9.21,5.61,True,ANOMALY,FROZEN_SENSOR
AWS-04,Shimla Highland,2026-08-01T08:45:00+00:00,16.56,789.02,62.31,9.32,3.18,True,ANOMALY,FROZEN_SENSOR
AWS-04,Shimla Highland,2026-08-01T09:00:00+00:00,16.56,788.71,59.02,8.52,4.16,True,ANOMALY,FROZEN_SENSOR
AWS-04,Shimla Highland,2026-08-01T09:15:00+00:00,16.56,789.28,57.82,8.22,3.48,True,ANOMALY,FROZEN_SENSOR
AWS-04,Shimla Highland,2026-08-01T09:30:00+00:00,16.56,789.24,57.98,8.26,2.88,True,ANOMALY,FROZEN_SENSOR
AWS-04,Shimla Highland,2026-08-01T09:45:00+00:00,16.56,788.86,56.98,8.0,4.83,True,ANOMALY,FROZEN_SENSOR
AWS-04,Shimla Highland,2026-08-01T10:00:00+00:00,16.56,789.37,60.0,8.76,3.47,True,ANOMALY,FROZEN_SENSOR
AWS-04,Shimla Highland,2026-08-01T10:15:00+00:00,16.56,789.2,55.46,7.61,3.0,True,ANOMALY,FROZEN_SENSOR
AWS-04,Shimla Highland,2026-08-01T10:30:00+00:00,19.67,789.61,56.12,10.68,1.94,False,NORMAL,NONE
AWS-04,Shimla Highland,2026-08-01T10:45:00+00:00,20.07,789.56,55.35,10.85,3.46,False,NORMAL,NONE
AWS-04,Shimla Highland,2026-08-01T11:00:00+00:00,21.24,788.71,54.33,11.65,7.44,False,NORMAL,NONE
AWS-04,Shimla Highland,2026-08-01T11:15:00+00:00,19.97,788.11,57.07,11.21,4.27,False,NORMAL,NONE
AWS-04,Shimla Highland,2026-08-01T11:30:00+00:00,21.13,788.7,52.85,11.13,1.52,False,NORMAL,NONE
AWS-04,Shimla Highland,2026-08-01T11:45:00+00:00,20.83,789.17,53.18,10.95,2.89,False,NORMAL,NONE
AWS-04,Shimla Highland,2026-08-01T12:00:00+00:00,20.57,788.6,52.95,10.64,5.71,False,NORMAL,NONE
AWS-04,Shimla Highland,2026-08-01T12:15:00+00:00,21.55,788.91,51.05,11.0,4.31,False,NORMAL,NONE
AWS-04,Shimla Highland,2026-08-01T12:30:00+00:00,21.45,788.04,52.27,11.27,4.99,False,NORMAL,NONE
AWS-04,Shimla Highland,2026-08-01T12:45:00+00:00,22.47,787.81,52.58,12.3,0.89,False,NORMAL,NONE
AWS-04,Shimla Highland,2026-08-01T13:00:00+00:00,22.52,787.56,50.84,11.83,5.91,False,NORMAL,NONE
AWS-04,Shimla Highland,2026-08-01T13:15:00+00:00,21.83,787.92,54.24,12.18,2.69,False,NORMAL,NONE
AWS-04,Shimla Highland,2026-08-01T13:30:00+00:00,22.22,787.81,53.2,12.24,0.5,False,NORMAL,NONE
AWS-04,Shimla Highland,2026-08-01T13:45:00+00:00,22.56,787.37,53.33,12.59,3.13,False,NORMAL,NONE
AWS-04,Shimla Highland,2026-08-01T14:00:00+00:00,22.69,787.45,52.04,12.34,3.91,False,NORMAL,NONE
AWS-04,Shimla Highland,2026-08-01T14:15:00+00:00,21.87,787.34,48.36,10.48,0.5,True,ANOMALY,FROZEN_SENSOR
AWS-04,Shimla Highland,2026-08-01T14:30:00+00:00,21.87,786.74,52.88,11.83,5.12,True,ANOMALY,FROZEN_SENSOR
AWS-04,Shimla Highland,2026-08-01T14:45:00+00:00,21.87,787.02,51.89,11.54,4.14,True,ANOMALY,FROZEN_SENSOR
AWS-04,Shimla Highland,2026-08-01T15:00:00+00:00,21.87,786.57,50.3,11.08,3.99,True,ANOMALY,FROZEN_SENSOR
AWS-04,Shimla Highland,2026-08-01T15:15:00+00:00,21.87,786.46,50.18,11.04,4.82,True,ANOMALY,FROZEN_SENSOR
AWS-04,Shimla Highland,2026-08-01T15:30:00+00:00,21.87,786.66,53.49,12.01,2.58,True,ANOMALY,FROZEN_SENSOR
AWS-04,Shimla Highland,2026-08-01T15:45:00+00:00,21.87,787.1,52.6,11.75,4.53,True,ANOMALY,FROZEN_SENSOR
AWS-04,Shimla Highland,2026-08-01T16:00:00+00:00,21.87,787.22,52.21,11.64,5.44,True,ANOMALY,FROZEN_SENSOR
AWS-04,Shimla Highland,2026-08-01T16:15:00+00:00,22.11,786.81,53.74,12.3,5.65,False,NORMAL,NONE
AWS-04,Shimla Highland,2026-08-01T16:30:00+00:00,20.89,787.01,55.64,11.69,5.58,False,NORMAL,NONE
AWS-04,Shimla Highland,2026-08-01T16:45:00+00:00,20.41,786.81,53.56,10.67,3.03,False,NORMAL,NONE
AWS-04,Shimla Highland,2026-08-01T17:00:00+00:00,20.42,787.13,55.91,11.32,4.21,False,NORMAL,NONE
AWS-04,Shimla Highland,2026-08-01T17:15:00+00:00,19.93,786.85,56.79,11.11,2.35,False,NORMAL,NONE
AWS-04,Shimla Highland,2026-08-01T17:30:00+00:00,20.73,787.13,54.7,11.28,3.28,False,NORMAL,NONE
AWS-04,Shimla Highland,2026-08-01T17:45:00+00:00,19.3,787.32,57.33,10.66,1.26,False,NORMAL,NONE
AWS-04,Shimla Highland,2026-08-01T18:00:00+00:00,19.31,786.85,57.02,10.59,2.18,False,NORMAL,NONE
AWS-04,Shimla Highland,2026-08-01T18:15:00+00:00,19.56,787.72,59.32,11.42,3.84,False,NORMAL,NONE
AWS-04,Shimla Highland,2026-08-01T18:30:00+00:00,18.07,787.57,58.71,9.86,4.06,False,NORMAL,NONE
AWS-04,Shimla Highland,2026-08-01T18:45:00+00:00,17.89,788.62,58.52,9.64,4.59,False,NORMAL,NONE
AWS-04,Shimla Highland,2026-08-01T19:00:00+00:00,17.85,787.89,57.6,9.37,6.49,False,NORMAL,NONE
AWS-04,Shimla Highland,2026-08-01T19:15:00+00:00,17.42,788.46,59.07,9.35,4.85,False,NORMAL,NONE
AWS-04,Shimla Highland,2026-08-01T19:30:00+00:00,16.81,788.77,59.98,9.0,2.79,False,NORMAL,NONE
AWS-04,Shimla Highland,2026-08-01T19:45:00+00:00,16.85,788.78,60.96,9.28,5.42,True,ANOMALY,SENSOR_DRIFT
AWS-04,Shimla Highland,2026-08-01T20:00:00+00:00,16.5,788.38,62.17,9.23,3.07,False,NORMAL,NONE
AWS-04,Shimla Highland,2026-08-01T20:15:00+00:00,15.21,788.75,63.28,8.28,4.2,False,NORMAL,NONE
AWS-04,Shimla Highland,2026-08-01T20:30:00+00:00,16.12,788.54,64.76,9.49,5.39,False,NORMAL,NONE
AWS-04,Shimla Highland,2026-08-01T20:45:00+00:00,13.99,788.79,65.27,7.58,4.83,False,NORMAL,NONE
AWS-04,Shimla Highland,2026-08-01T21:00:00+00:00,14.72,788.78,65.16,8.24,2.8,False,NORMAL,NONE
AWS-04,Shimla Highland,2026-08-01T21:15:00+00:00,13.37,788.99,64.52,6.82,2.45,False,NORMAL,NONE
AWS-04,Shimla Highland,2026-08-01T21:30:00+00:00,14.05,789.59,65.32,7.64,4.34,False,NORMAL,NONE
AWS-04,Shimla Highland,2026-08-01T21:45:00+00:00,13.11,789.37,66.59,7.03,0.64,False,NORMAL,NONE
AWS-04,Shimla Highland,2026-08-01T22:00:00+00:00,12.82,789.36,68.95,7.26,3.83,False,NORMAL,NONE
AWS-04,Shimla Highland,2026-08-01T22:15:00+00:00,12.49,789.63,64.36,5.94,4.75,False,NORMAL,NONE
AWS-04,Shimla Highland,2026-08-01T22:30:00+00:00,12.29,789.2,69.25,6.81,1.34,False,NORMAL,NONE
AWS-04,Shimla Highland,2026-08-01T22:45:00+00:00,11.56,788.95,68.1,5.88,1.94,False,NORMAL,NONE
AWS-04,Shimla Highland,2026-08-01T23:00:00+00:00,11.46,788.78,68.09,5.78,2.94,False,NORMAL,NONE
AWS-04,Shimla Highland,2026-08-01T23:15:00+00:00,10.71,810.73,69.13,5.28,1.48,True,ANOMALY,SPIKE
AWS-04,Shimla Highland,2026-08-01T23:30:00+00:00,11.24,788.83,69.22,5.81,4.31,False,NORMAL,NONE
AWS-04,Shimla Highland,2026-08-01T23:45:00+00:00,10.24,788.79,68.36,4.67,2.17,False,NORMAL,NONE
AWS-04,Shimla Highland,2026-08-02T00:00:00+00:00,10.63,789.24,71.79,5.75,4.87,False,NORMAL,NONE
AWS-04,Shimla Highland,2026-08-02T00:15:00+00:00,9.99,788.53,72.05,5.18,3.98,False,NORMAL,NONE
AWS-04,Shimla Highland,2026-08-02T00:30:00+00:00,9.68,788.02,71.21,4.72,4.18,False,NORMAL,NONE
AWS-04,Shimla Highland,2026-08-02T00:45:00+00:00,9.53,787.93,71.47,4.63,2.45,False,NORMAL,NONE
AWS-04,Shimla Highland,2026-08-02T01:00:00+00:00,9.58,788.12,71.07,4.59,3.76,False,NORMAL,NONE
AWS-04,Shimla Highland,2026-08-02T01:15:00+00:00,9.47,787.9,71.31,4.53,5.31,False,NORMAL,NONE
AWS-04,Shimla Highland,2026-08-02T01:30:00+00:00,9.73,787.85,72.81,5.09,2.7,False,NORMAL,NONE
AWS-04,Shimla Highland,2026-08-02T01:45:00+00:00,9.45,787.71,72.95,4.84,5.54,False,NORMAL,NONE
AWS-04,Shimla Highland,2026-08-02T02:00:00+00:00,9.38,786.97,73.3,4.84,6.28,False,NORMAL,NONE
AWS-04,Shimla Highland,2026-08-02T02:15:00+00:00,9.87,787.33,73.35,5.32,4.43,False,NORMAL,NONE
AWS-04,Shimla Highland,2026-08-02T02:30:00+00:00,9.93,786.67,73.04,5.32,2.44,False,NORMAL,NONE
AWS-04,Shimla Highland,2026-08-02T02:45:00+00:00,4.2,789.27,101.2,4.2,3.52,False,GENUINE_WEATHER_EVENT,GENUINE_WEATHER_EVENT
AWS-04,Shimla Highland,2026-08-02T03:00:00+00:00,9.38,786.7,71.69,4.52,2.58,False,NORMAL,NONE
AWS-04,Shimla Highland,2026-08-02T03:15:00+00:00,10.35,786.75,71.86,5.49,0.5,False,NORMAL,NONE
AWS-04,Shimla Highland,2026-08-02T03:30:00+00:00,9.76,786.92,72.86,5.12,5.23,False,NORMAL,NONE
AWS-04,Shimla Highland,2026-08-02T03:45:00+00:00,10.58,786.61,71.25,5.59,4.7,False,NORMAL,NONE
AWS-04,Shimla Highland,2026-08-02T04:00:00+00:00,9.7,786.18,70.23,4.53,6.97,False,NORMAL,NONE
AWS-04,Shimla Highland,2026-08-02T04:15:00+00:00,10.55,786.87,70.47,5.4,4.26,False,NORMAL,NONE
AWS-04,Shimla Highland,2026-08-02T04:30:00+00:00,11.62,786.9,68.76,6.07,5.89,False,NORMAL,NONE
AWS-04,Shimla Highland,2026-08-02T04:45:00+00:00,11.27,787.16,68.42,5.66,2.14,False,NORMAL,NONE
AWS-04,Shimla Highland,2026-08-02T05:00:00+00:00,11.0,787.04,69.58,5.65,3.09,False,NORMAL,NONE
AWS-04,Shimla Highland,2026-08-02T05:15:00+00:00,11.77,787.6,69.97,6.47,2.22,False,NORMAL,NONE
AWS-04,Shimla Highland,2026-08-02T05:30:00+00:00,35.77,787.21,68.06,28.96,3.91,True,ANOMALY,SPIKE
AWS-04,Shimla Highland,2026-08-02T05:45:00+00:00,12.91,787.22,66.41,6.8,6.19,False,NORMAL,NONE
AWS-04,Shimla Highland,2026-08-02T06:00:00+00:00,13.62,787.39,67.18,7.64,2.44,False,NORMAL,NONE
AWS-04,Shimla Highland,2026-08-02T06:15:00+00:00,12.69,787.44,66.38,6.58,6.78,False,NORMAL,NONE
AWS-04,Shimla Highland,2026-08-02T06:30:00+00:00,13.75,787.7,66.4,7.6,3.9,False,NORMAL,NONE
AWS-04,Shimla Highland,2026-08-02T06:45:00+00:00,13.84,787.74,64.79,7.33,3.45,False,NORMAL,NONE
AWS-04,Shimla Highland,2026-08-02T07:00:00+00:00,14.47,788.26,65.93,8.18,5.43,False,NORMAL,NONE
AWS-04,Shimla Highland,2026-08-02T07:15:00+00:00,15.51,788.43,62.48,8.37,4.07,False,NORMAL,NONE
AWS-04,Shimla Highland,2026-08-02T07:30:00+00:00,14.25,788.54,64.6,7.67,4.43,False,NORMAL,NONE
AWS-04,Shimla Highland,2026-08-02T07:45:00+00:00,15.57,788.99,61.56,8.21,3.38,False,NORMAL,NONE
AWS-04,Shimla Highland,2026-08-02T08:00:00+00:00,16.61,788.65,60.21,8.86,5.37,False,NORMAL,NONE
AWS-04,Shimla Highland,2026-08-02T08:15:00+00:00,16.72,788.71,61.69,9.33,4.49,False,NORMAL,NONE
AWS-04,Shimla Highland,2026-08-02T08:30:00+00:00,16.46,788.7,58.38,8.27,2.4,False,NORMAL,NONE
AWS-04,Shimla Highland,2026-08-02T08:45:00+00:00,41.44,788.59,60.07,32.12,3.42,True,ANOMALY,SPIKE
AWS-04,Shimla Highland,2026-08-02T09:00:00+00:00,17.65,788.83,59.81,9.74,3.84,False,NORMAL,NONE
AWS-04,Shimla Highland,2026-08-02T09:15:00+00:00,18.01,789.18,58.9,9.85,3.67,False,NORMAL,NONE
AWS-04,Shimla Highland,2026-08-02T09:30:00+00:00,17.41,789.7,59.23,9.38,2.42,False,NORMAL,NONE
AWS-04,Shimla Highland,2026-08-02T09:45:00+00:00,19.06,788.88,56.14,10.11,3.72,False,NORMAL,NONE
AWS-04,Shimla Highland,2026-08-02T10:00:00+00:00,18.95,789.05,54.68,9.62,4.64,False,NORMAL,NONE
AWS-04,Shimla Highland,2026-08-02T10:15:00+00:00,19.28,789.32,55.4,10.13,6.42,False,NORMAL,NONE
AWS-04,Shimla Highland,2026-08-02T10:30:00+00:00,20.2,789.11,56.97,11.4,6.05,False,NORMAL,NONE
AWS-04,Shimla Highland,2026-08-02T10:45:00+00:00,20.3,789.01,54.93,10.94,3.03,False,NORMAL,NONE
AWS-04,Shimla Highland,2026-08-02T11:00:00+00:00,21.48,788.72,56.18,12.39,5.77,True,ANOMALY,FROZEN_SENSOR
AWS-04,Shimla Highland,2026-08-02T11:15:00+00:00,21.48,788.74,54.75,12.0,2.4,True,ANOMALY,FROZEN_SENSOR
AWS-04,Shimla Highland,2026-08-02T11:30:00+00:00,21.48,788.43,54.03,11.8,7.08,True,ANOMALY,FROZEN_SENSOR
AWS-04,Shimla Highland,2026-08-02T11:45:00+00:00,21.48,788.97,51.47,11.06,6.03,True,ANOMALY,FROZEN_SENSOR
AWS-04,Shimla Highland,2026-08-02T12:00:00+00:00,21.48,788.18,51.69,11.13,3.96,True,ANOMALY,FROZEN_SENSOR
AWS-04,Shimla Highland,2026-08-02T12:15:00+00:00,21.48,788.57,52.37,11.32,3.76,True,ANOMALY,FROZEN_SENSOR
AWS-04,Shimla Highland,2026-08-02T12:30:00+00:00,21.48,788.07,53.4,11.62,1.55,True,ANOMALY,FROZEN_SENSOR
AWS-04,Shimla Highland,2026-08-02T12:45:00+00:00,21.48,788.26,52.98,11.5,3.08,True,ANOMALY,FROZEN_SENSOR
AWS-04,Shimla Highland,2026-08-02T13:00:00+00:00,22.47,788.18,52.09,12.15,4.51,False,NORMAL,NONE
AWS-04,Shimla Highland,2026-08-02T13:15:00+00:00,22.87,787.48,51.37,12.31,7.56,False,NORMAL,NONE
AWS-04,Shimla Highland,2026-08-02T13:30:00+00:00,22.21,787.45,52.39,12.0,4.67,False,NORMAL,NONE
AWS-04,Shimla Highland,2026-08-02T13:45:00+00:00,23.35,787.42,49.97,12.33,3.99,False,NORMAL,NONE
AWS-04,Shimla Highland,2026-08-02T14:00:00+00:00,22.65,787.92,51.81,12.24,3.83,False,NORMAL,NONE
AWS-04,Shimla Highland,2026-08-02T14:15:00+00:00,22.54,787.56,52.06,12.21,2.36,False,NORMAL,NONE
AWS-04,Shimla Highland,2026-08-02T14:30:00+00:00,22.46,786.84,50.72,11.74,4.48,False,NORMAL,NONE
AWS-04,Shimla Highland,2026-08-02T14:45:00+00:00,21.66,786.86,51.55,11.24,4.66,False,NORMAL,NONE
AWS-04,Shimla Highland,2026-08-02T15:00:00+00:00,21.99,786.62,51.45,11.52,3.37,False,NORMAL,NONE
AWS-04,Shimla Highland,2026-08-02T15:15:00+00:00,21.91,786.65,51.87,11.58,1.67,False,NORMAL,NONE
AWS-04,Shimla Highland,2026-08-02T15:30:00+00:00,22.33,786.96,53.54,12.44,1.74,False,NORMAL,NONE
AWS-04,Shimla Highland,2026-08-02T15:45:00+00:00,22.07,786.73,53.75,12.26,7.26,False,NORMAL,NONE
AWS-04,Shimla Highland,2026-08-02T16:00:00+00:00,21.51,786.8,54.8,12.04,4.23,True,ANOMALY,SENSOR_DRIFT
AWS-04,Shimla Highland,2026-08-02T16:15:00+00:00,21.12,787.08,53.61,11.34,4.04,True,ANOMALY,FROZEN_SENSOR
AWS-04,Shimla Highland,2026-08-02T16:30:00+00:00,21.12,786.92,53.97,11.44,5.9,True,ANOMALY,FROZEN_SENSOR
AWS-04,Shimla Highland,2026-08-02T16:45:00+00:00,21.12,787.14,54.35,11.55,4.37,True,ANOMALY,FROZEN_SENSOR
AWS-04,Shimla Highland,2026-08-02T17:00:00+00:00,21.12,786.62,54.22,11.51,3.64,True,ANOMALY,FROZEN_SENSOR
AWS-04,Shimla Highland,2026-08-02T17:15:00+00:00,21.12,787.35,55.5,11.86,4.82,True,ANOMALY,FROZEN_SENSOR
AWS-04,Shimla Highland,2026-08-02T17:30:00+00:00,21.12,787.39,57.23,12.33,4.14,True,ANOMALY,FROZEN_SENSOR
AWS-04,Shimla Highland,2026-08-02T17:45:00+00:00,21.12,787.12,55.39,11.83,3.75,True,ANOMALY,FROZEN_SENSOR
AWS-04,Shimla Highland,2026-08-02T18:00:00+00:00,21.12,787.52,57.81,12.48,3.82,True,ANOMALY,FROZEN_SENSOR
AWS-04,Shimla Highland,2026-08-02T18:15:00+00:00,18.37,787.61,57.22,9.76,6.52,False,NORMAL,NONE
AWS-04,Shimla Highland,2026-08-02T18:30:00+00:00,18.49,787.35,56.31,9.63,4.22,False,NORMAL,NONE
AWS-04,Shimla Highland,2026-08-02T18:45:00+00:00,18.3,788.57,56.06,9.39,6.15,False,NORMAL,NONE
AWS-04,Shimla Highland,2026-08-02T19:00:00+00:00,17.76,787.9,58.83,9.6,3.13,False,NORMAL,NONE
AWS-04,Shimla Highland,2026-08-02T19:15:00+00:00,40.67,787.98,57.85,30.74,2.88,True,ANOMALY,SPIKE
AWS-04,Shimla Highland,2026-08-02T19:30:00+00:00,16.59,788.17,62.85,9.48,3.17,False,NORMAL,NONE
AWS-04,Shimla Highland,2026-08-02T19:45:00+00:00,16.49,788.27,59.98,8.69,2.94,False,NORMAL,NONE
AWS-04,Shimla Highland,2026-08-02T20:00:00+00:00,16.43,788.69,60.51,8.76,2.58,False,NORMAL,NONE
AWS-04,Shimla Highland,2026-08-02T20:15:00+00:00,15.7,788.16,61.58,8.34,4.57,False,NORMAL,NONE
AWS-04,Shimla Highland,2026-08-02T20:30:00+00:00,14.87,789.38,62.61,7.8,5.74,True,ANOMALY,SENSOR_DRIFT
AWS-04,Shimla Highland,2026-08-02T20:45:00+00:00,15.43,788.77,64.31,8.72,3.96,False,NORMAL,NONE
AWS-04,Shimla Highland,2026-08-02T21:00:00+00:00,14.34,788.97,62.49,7.27,4.2,False,NORMAL,NONE
AWS-04,Shimla Highland,2026-08-02T21:15:00+00:00,13.72,789.2,64.73,7.2,4.37,False,NORMAL,NONE
AWS-04,Shimla Highland,2026-08-02T21:30:00+00:00,13.66,788.84,66.22,7.48,5.92,False,NORMAL,NONE
AWS-04,Shimla Highland,2026-08-02T21:45:00+00:00,12.81,789.37,65.93,6.6,4.82,False,NORMAL,NONE
AWS-04,Shimla Highland,2026-08-02T22:00:00+00:00,12.42,789.76,67.44,6.56,3.64,False,NORMAL,NONE
AWS-04,Shimla Highland,2026-08-02T22:15:00+00:00,12.24,789.4,68.83,6.68,5.99,False,NORMAL,NONE
AWS-04,Shimla Highland,2026-08-02T22:30:00+00:00,20.0,789.7,100.0,23.5,4.12,True,ANOMALY,CROSS_SENSOR_INCONSISTENCY
AWS-04,Shimla Highland,2026-08-02T22:45:00+00:00,12.14,789.18,67.42,6.28,2.57,False,NORMAL,NONE
AWS-04,Shimla Highland,2026-08-02T23:00:00+00:00,11.92,788.66,68.62,6.33,1.54,False,NORMAL,NONE
AWS-04,Shimla Highland,2026-08-02T23:15:00+00:00,10.66,789.2,70.32,5.48,3.35,False,NORMAL,NONE
AWS-04,Shimla Highland,2026-08-02T23:30:00+00:00,11.46,788.81,70.59,6.3,5.44,False,NORMAL,NONE
AWS-04,Shimla Highland,2026-08-02T23:45:00+00:00,5.6,790.8,97.19,5.19,5.13,False,GENUINE_WEATHER_EVENT,GENUINE_WEATHER_EVENT
AWS-04,Shimla Highland,2026-08-03T00:00:00+00:00,10.51,788.32,71.64,5.6,2.57,False,NORMAL,NONE
AWS-04,Shimla Highland,2026-08-03T00:15:00+00:00,10.24,788.17,71.09,5.23,6.01,False,NORMAL,NONE
AWS-04,Shimla Highland,2026-08-03T00:30:00+00:00,10.07,788.11,71.66,5.18,6.58,False,NORMAL,NONE
AWS-04,Shimla Highland,2026-08-03T00:45:00+00:00,9.61,788.19,70.15,4.43,2.5,False,NORMAL,NONE
AWS-04,Shimla Highland,2026-08-03T01:00:00+00:00,10.27,788.07,74.01,5.84,3.92,False,NORMAL,NONE
AWS-04,Shimla Highland,2026-08-03T01:15:00+00:00,9.25,787.39,71.13,4.29,4.6,False,NORMAL,NONE
AWS-04,Shimla Highland,2026-08-03T01:30:00+00:00,9.62,787.7,72.02,4.82,5.87,False,NORMAL,NONE
AWS-04,Shimla Highland,2026-08-03T01:45:00+00:00,9.42,787.64,71.79,4.59,5.29,False,NORMAL,NONE
AWS-04,Shimla Highland,2026-08-03T02:00:00+00:00,9.74,788.0,71.82,4.9,4.33,False,NORMAL,NONE
AWS-04,Shimla Highland,2026-08-03T02:15:00+00:00,9.35,787.63,73.52,4.86,5.85,True,ANOMALY,FROZEN_SENSOR
AWS-04,Shimla Highland,2026-08-03T02:30:00+00:00,9.35,787.31,72.22,4.6,4.91,True,ANOMALY,FROZEN_SENSOR
AWS-04,Shimla Highland,2026-08-03T02:45:00+00:00,9.35,787.09,71.69,4.5,3.84,True,ANOMALY,FROZEN_SENSOR
AWS-04,Shimla Highland,2026-08-03T03:00:00+00:00,9.35,786.15,73.3,4.82,3.31,True,ANOMALY,FROZEN_SENSOR
AWS-04,Shimla Highland,2026-08-03T03:15:00+00:00,9.35,787.01,71.43,4.45,3.74,True,ANOMALY,FROZEN_SENSOR
AWS-04,Shimla Highland,2026-08-03T03:30:00+00:00,9.35,786.52,69.81,4.12,4.96,True,ANOMALY,FROZEN_SENSOR
AWS-04,Shimla Highland,2026-08-03T03:45:00+00:00,9.35,786.63,72.37,4.63,5.05,True,ANOMALY,FROZEN_SENSOR
AWS-04,Shimla Highland,2026-08-03T04:00:00+00:00,9.35,786.82,70.88,4.33,2.83,True,ANOMALY,FROZEN_SENSOR
AWS-04,Shimla Highland,2026-08-03T04:15:00+00:00,10.69,787.05,71.82,5.81,6.99,False,NORMAL,NONE
AWS-04,Shimla Highland,2026-08-03T04:30:00+00:00,11.62,787.4,70.67,6.47,3.06,False,NORMAL,NONE
AWS-04,Shimla Highland,2026-08-03T04:45:00+00:00,10.42,786.72,68.71,4.91,2.26,False,NORMAL,NONE
AWS-04,Shimla Highland,2026-08-03T05:00:00+00:00,11.66,786.5,68.28,6.01,3.15,False,NORMAL,NONE
AWS-04,Shimla Highland,2026-08-03T05:15:00+00:00,11.95,786.97,69.19,6.48,4.59,False,NORMAL,NONE
AWS-04,Shimla Highland,2026-08-03T05:30:00+00:00,11.75,787.28,68.03,6.04,5.29,False,NORMAL,NONE
AWS-04,Shimla Highland,2026-08-03T05:45:00+00:00,12.25,787.33,68.14,6.55,3.36,False,NORMAL,NONE
AWS-04,Shimla Highland,2026-08-03T06:00:00+00:00,12.95,787.86,67.7,7.12,0.83,False,NORMAL,NONE
AWS-04,Shimla Highland,2026-08-03T06:15:00+00:00,13.06,787.34,66.93,7.06,5.98,False,NORMAL,NONE
AWS-04,Shimla Highland,2026-08-03T06:30:00+00:00,13.54,788.03,65.22,7.14,3.57,False,NORMAL,NONE
AWS-04,Shimla Highland,2026-08-03T06:45:00+00:00,14.16,787.29,64.45,7.55,1.37,False,NORMAL,NONE
AWS-04,Shimla Highland,2026-08-03T07:00:00+00:00,14.33,787.81,65.76,8.01,5.99,False,NORMAL,NONE
AWS-04,Shimla Highland,2026-08-03T07:15:00+00:00,14.89,788.41,61.87,7.64,4.31,False,NORMAL,NONE
AWS-04,Shimla Highland,2026-08-03T07:30:00+00:00,15.03,788.37,63.83,8.24,4.88,False,NORMAL,NONE
AWS-04,Shimla Highland,2026-08-03T07:45:00+00:00,14.92,788.41,59.8,7.17,4.39,False,NORMAL,NONE
AWS-04,Shimla Highland,2026-08-03T08:00:00+00:00,16.12,788.67,61.89,8.8,1.94,False,NORMAL,NONE
AWS-04,Shimla Highland,2026-08-03T08:15:00+00:00,16.68,788.49,61.92,9.34,1.03,False,NORMAL,NONE
AWS-04,Shimla Highland,2026-08-03T08:30:00+00:00,17.25,789.27,61.91,9.88,7.4,False,NORMAL,NONE
AWS-04,Shimla Highland,2026-08-03T08:45:00+00:00,16.84,788.6,60.85,9.23,4.14,False,NORMAL,NONE
AWS-04,Shimla Highland,2026-08-03T09:00:00+00:00,17.92,789.19,58.88,9.77,4.6,False,NORMAL,NONE
AWS-04,Shimla Highland,2026-08-03T09:15:00+00:00,18.57,771.3,60.46,10.77,4.74,True,ANOMALY,SPIKE
AWS-04,Shimla Highland,2026-08-03T09:30:00+00:00,18.22,789.13,57.36,9.66,1.82,False,NORMAL,NONE
AWS-04,Shimla Highland,2026-08-03T09:45:00+00:00,18.16,789.07,58.73,9.95,2.8,False,NORMAL,NONE
AWS-04,Shimla Highland,2026-08-03T10:00:00+00:00,19.17,788.74,56.25,10.25,5.29,False,NORMAL,NONE
AWS-04,Shimla Highland,2026-08-03T10:15:00+00:00,19.51,788.83,57.39,10.87,3.98,False,NORMAL,NONE
AWS-04,Shimla Highland,2026-08-03T10:30:00+00:00,19.86,789.27,54.62,10.45,2.88,False,NORMAL,NONE
AWS-04,Shimla Highland,2026-08-03T10:45:00+00:00,19.87,789.61,54.25,10.36,1.91,False,NORMAL,NONE
AWS-04,Shimla Highland,2026-08-03T11:00:00+00:00,20.9,788.97,55.01,11.52,5.29,False,NORMAL,NONE
AWS-04,Shimla Highland,2026-08-03T11:15:00+00:00,20.83,789.14,53.2,10.96,4.81,False,NORMAL,NONE
AWS-04,Shimla Highland,2026-08-03T11:30:00+00:00,21.08,789.32,52.35,10.94,4.74,False,NORMAL,NONE
AWS-04,Shimla Highland,2026-08-03T11:45:00+00:00,16.19,791.02,80.1,12.75,4.31,False,GENUINE_WEATHER_EVENT,GENUINE_WEATHER_EVENT
AWS-04,Shimla Highland,2026-08-03T12:00:00+00:00,21.49,789.02,51.58,11.1,5.15,False,NORMAL,NONE
AWS-04,Shimla Highland,2026-08-03T12:15:00+00:00,21.7,787.86,49.23,10.59,5.8,False,NORMAL,NONE
AWS-04,Shimla Highland,2026-08-03T12:30:00+00:00,22.56,788.83,50.36,11.72,5.34,False,NORMAL,NONE
AWS-04,Shimla Highland,2026-08-03T12:45:00+00:00,21.76,788.08,54.08,12.07,4.11,False,NORMAL,NONE
AWS-04,Shimla Highland,2026-08-03T13:00:00+00:00,22.43,788.18,52.38,12.21,5.52,False,NORMAL,NONE
AWS-04,Shimla Highland,2026-08-03T13:15:00+00:00,22.7,787.79,53.0,12.63,4.35,False,NORMAL,NONE
AWS-04,Shimla Highland,2026-08-03T13:30:00+00:00,17.2,790.11,80.57,13.83,3.0,False,GENUINE_WEATHER_EVENT,GENUINE_WEATHER_EVENT
AWS-04,Shimla Highland,2026-08-03T13:45:00+00:00,22.16,787.44,52.06,11.86,4.0,False,NORMAL,NONE
AWS-04,Shimla Highland,2026-08-03T14:00:00+00:00,22.38,787.45,52.02,12.05,2.1,False,NORMAL,NONE
AWS-04,Shimla Highland,2026-08-03T14:15:00+00:00,21.65,787.49,50.95,11.06,3.56,False,NORMAL,NONE
AWS-04,Shimla Highland,2026-08-03T14:30:00+00:00,22.28,787.22,52.58,12.12,3.88,False,NORMAL,NONE
AWS-04,Shimla Highland,2026-08-03T14:45:00+00:00,22.44,786.78,51.51,11.95,4.61,False,NORMAL,NONE
AWS-04,Shimla Highland,2026-08-03T15:00:00+00:00,22.55,786.53,50.72,11.83,4.0,True,ANOMALY,FROZEN_SENSOR
AWS-04,Shimla Highland,2026-08-03T15:15:00+00:00,22.55,786.98,51.23,11.98,1.09,True,ANOMALY,FROZEN_SENSOR
AWS-04,Shimla Highland,2026-08-03T15:30:00+00:00,22.55,786.83,51.49,12.05,2.82,True,ANOMALY,FROZEN_SENSOR
AWS-04,Shimla Highland,2026-08-03T15:45:00+00:00,22.55,786.45,53.54,12.65,3.74,True,ANOMALY,FROZEN_SENSOR
AWS-04,Shimla Highland,2026-08-03T16:00:00+00:00,22.55,786.97,54.58,12.94,2.46,True,ANOMALY,FROZEN_SENSOR
AWS-04,Shimla Highland,2026-08-03T16:15:00+00:00,22.55,787.18,53.51,12.64,5.15,True,ANOMALY,FROZEN_SENSOR
AWS-04,Shimla Highland,2026-08-03T16:30:00+00:00,22.55,786.49,53.42,12.62,4.54,True,ANOMALY,FROZEN_SENSOR
AWS-04,Shimla Highland,2026-08-03T16:45:00+00:00,22.55,786.64,54.36,12.88,4.17,True,ANOMALY,FROZEN_SENSOR
AWS-04,Shimla Highland,2026-08-03T17:00:00+00:00,20.53,786.97,54.74,11.11,1.97,False,NORMAL,NONE
AWS-04,Shimla Highland,2026-08-03T17:15:00+00:00,20.59,786.74,55.48,11.37,3.98,False,NORMAL,NONE
AWS-04,Shimla Highland,2026-08-03T17:30:00+00:00,20.09,787.18,55.25,10.84,4.37,False,NORMAL,NONE
AWS-04,Shimla Highland,2026-08-03T17:45:00+00:00,19.68,787.3,55.37,10.49,3.71,False,NORMAL,NONE
AWS-04,Shimla Highland,2026-08-03T18:00:00+00:00,18.92,787.49,57.87,10.44,3.46,False,NORMAL,NONE
AWS-04,Shimla Highland,2026-08-03T18:15:00+00:00,19.15,788.17,56.97,10.42,4.33,False,NORMAL,NONE
AWS-04,Shimla Highland,2026-08-03T18:30:00+00:00,18.42,787.35,59.69,10.43,3.12,False,NORMAL,NONE
AWS-04,Shimla Highland,2026-08-03T18:45:00+00:00,17.96,787.34,57.14,9.35,4.89,False,NORMAL,NONE
AWS-04,Shimla Highland,2026-08-03T19:00:00+00:00,18.03,787.97,57.4,9.49,5.08,False,NORMAL,NONE
AWS-04,Shimla Highland,2026-08-03T19:15:00+00:00,17.5,787.93,61.93,10.12,5.69,False,NORMAL,NONE
AWS-04,Shimla Highland,2026-08-03T19:30:00+00:00,16.45,788.34,62.45,9.25,4.58,False,NORMAL,NONE
AWS-04,Shimla Highland,2026-08-03T19:45:00+00:00,16.28,789.05,63.01,9.23,3.7,False,NORMAL,NONE
AWS-04,Shimla Highland,2026-08-03T20:00:00+00:00,15.9,788.69,60.98,8.39,1.25,False,NORMAL,NONE
AWS-04,Shimla Highland,2026-08-03T20:15:00+00:00,14.96,788.44,63.19,8.02,0.51,False,NORMAL,NONE
AWS-04,Shimla Highland,2026-08-03T20:30:00+00:00,14.82,788.2,63.76,8.01,5.3,False,NORMAL,NONE
AWS-04,Shimla Highland,2026-08-03T20:45:00+00:00,15.14,788.68,64.95,8.59,5.09,False,NORMAL,NONE
AWS-04,Shimla Highland,2026-08-03T21:00:00+00:00,14.17,789.14,63.76,7.4,4.03,False,NORMAL,NONE
AWS-04,Shimla Highland,2026-08-03T21:15:00+00:00,13.47,788.7,65.39,7.11,4.35,False,NORMAL,NONE
AWS-04,Shimla Highland,2026-08-03T21:30:00+00:00,13.75,789.38,66.52,7.62,5.73,False,NORMAL,NONE
AWS-04,Shimla Highland,2026-08-03T21:45:00+00:00,12.85,789.18,65.39,6.51,3.25,False,NORMAL,NONE
AWS-04,Shimla Highland,2026-08-03T22:00:00+00:00,13.21,788.89,66.53,7.11,3.38,False,NORMAL,NONE
AWS-04,Shimla Highland,2026-08-03T22:15:00+00:00,12.26,789.03,67.93,6.51,2.42,False,NORMAL,NONE
AWS-04,Shimla Highland,2026-08-03T22:30:00+00:00,11.6,789.7,67.45,5.78,3.71,False,NORMAL,NONE
AWS-04,Shimla Highland,2026-08-03T22:45:00+00:00,12.02,789.02,68.95,6.49,2.37,False,NORMAL,NONE
AWS-04,Shimla Highland,2026-08-03T23:00:00+00:00,11.29,788.83,68.57,5.71,4.54,False,NORMAL,NONE
AWS-04,Shimla Highland,2026-08-03T23:15:00+00:00,11.33,788.48,68.48,5.74,3.21,False,NORMAL,NONE
AWS-04,Shimla Highland,2026-08-03T23:30:00+00:00,10.72,788.99,73.3,6.13,5.45,True,ANOMALY,SENSOR_DRIFT
AWS-04,Shimla Highland,2026-08-03T23:45:00+00:00,10.67,788.81,72.16,5.86,2.54,False,NORMAL,NONE
AWS-04,Shimla Highland,2026-08-04T00:00:00+00:00,10.14,788.63,69.77,4.87,4.11,False,NORMAL,NONE
AWS-04,Shimla Highland,2026-08-04T00:15:00+00:00,11.02,788.35,70.33,5.82,4.17,False,NORMAL,NONE
AWS-04,Shimla Highland,2026-08-04T00:30:00+00:00,10.42,787.84,71.61,5.51,3.77,False,NORMAL,NONE
AWS-04,Shimla Highland,2026-08-04T00:45:00+00:00,10.02,787.86,72.4,5.28,5.49,False,NORMAL,NONE
AWS-04,Shimla Highland,2026-08-04T01:00:00+00:00,9.79,788.1,74.11,5.4,5.83,False,NORMAL,NONE
AWS-04,Shimla Highland,2026-08-04T01:15:00+00:00,8.83,787.92,73.85,4.42,3.02,False,NORMAL,NONE
AWS-04,Shimla Highland,2026-08-04T01:30:00+00:00,9.78,788.21,72.21,5.01,2.26,False,NORMAL,NONE
AWS-04,Shimla Highland,2026-08-04T01:45:00+00:00,20.0,787.61,100.0,23.5,2.19,True,ANOMALY,CROSS_SENSOR_INCONSISTENCY
AWS-04,Shimla Highland,2026-08-04T02:00:00+00:00,9.87,787.39,73.27,5.3,4.72,False,NORMAL,NONE
AWS-04,Shimla Highland,2026-08-04T02:15:00+00:00,9.48,787.15,71.44,4.57,5.46,False,NORMAL,NONE
AWS-04,Shimla Highland,2026-08-04T02:30:00+00:00,9.72,787.39,73.48,5.2,4.32,False,NORMAL,NONE
AWS-04,Shimla Highland,2026-08-04T02:45:00+00:00,8.79,787.32,72.51,4.11,5.08,False,NORMAL,NONE
AWS-04,Shimla Highland,2026-08-04T03:00:00+00:00,9.51,787.21,72.7,4.85,4.72,False,NORMAL,NONE
AWS-04,Shimla Highland,2026-08-04T03:15:00+00:00,9.4,787.04,72.56,4.72,5.32,False,NORMAL,NONE
AWS-04,Shimla Highland,2026-08-04T03:30:00+00:00,9.86,786.78,73.47,5.34,2.77,False,NORMAL,NONE
AWS-04,Shimla Highland,2026-08-04T03:45:00+00:00,10.76,787.23,71.45,5.8,4.56,False,NORMAL,NONE
AWS-04,Shimla Highland,2026-08-04T04:00:00+00:00,10.09,786.44,70.3,4.92,1.93,True,ANOMALY,FROZEN_SENSOR
AWS-04,Shimla Highland,2026-08-04T04:15:00+00:00,10.09,786.9,70.52,4.97,5.82,True,ANOMALY,FROZEN_SENSOR
AWS-04,Shimla Highland,2026-08-04T04:30:00+00:00,10.09,786.64,70.35,4.93,2.64,True,ANOMALY,FROZEN_SENSOR
AWS-04,Shimla Highland,2026-08-04T04:45:00+00:00,10.09,786.86,66.97,4.23,3.0,True,ANOMALY,FROZEN_SENSOR
AWS-04,Shimla Highland,2026-08-04T05:00:00+00:00,10.09,786.92,67.82,4.41,1.58,True,ANOMALY,FROZEN_SENSOR
AWS-04,Shimla Highland,2026-08-04T05:15:00+00:00,10.09,787.38,68.97,4.65,5.14,True,ANOMALY,FROZEN_SENSOR
AWS-04,Shimla Highland,2026-08-04T05:30:00+00:00,11.92,787.17,67.42,6.07,4.4,True,ANOMALY,FROZEN_SENSOR
AWS-04,Shimla Highland,2026-08-04T05:45:00+00:00,11.92,787.26,67.2,6.02,2.76,True,ANOMALY,FROZEN_SENSOR
AWS-04,Shimla Highland,2026-08-04T06:00:00+00:00,11.92,787.65,68.85,6.38,1.98,True,ANOMALY,FROZEN_SENSOR
AWS-04,Shimla Highland,2026-08-04T06:15:00+00:00,11.92,787.54,66.67,5.91,3.68,True,ANOMALY,FROZEN_SENSOR
AWS-04,Shimla Highland,2026-08-04T06:30:00+00:00,11.92,787.49,65.83,5.73,2.19,True,ANOMALY,FROZEN_SENSOR
AWS-04,Shimla Highland,2026-08-04T06:45:00+00:00,11.92,788.23,66.35,5.84,2.61,True,ANOMALY,FROZEN_SENSOR
AWS-04,Shimla Highland,2026-08-04T07:00:00+00:00,11.92,787.81,64.86,5.51,3.18,True,ANOMALY,FROZEN_SENSOR
AWS-04,Shimla Highland,2026-08-04T07:15:00+00:00,11.92,787.77,63.3,5.16,4.13,True,ANOMALY,FROZEN_SENSOR
AWS-04,Shimla Highland,2026-08-04T07:30:00+00:00,15.2,787.98,65.76,8.84,1.58,False,NORMAL,NONE
AWS-04,Shimla Highland,2026-08-04T07:45:00+00:00,15.38,788.13,63.36,8.45,3.89,False,NORMAL,NONE
AWS-04,Shimla Highland,2026-08-04T08:00:00+00:00,16.23,788.78,63.6,9.31,2.93,False,NORMAL,NONE
AWS-04,Shimla Highland,2026-08-04T08:15:00+00:00,16.23,788.54,61.56,8.84,5.11,False,NORMAL,NONE
AWS-04,Shimla Highland,2026-08-04T08:30:00+00:00,16.95,788.97,59.64,9.04,3.92,False,NORMAL,NONE
AWS-04,Shimla Highland,2026-08-04T08:45:00+00:00,17.22,789.14,58.97,9.13,4.24,False,NORMAL,NONE
AWS-04,Shimla Highland,2026-08-04T09:00:00+00:00,16.93,789.15,60.07,9.13,1.89,False,NORMAL,NONE
AWS-04,Shimla Highland,2026-08-04T09:15:00+00:00,18.27,788.81,58.93,10.1,0.5,True,ANOMALY,SENSOR_DRIFT
AWS-04,Shimla Highland,2026-08-04T09:30:00+00:00,18.51,789.01,60.64,10.76,3.47,False,NORMAL,NONE
AWS-04,Shimla Highland,2026-08-04T09:45:00+00:00,18.92,789.57,57.5,10.34,3.66,False,NORMAL,NONE
AWS-04,Shimla Highland,2026-08-04T10:00:00+00:00,18.93,788.82,56.82,10.17,3.01,False,NORMAL,NONE
AWS-04,Shimla Highland,2026-08-04T10:15:00+00:00,19.77,789.13,54.58,10.36,2.37,False,NORMAL,NONE
AWS-04,Shimla Highland,2026-08-04T10:30:00+00:00,20.28,789.22,56.49,11.35,1.49,False,NORMAL,NONE
AWS-04,Shimla Highland,2026-08-04T10:45:00+00:00,19.82,789.21,55.23,10.58,2.69,False,NORMAL,NONE
AWS-04,Shimla Highland,2026-08-04T11:00:00+00:00,20.83,789.13,54.53,11.33,3.84,False,NORMAL,NONE
AWS-04,Shimla Highland,2026-08-04T11:15:00+00:00,20.55,789.2,55.32,11.29,3.79,False,NORMAL,NONE
AWS-04,Shimla Highland,2026-08-04T11:30:00+00:00,21.17,788.74,52.45,11.06,3.38,False,NORMAL,NONE
AWS-04,Shimla Highland,2026-08-04T11:45:00+00:00,21.22,788.44,53.71,11.46,4.79,False,NORMAL,NONE
AWS-04,Shimla Highland,2026-08-04T12:00:00+00:00,21.64,788.45,52.77,11.58,1.87,False,NORMAL,NONE
AWS-04,Shimla Highland,2026-08-04T12:15:00+00:00,21.58,788.21,52.6,11.48,3.28,False,NORMAL,NONE
AWS-04,Shimla Highland,2026-08-04T12:30:00+00:00,22.4,788.61,52.91,12.33,5.2,False,NORMAL,NONE
AWS-04,Shimla Highland,2026-08-04T12:45:00+00:00,22.4,788.49,51.71,11.98,3.24,False,NORMAL,NONE
AWS-04,Shimla Highland,2026-08-04T13:00:00+00:00,22.34,788.5,52.01,12.01,2.84,False,NORMAL,NONE
AWS-04,Shimla Highland,2026-08-04T13:15:00+00:00,23.09,788.15,51.58,12.58,5.48,False,NORMAL,NONE
AWS-04,Shimla Highland,2026-08-04T13:30:00+00:00,22.7,787.59,52.29,12.43,4.41,False,NORMAL,NONE
AWS-04,Shimla Highland,2026-08-04T13:45:00+00:00,22.83,787.05,53.64,12.94,3.38,False,NORMAL,NONE
AWS-04,Shimla Highland,2026-08-04T14:00:00+00:00,22.5,787.09,52.24,12.22,2.81,False,NORMAL,NONE
AWS-04,Shimla Highland,2026-08-04T14:15:00+00:00,22.36,787.82,52.42,12.15,3.37,False,NORMAL,NONE
AWS-04,Shimla Highland,2026-08-04T14:30:00+00:00,22.57,787.36,52.56,12.38,3.07,False,NORMAL,NONE
AWS-04,Shimla Highland,2026-08-04T14:45:00+00:00,22.01,787.15,52.63,11.89,3.15,False,NORMAL,NONE
AWS-04,Shimla Highland,2026-08-04T15:00:00+00:00,22.28,786.63,52.72,12.16,2.79,False,NORMAL,NONE
AWS-04,Shimla Highland,2026-08-04T15:15:00+00:00,22.57,786.81,51.92,12.19,4.17,False,NORMAL,NONE
AWS-04,Shimla Highland,2026-08-04T15:30:00+00:00,20.99,786.71,52.47,10.9,3.8,False,NORMAL,NONE
AWS-04,Shimla Highland,2026-08-04T15:45:00+00:00,22.13,786.45,51.08,11.55,1.71,False,NORMAL,NONE
AWS-04,Shimla Highland,2026-08-04T16:00:00+00:00,22.02,787.05,52.37,11.82,5.17,False,NORMAL,NONE
AWS-04,Shimla Highland,2026-08-04T16:15:00+00:00,21.5,786.94,52.41,11.35,3.97,False,NORMAL,NONE
AWS-04,Shimla Highland,2026-08-04T16:30:00+00:00,21.83,786.88,50.87,11.21,3.51,False,NORMAL,NONE
AWS-04,Shimla Highland,2026-08-04T16:45:00+00:00,21.01,787.27,53.14,11.11,6.45,False,NORMAL,NONE
AWS-04,Shimla Highland,2026-08-04T17:00:00+00:00,20.42,786.48,55.68,11.26,4.69,False,NORMAL,NONE
AWS-04,Shimla Highland,2026-08-04T17:15:00+00:00,20.9,786.97,55.38,11.62,4.06,False,NORMAL,NONE
AWS-04,Shimla Highland,2026-08-04T17:30:00+00:00,19.42,787.01,57.09,10.7,3.58,False,NORMAL,NONE
AWS-04,Shimla Highland,2026-08-04T17:45:00+00:00,19.55,787.35,57.5,10.94,3.51,False,NORMAL,NONE
AWS-04,Shimla Highland,2026-08-04T18:00:00+00:00,19.91,787.21,56.41,10.98,5.96,False,NORMAL,NONE
AWS-04,Shimla Highland,2026-08-04T18:15:00+00:00,19.7,786.86,60.41,11.82,5.37,False,NORMAL,NONE
AWS-04,Shimla Highland,2026-08-04T18:30:00+00:00,17.5,787.83,58.0,9.15,4.01,False,NORMAL,NONE
AWS-04,Shimla Highland,2026-08-04T18:45:00+00:00,17.74,788.02,58.66,9.54,5.95,False,NORMAL,NONE
AWS-04,Shimla Highland,2026-08-04T19:00:00+00:00,18.18,787.31,59.6,10.19,3.9,False,NORMAL,NONE
AWS-04,Shimla Highland,2026-08-04T19:15:00+00:00,17.66,788.32,61.59,10.19,4.9,False,NORMAL,NONE
AWS-04,Shimla Highland,2026-08-04T19:30:00+00:00,16.49,788.21,60.85,8.91,5.99,False,NORMAL,NONE
AWS-04,Shimla Highland,2026-08-04T19:45:00+00:00,15.93,788.64,60.02,8.18,4.06,False,NORMAL,NONE
AWS-04,Shimla Highland,2026-08-04T20:00:00+00:00,15.72,788.55,61.97,8.45,5.58,False,NORMAL,NONE
AWS-04,Shimla Highland,2026-08-04T20:15:00+00:00,16.06,788.66,60.83,8.5,3.21,False,NORMAL,NONE
AWS-04,Shimla Highland,2026-08-04T20:30:00+00:00,14.96,789.21,64.06,8.22,5.18,False,NORMAL,NONE
AWS-04,Shimla Highland,2026-08-04T20:45:00+00:00,15.15,788.59,62.16,7.96,4.8,False,NORMAL,NONE
AWS-04,Shimla Highland,2026-08-04T21:00:00+00:00,13.88,789.09,64.55,7.3,4.86,False,NORMAL,NONE
AWS-04,Shimla Highland,2026-08-04T21:15:00+00:00,14.48,789.07,67.72,8.59,1.72,False,NORMAL,NONE
AWS-04,Shimla Highland,2026-08-04T21:30:00+00:00,14.13,789.18,65.96,7.86,3.45,False,NORMAL,NONE
AWS-04,Shimla Highland,2026-08-04T21:45:00+00:00,13.4,788.72,67.47,7.49,3.25,False,NORMAL,NONE
AWS-04,Shimla Highland,2026-08-04T22:00:00+00:00,12.46,789.33,66.35,6.36,0.5,False,NORMAL,NONE
AWS-04,Shimla Highland,2026-08-04T22:15:00+00:00,12.18,788.76,69.2,6.7,6.08,False,NORMAL,NONE
AWS-04,Shimla Highland,2026-08-04T22:30:00+00:00,11.94,789.27,68.17,6.26,1.36,False,NORMAL,NONE
AWS-04,Shimla Highland,2026-08-04T22:45:00+00:00,12.57,789.19,66.53,6.5,4.57,False,NORMAL,NONE
AWS-04,Shimla Highland,2026-08-04T23:00:00+00:00,11.38,789.17,70.84,6.27,4.71,False,NORMAL,NONE
AWS-04,Shimla Highland,2026-08-04T23:15:00+00:00,11.65,789.43,69.12,6.18,2.17,False,NORMAL,NONE
AWS-04,Shimla Highland,2026-08-04T23:30:00+00:00,10.54,789.52,71.36,5.58,1.0,False,NORMAL,NONE
AWS-04,Shimla Highland,2026-08-04T23:45:00+00:00,20.0,788.9,100.0,23.5,3.52,True,ANOMALY,CROSS_SENSOR_INCONSISTENCY
AWS-04,Shimla Highland,2026-08-05T00:00:00+00:00,10.64,788.45,70.69,5.54,6.2,False,NORMAL,NONE
AWS-04,Shimla Highland,2026-08-05T00:15:00+00:00,9.93,788.46,71.25,4.96,1.38,False,NORMAL,NONE
AWS-04,Shimla Highland,2026-08-05T00:30:00+00:00,10.61,788.59,72.22,5.81,6.57,False,NORMAL,NONE
AWS-04,Shimla Highland,2026-08-05T00:45:00+00:00,9.82,787.95,70.42,4.69,1.24,False,NORMAL,NONE
AWS-04,Shimla Highland,2026-08-05T01:00:00+00:00,9.42,787.54,69.72,4.17,3.41,True,ANOMALY,SENSOR_DRIFT
AWS-04,Shimla Highland,2026-08-05T01:15:00+00:00,9.49,787.91,71.73,4.64,3.94,False,NORMAL,NONE
AWS-04,Shimla Highland,2026-08-05T01:30:00+00:00,9.65,787.78,73.97,5.23,2.92,False,NORMAL,NONE
AWS-04,Shimla Highland,2026-08-05T01:45:00+00:00,9.82,787.47,72.72,5.15,2.87,False,NORMAL,NONE
AWS-04,Shimla Highland,2026-08-05T02:00:00+00:00,9.15,787.4,72.21,4.4,4.58,False,NORMAL,NONE
AWS-04,Shimla Highland,2026-08-05T02:15:00+00:00,8.99,787.12,69.61,3.73,4.08,False,NORMAL,NONE
AWS-04,Shimla Highland,2026-08-05T02:30:00+00:00,9.89,787.63,70.16,4.7,3.93,True,ANOMALY,SENSOR_DRIFT
AWS-04,Shimla Highland,2026-08-05T02:45:00+00:00,9.64,786.88,74.25,5.28,4.47,False,NORMAL,NONE
AWS-04,Shimla Highland,2026-08-05T03:00:00+00:00,9.52,787.08,72.86,4.89,2.41,False,NORMAL,NONE
AWS-04,Shimla Highland,2026-08-05T03:15:00+00:00,9.1,787.09,73.03,4.52,5.18,True,ANOMALY,FROZEN_SENSOR
AWS-04,Shimla Highland,2026-08-05T03:30:00+00:00,9.1,787.2,72.15,4.34,3.77,True,ANOMALY,FROZEN_SENSOR
AWS-04,Shimla Highland,2026-08-05T03:45:00+00:00,9.1,787.38,69.44,3.8,2.09,True,ANOMALY,FROZEN_SENSOR
AWS-04,Shimla Highland,2026-08-05T04:00:00+00:00,9.1,786.5,70.42,4.0,3.24,True,ANOMALY,FROZEN_SENSOR
AWS-04,Shimla Highland,2026-08-05T04:15:00+00:00,9.1,787.12,69.26,3.76,5.13,True,ANOMALY,FROZEN_SENSOR
AWS-04,Shimla Highland,2026-08-05T04:30:00+00:00,9.1,786.64,69.62,3.84,1.88,True,ANOMALY,FROZEN_SENSOR
AWS-04,Shimla Highland,2026-08-05T04:45:00+00:00,9.1,787.04,70.25,3.96,2.88,True,ANOMALY,FROZEN_SENSOR
AWS-04,Shimla Highland,2026-08-05T05:00:00+00:00,9.1,787.03,70.78,4.07,2.75,True,ANOMALY,FROZEN_SENSOR
AWS-04,Shimla Highland,2026-08-05T05:15:00+00:00,11.63,786.82,69.38,6.21,3.36,False,NORMAL,NONE
AWS-04,Shimla Highland,2026-08-05T05:30:00+00:00,11.95,787.02,67.37,6.09,2.18,False,NORMAL,NONE
AWS-04,Shimla Highland,2026-08-05T05:45:00+00:00,12.73,787.28,65.96,6.53,4.42,False,NORMAL,NONE
AWS-04,Shimla Highland,2026-08-05T06:00:00+00:00,12.84,787.81,67.07,6.88,5.49,False,NORMAL,NONE
AWS-04,Shimla Highland,2026-08-05T06:15:00+00:00,13.73,787.87,67.12,7.74,2.65,False,NORMAL,NONE
AWS-04,Shimla Highland,2026-08-05T06:30:00+00:00,14.26,787.4,65.46,7.88,2.94,False,NORMAL,NONE
AWS-04,Shimla Highland,2026-08-05T06:45:00+00:00,14.05,787.77,65.98,7.79,3.14,False,NORMAL,NONE
AWS-04,Shimla Highland,2026-08-05T07:00:00+00:00,20.0,787.52,100.0,23.5,5.54,True,ANOMALY,CROSS_SENSOR_INCONSISTENCY
AWS-04,Shimla Highland,2026-08-05T07:15:00+00:00,14.29,787.73,66.16,8.06,1.58,False,NORMAL,NONE
AWS-04,Shimla Highland,2026-08-05T07:30:00+00:00,15.34,789.01,64.89,8.77,2.94,False,NORMAL,NONE
AWS-04,Shimla Highland,2026-08-05T07:45:00+00:00,15.61,788.37,63.36,8.67,0.84,False,NORMAL,NONE
AWS-04,Shimla Highland,2026-08-05T08:00:00+00:00,15.89,788.43,61.08,8.4,5.66,False,NORMAL,NONE
AWS-04,Shimla Highland,2026-08-05T08:15:00+00:00,16.15,788.67,60.91,8.6,4.17,False,NORMAL,NONE
AWS-04,Shimla Highland,2026-08-05T08:30:00+00:00,16.89,788.46,60.39,9.17,4.31,False,NORMAL,NONE
AWS-04,Shimla Highland,2026-08-05T08:45:00+00:00,17.06,789.02,58.49,8.85,5.89,False,NORMAL,NONE
AWS-04,Shimla Highland,2026-08-05T09:00:00+00:00,18.46,788.95,59.14,10.34,1.72,False,NORMAL,NONE
AWS-04,Shimla Highland,2026-08-05T09:15:00+00:00,18.36,788.86,59.32,10.29,6.66,False,NORMAL,NONE
AWS-04,Shimla Highland,2026-08-05T09:30:00+00:00,18.52,788.71,59.09,10.38,3.84,False,NORMAL,NONE
AWS-04,Shimla Highland,2026-08-05T09:45:00+00:00,19.1,789.47,60.39,11.25,4.92,False,NORMAL,NONE
AWS-04,Shimla Highland,2026-08-05T10:00:00+00:00,19.92,789.19,55.69,10.8,6.41,False,NORMAL,NONE
AWS-04,Shimla Highland,2026-08-05T10:15:00+00:00,20.16,789.41,54.53,10.7,4.51,False,NORMAL,NONE
AWS-04,Shimla Highland,2026-08-05T10:30:00+00:00,20.17,788.71,55.83,11.07,1.97,False,NORMAL,NONE
AWS-04,Shimla Highland,2026-08-05T10:45:00+00:00,19.77,788.7,56.26,10.82,4.0,False,NORMAL,NONE
AWS-04,Shimla Highland,2026-08-05T11:00:00+00:00,20.16,789.4,55.69,11.03,3.86,False,NORMAL,NONE
AWS-04,Shimla Highland,2026-08-05T11:15:00+00:00,20.82,789.33,52.03,10.61,4.13,False,NORMAL,NONE
AWS-04,Shimla Highland,2026-08-05T11:30:00+00:00,21.18,788.47,52.89,11.19,4.29,False,NORMAL,NONE
AWS-04,Shimla Highland,2026-08-05T11:45:00+00:00,20.0,788.6,100.0,23.5,2.79,True,ANOMALY,CROSS_SENSOR_INCONSISTENCY
AWS-04,Shimla Highland,2026-08-05T12:00:00+00:00,21.3,788.18,53.6,11.5,3.5,False,NORMAL,NONE
AWS-04,Shimla Highland,2026-08-05T12:15:00+00:00,21.89,788.04,51.66,11.49,3.83,False,NORMAL,NONE
AWS-04,Shimla Highland,2026-08-05T12:30:00+00:00,21.62,788.73,52.7,11.54,2.12,False,NORMAL,NONE
AWS-04,Shimla Highland,2026-08-05T12:45:00+00:00,15.91,789.75,80.05,12.48,6.24,False,GENUINE_WEATHER_EVENT,GENUINE_WEATHER_EVENT
AWS-04,Shimla Highland,2026-08-05T13:00:00+00:00,22.39,788.11,52.16,12.09,3.64,False,NORMAL,NONE
AWS-04,Shimla Highland,2026-08-05T13:15:00+00:00,22.52,787.81,50.94,11.86,3.76,False,NORMAL,NONE
AWS-04,Shimla Highland,2026-08-05T13:30:00+00:00,17.76,789.69,81.96,14.64,4.85,False,GENUINE_WEATHER_EVENT,GENUINE_WEATHER_EVENT
AWS-04,Shimla Highland,2026-08-05T13:45:00+00:00,22.76,787.2,49.68,11.7,5.57,False,NORMAL,NONE
AWS-04,Shimla Highland,2026-08-05T14:00:00+00:00,22.48,786.93,52.35,12.24,1.06,False,NORMAL,NONE
AWS-04,Shimla Highland,2026-08-05T14:15:00+00:00,22.43,787.52,48.41,11.01,5.87,False,NORMAL,NONE
AWS-04,Shimla Highland,2026-08-05T14:30:00+00:00,40.08,787.64,53.01,28.68,4.55,True,ANOMALY,SPIKE
AWS-04,Shimla Highland,2026-08-05T14:45:00+00:00,22.49,787.0,51.11,11.89,4.14,False,NORMAL,NONE
AWS-04,Shimla Highland,2026-08-05T15:00:00+00:00,22.39,786.79,52.83,12.3,2.61,False,NORMAL,NONE
AWS-04,Shimla Highland,2026-08-05T15:15:00+00:00,22.27,787.11,52.41,12.06,5.23,False,NORMAL,NONE
AWS-04,Shimla Highland,2026-08-05T15:30:00+00:00,21.32,786.63,52.58,11.24,2.02,False,NORMAL,NONE
AWS-04,Shimla Highland,2026-08-05T15:45:00+00:00,21.86,786.88,52.4,11.68,2.81,False,NORMAL,NONE
AWS-04,Shimla Highland,2026-08-05T16:00:00+00:00,22.12,787.27,50.98,11.5,3.18,False,NORMAL,NONE
AWS-04,Shimla Highland,2026-08-05T16:15:00+00:00,20.44,786.73,54.1,10.85,3.18,False,NORMAL,NONE
AWS-04,Shimla Highland,2026-08-05T16:30:00+00:00,20.42,786.61,54.25,10.87,4.31,False,NORMAL,NONE
AWS-04,Shimla Highland,2026-08-05T16:45:00+00:00,21.03,787.03,55.32,11.73,4.58,False,NORMAL,NONE
AWS-04,Shimla Highland,2026-08-05T17:00:00+00:00,20.22,787.15,56.6,11.32,3.4,False,NORMAL,NONE
AWS-04,Shimla Highland,2026-08-05T17:15:00+00:00,20.46,786.42,52.01,10.27,5.35,False,NORMAL,NONE
AWS-04,Shimla Highland,2026-08-05T17:30:00+00:00,19.73,787.43,54.18,10.21,2.84,False,NORMAL,NONE
AWS-04,Shimla Highland,2026-08-05T17:45:00+00:00,19.23,786.75,56.8,10.45,3.97,False,NORMAL,NONE
AWS-04,Shimla Highland,2026-08-05T18:00:00+00:00,19.06,787.11,59.89,11.09,5.56,False,NORMAL,NONE
AWS-04,Shimla Highland,2026-08-05T18:15:00+00:00,19.68,787.16,58.7,11.37,1.4,False,NORMAL,NONE
AWS-04,Shimla Highland,2026-08-05T18:30:00+00:00,41.61,787.67,58.24,31.74,3.24,True,ANOMALY,SPIKE
AWS-04,Shimla Highland,2026-08-05T18:45:00+00:00,17.67,787.86,58.87,9.53,2.82,False,NORMAL,NONE
AWS-04,Shimla Highland,2026-08-05T19:00:00+00:00,17.55,788.22,59.48,9.56,4.46,False,NORMAL,NONE
AWS-04,Shimla Highland,2026-08-05T19:15:00+00:00,17.58,788.93,59.65,9.64,3.51,False,NORMAL,NONE
AWS-04,Shimla Highland,2026-08-05T19:30:00+00:00,16.72,788.09,57.69,8.33,4.96,False,NORMAL,NONE
AWS-04,Shimla Highland,2026-08-05T19:45:00+00:00,16.3,789.03,63.1,9.27,5.06,False,NORMAL,NONE
AWS-04,Shimla Highland,2026-08-05T20:00:00+00:00,15.74,789.11,62.58,8.61,5.66,False,NORMAL,NONE
AWS-04,Shimla Highland,2026-08-05T20:15:00+00:00,15.54,788.43,62.24,8.34,6.15,False,NORMAL,NONE
AWS-04,Shimla Highland,2026-08-05T20:30:00+00:00,15.33,788.38,62.9,8.3,3.52,False,NORMAL,NONE
AWS-04,Shimla Highland,2026-08-05T20:45:00+00:00,14.78,788.62,66.6,8.62,1.35,False,NORMAL,NONE
AWS-04,Shimla Highland,2026-08-05T21:00:00+00:00,14.63,770.7,65.82,8.31,5.41,True,ANOMALY,SPIKE
AWS-04,Shimla Highland,2026-08-05T21:15:00+00:00,13.98,789.19,65.34,7.58,3.61,False,NORMAL,NONE
AWS-04,Shimla Highland,2026-08-05T21:30:00+00:00,12.87,789.57,64.28,6.29,3.81,False,NORMAL,NONE
AWS-04,Shimla Highland,2026-08-05T21:45:00+00:00,13.45,788.95,67.85,7.63,5.12,False,NORMAL,NONE
AWS-04,Shimla Highland,2026-08-05T22:00:00+00:00,12.55,789.26,66.54,6.48,2.29,False,NORMAL,NONE
AWS-04,Shimla Highland,2026-08-05T22:15:00+00:00,12.65,789.39,67.71,6.83,2.76,False,NORMAL,NONE
AWS-04,Shimla Highland,2026-08-05T22:30:00+00:00,11.78,789.05,68.94,6.26,3.17,False,NORMAL,NONE
AWS-04,Shimla Highland,2026-08-05T22:45:00+00:00,11.91,789.56,68.17,6.23,3.24,False,NORMAL,NONE
AWS-04,Shimla Highland,2026-08-05T23:00:00+00:00,12.2,788.65,68.38,6.55,5.23,False,NORMAL,NONE
AWS-04,Shimla Highland,2026-08-05T23:15:00+00:00,10.31,789.25,68.36,4.74,5.34,False,NORMAL,NONE
AWS-04,Shimla Highland,2026-08-05T23:30:00+00:00,10.79,788.75,70.32,5.6,2.56,False,NORMAL,NONE
AWS-04,Shimla Highland,2026-08-05T23:45:00+00:00,9.76,788.77,72.01,4.95,4.06,False,NORMAL,NONE
AWS-04,Shimla Highland,2026-08-06T00:00:00+00:00,10.32,789.01,72.01,5.49,3.21,False,NORMAL,NONE
AWS-04,Shimla Highland,2026-08-06T00:15:00+00:00,10.49,788.17,72.59,5.77,4.47,False,NORMAL,NONE
AWS-04,Shimla Highland,2026-08-06T00:30:00+00:00,9.33,788.51,69.83,4.1,2.06,False,NORMAL,NONE
AWS-04,Shimla Highland,2026-08-06T00:45:00+00:00,9.56,788.36,71.52,4.66,4.62,False,NORMAL,NONE
AWS-04,Shimla Highland,2026-08-06T01:00:00+00:00,9.11,787.88,72.03,4.33,4.22,False,NORMAL,NONE
AWS-04,Shimla Highland,2026-08-06T01:15:00+00:00,8.97,787.44,71.8,4.15,6.56,False,NORMAL,NONE
AWS-04,Shimla Highland,2026-08-06T01:30:00+00:00,9.13,787.68,72.14,4.37,4.33,False,NORMAL,NONE
AWS-04,Shimla Highland,2026-08-06T01:45:00+00:00,9.5,787.71,73.4,4.98,5.79,False,NORMAL,NONE
AWS-04,Shimla Highland,2026-08-06T02:00:00+00:00,9.56,787.12,72.06,4.77,4.12,False,NORMAL,NONE
AWS-04,Shimla Highland,2026-08-06T02:15:00+00:00,9.39,787.84,72.02,4.6,3.42,False,NORMAL,NONE
AWS-04,Shimla Highland,2026-08-06T02:30:00+00:00,9.7,786.69,74.01,5.29,5.0,False,NORMAL,NONE
AWS-04,Shimla Highland,2026-08-06T02:45:00+00:00,9.72,787.21,71.05,4.72,6.27,False,NORMAL,NONE
AWS-04,Shimla Highland,2026-08-06T03:00:00+00:00,10.38,786.92,73.14,5.77,5.59,False,NORMAL,NONE
AWS-04,Shimla Highland,2026-08-06T03:15:00+00:00,9.64,786.61,71.65,4.77,2.94,False,NORMAL,NONE
AWS-04,Shimla Highland,2026-08-06T03:30:00+00:00,10.26,787.6,70.73,5.18,6.1,False,NORMAL,NONE
AWS-04,Shimla Highland,2026-08-06T03:45:00+00:00,9.96,787.18,72.44,5.23,2.87,False,NORMAL,NONE
AWS-04,Shimla Highland,2026-08-06T04:00:00+00:00,9.93,786.27,70.66,4.84,2.75,False,NORMAL,NONE
AWS-04,Shimla Highland,2026-08-06T04:15:00+00:00,10.68,786.96,72.16,5.87,0.86,False,NORMAL,NONE
AWS-04,Shimla Highland,2026-08-06T04:30:00+00:00,11.04,787.14,68.82,5.53,4.58,False,NORMAL,NONE
AWS-04,Shimla Highland,2026-08-06T04:45:00+00:00,10.86,786.73,69.01,5.4,5.52,False,NORMAL,NONE
AWS-04,Shimla Highland,2026-08-06T05:00:00+00:00,12.17,787.08,69.29,6.71,5.82,False,NORMAL,NONE
AWS-04,Shimla Highland,2026-08-06T05:15:00+00:00,11.89,787.16,69.44,6.48,5.3,False,NORMAL,NONE
AWS-04,Shimla Highland,2026-08-06T05:30:00+00:00,11.92,787.46,65.95,5.76,5.04,False,NORMAL,NONE
AWS-04,Shimla Highland,2026-08-06T05:45:00+00:00,12.74,787.26,67.44,6.87,3.67,False,NORMAL,NONE
AWS-04,Shimla Highland,2026-08-06T06:00:00+00:00,12.18,787.7,67.53,6.35,3.66,False,NORMAL,NONE
AWS-04,Shimla Highland,2026-08-06T06:15:00+00:00,12.56,788.04,67.52,6.71,3.71,False,NORMAL,NONE
AWS-04,Shimla Highland,2026-08-06T06:30:00+00:00,13.92,787.44,67.67,8.04,4.06,False,NORMAL,NONE
AWS-04,Shimla Highland,2026-08-06T06:45:00+00:00,14.6,787.99,65.61,8.23,5.08,True,ANOMALY,FROZEN_SENSOR
AWS-04,Shimla Highland,2026-08-06T07:00:00+00:00,14.6,788.0,65.26,8.15,7.02,True,ANOMALY,FROZEN_SENSOR
AWS-04,Shimla Highland,2026-08-06T07:15:00+00:00,14.6,787.76,61.67,7.32,3.93,True,ANOMALY,FROZEN_SENSOR
AWS-04,Shimla Highland,2026-08-06T07:30:00+00:00,14.6,788.09,63.46,7.74,4.35,True,ANOMALY,FROZEN_SENSOR
AWS-04,Shimla Highland,2026-08-06T07:45:00+00:00,14.6,788.08,62.69,7.56,3.22,True,ANOMALY,FROZEN_SENSOR
AWS-04,Shimla Highland,2026-08-06T08:00:00+00:00,15.69,788.12,61.98,8.42,4.89,True,ANOMALY,FROZEN_SENSOR
AWS-04,Shimla Highland,2026-08-06T08:15:00+00:00,15.69,789.03,59.35,7.79,1.2,True,ANOMALY,FROZEN_SENSOR
AWS-04,Shimla Highland,2026-08-06T08:30:00+00:00,15.69,788.98,60.75,8.13,5.27,True,ANOMALY,FROZEN_SENSOR
AWS-04,Shimla Highland,2026-08-06T08:45:00+00:00,15.69,789.18,59.67,7.86,3.54,True,ANOMALY,FROZEN_SENSOR
AWS-04,Shimla Highland,2026-08-06T09:00:00+00:00,15.69,788.52,59.13,7.73,3.52,True,ANOMALY,FROZEN_SENSOR
AWS-04,Shimla Highland,2026-08-06T09:15:00+00:00,15.69,789.49,59.07,7.72,3.71,True,ANOMALY,FROZEN_SENSOR
AWS-04,Shimla Highland,2026-08-06T09:30:00+00:00,15.69,789.3,58.26,7.52,2.85,True,ANOMALY,FROZEN_SENSOR
AWS-04,Shimla Highland,2026-08-06T09:45:00+00:00,15.69,789.23,57.32,7.28,2.04,True,ANOMALY,FROZEN_SENSOR
AWS-04,Shimla Highland,2026-08-06T10:00:00+00:00,18.68,789.17,55.88,9.69,6.08,False,NORMAL,NONE
AWS-04,Shimla Highland,2026-08-06T10:15:00+00:00,14.0,791.22,85.46,11.6,3.8,False,GENUINE_WEATHER_EVENT,GENUINE_WEATHER_EVENT
AWS-04,Shimla Highland,2026-08-06T10:30:00+00:00,20.13,789.02,56.9,11.32,7.96,False,NORMAL,NONE
AWS-04,Shimla Highland,2026-08-06T10:45:00+00:00,19.98,789.11,54.51,10.53,5.7,False,NORMAL,NONE
AWS-04,Shimla Highland,2026-08-06T11:00:00+00:00,20.53,789.51,54.63,11.07,4.03,False,NORMAL,NONE
AWS-04,Shimla Highland,2026-08-06T11:15:00+00:00,21.07,789.37,54.4,11.52,2.55,False,NORMAL,NONE
AWS-04,Shimla Highland,2026-08-06T11:30:00+00:00,21.13,788.74,52.92,11.15,3.87,False,NORMAL,NONE
AWS-04,Shimla Highland,2026-08-06T11:45:00+00:00,21.79,789.14,53.0,11.78,3.53,False,NORMAL,NONE
AWS-04,Shimla Highland,2026-08-06T12:00:00+00:00,21.49,788.27,52.6,11.4,3.8,False,NORMAL,NONE
AWS-04,Shimla Highland,2026-08-06T12:15:00+00:00,21.54,788.49,51.93,11.25,6.0,True,ANOMALY,SENSOR_DRIFT
AWS-04,Shimla Highland,2026-08-06T12:30:00+00:00,21.28,788.81,51.51,10.89,2.64,False,NORMAL,NONE
AWS-04,Shimla Highland,2026-08-06T12:45:00+00:00,22.3,788.26,51.9,11.94,4.5,False,NORMAL,NONE
AWS-04,Shimla Highland,2026-08-06T13:00:00+00:00,22.26,787.94,51.86,11.89,3.67,False,NORMAL,NONE
AWS-04,Shimla Highland,2026-08-06T13:15:00+00:00,23.43,787.85,52.79,13.25,6.07,False,NORMAL,NONE
AWS-04,Shimla Highland,2026-08-06T13:30:00+00:00,22.81,787.61,52.86,12.7,3.44,False,NORMAL,NONE
AWS-04,Shimla Highland,2026-08-06T13:45:00+00:00,22.6,787.32,50.76,11.88,3.24,False,NORMAL,NONE
AWS-04,Shimla Highland,2026-08-06T14:00:00+00:00,22.21,787.49,51.29,11.68,4.28,False,NORMAL,NONE
AWS-04,Shimla Highland,2026-08-06T14:15:00+00:00,22.69,787.46,53.7,12.83,3.72,False,NORMAL,NONE
AWS-04,Shimla Highland,2026-08-06T14:30:00+00:00,17.04,789.31,79.51,13.47,2.72,False,GENUINE_WEATHER_EVENT,GENUINE_WEATHER_EVENT
AWS-04,Shimla Highland,2026-08-06T14:45:00+00:00,22.45,786.91,51.78,12.05,6.42,False,NORMAL,NONE
AWS-04,Shimla Highland,2026-08-06T15:00:00+00:00,22.44,786.58,53.11,12.43,0.9,False,NORMAL,NONE
AWS-04,Shimla Highland,2026-08-06T15:15:00+00:00,21.91,787.48,51.86,11.57,3.38,False,NORMAL,NONE
AWS-04,Shimla Highland,2026-08-06T15:30:00+00:00,21.83,786.62,51.47,11.38,2.79,False,NORMAL,NONE
AWS-04,Shimla Highland,2026-08-06T15:45:00+00:00,21.85,786.87,50.51,11.12,3.83,False,NORMAL,NONE
AWS-04,Shimla Highland,2026-08-06T16:00:00+00:00,21.1,786.92,54.77,11.65,4.79,False,NORMAL,NONE
AWS-04,Shimla Highland,2026-08-06T16:15:00+00:00,21.39,786.63,55.25,12.05,4.49,False,NORMAL,NONE
AWS-04,Shimla Highland,2026-08-06T16:30:00+00:00,20.81,786.39,53.97,11.16,4.03,False,NORMAL,NONE
AWS-04,Shimla Highland,2026-08-06T16:45:00+00:00,21.04,786.94,56.37,12.02,2.77,False,NORMAL,NONE
AWS-04,Shimla Highland,2026-08-06T17:00:00+00:00,44.39,786.85,54.75,33.23,1.81,True,ANOMALY,SPIKE
AWS-04,Shimla Highland,2026-08-06T17:15:00+00:00,20.71,787.1,54.84,11.3,4.29,False,NORMAL,NONE
AWS-04,Shimla Highland,2026-08-06T17:30:00+00:00,20.19,786.56,56.71,11.32,2.75,False,NORMAL,NONE
AWS-04,Shimla Highland,2026-08-06T17:45:00+00:00,19.32,787.23,56.52,10.46,3.91,False,NORMAL,NONE
AWS-04,Shimla Highland,2026-08-06T18:00:00+00:00,19.25,787.51,58.29,10.86,4.06,False,NORMAL,NONE
AWS-04,Shimla Highland,2026-08-06T18:15:00+00:00,19.18,787.29,57.38,10.56,3.15,False,NORMAL,NONE
AWS-04,Shimla Highland,2026-08-06T18:30:00+00:00,18.4,787.71,60.32,10.58,2.96,False,NORMAL,NONE
AWS-04,Shimla Highland,2026-08-06T18:45:00+00:00,18.46,788.25,57.31,9.86,5.35,True,ANOMALY,SENSOR_DRIFT
AWS-04,Shimla Highland,2026-08-06T19:00:00+00:00,17.23,787.98,59.53,9.28,3.74,False,NORMAL,NONE
AWS-04,Shimla Highland,2026-08-06T19:15:00+00:00,17.12,788.39,59.85,9.25,2.19,False,NORMAL,NONE
AWS-04,Shimla Highland,2026-08-06T19:30:00+00:00,16.75,788.53,61.23,9.24,2.31,False,NORMAL,NONE
AWS-04,Shimla Highland,2026-08-06T19:45:00+00:00,16.24,788.67,61.21,8.76,2.93,False,NORMAL,NONE
AWS-04,Shimla Highland,2026-08-06T20:00:00+00:00,16.37,788.25,62.41,9.17,5.21,False,NORMAL,NONE
AWS-04,Shimla Highland,2026-08-06T20:15:00+00:00,15.68,788.5,62.14,8.45,4.87,False,NORMAL,NONE
AWS-04,Shimla Highland,2026-08-06T20:30:00+00:00,15.18,788.82,62.59,8.09,3.21,False,NORMAL,NONE
AWS-04,Shimla Highland,2026-08-06T20:45:00+00:00,15.64,788.97,63.89,8.83,4.09,False,NORMAL,NONE
AWS-04,Shimla Highland,2026-08-06T21:00:00+00:00,14.18,788.92,65.51,7.81,6.31,False,NORMAL,NONE
AWS-04,Shimla Highland,2026-08-06T21:15:00+00:00,13.63,789.3,64.09,6.97,0.5,False,NORMAL,NONE
AWS-04,Shimla Highland,2026-08-06T21:30:00+00:00,13.62,789.13,67.6,7.74,4.19,True,ANOMALY,FROZEN_SENSOR
AWS-04,Shimla Highland,2026-08-06T21:45:00+00:00,13.62,788.83,67.18,7.65,3.85,True,ANOMALY,FROZEN_SENSOR
AWS-04,Shimla Highland,2026-08-06T22:00:00+00:00,13.62,788.58,67.81,7.79,5.1,True,ANOMALY,FROZEN_SENSOR
AWS-04,Shimla Highland,2026-08-06T22:15:00+00:00,13.62,788.97,68.7,7.98,3.4,True,ANOMALY,FROZEN_SENSOR
AWS-04,Shimla Highland,2026-08-06T22:30:00+00:00,13.62,789.31,69.53,8.15,4.28,True,ANOMALY,FROZEN_SENSOR
AWS-04,Shimla Highland,2026-08-06T22:45:00+00:00,13.62,789.32,69.3,8.11,6.08,True,ANOMALY,FROZEN_SENSOR
AWS-04,Shimla Highland,2026-08-06T23:00:00+00:00,13.62,789.16,69.53,8.15,5.41,True,ANOMALY,FROZEN_SENSOR
AWS-04,Shimla Highland,2026-08-06T23:15:00+00:00,13.62,789.07,71.01,8.47,6.97,True,ANOMALY,FROZEN_SENSOR
AWS-04,Shimla Highland,2026-08-06T23:30:00+00:00,11.26,788.93,71.26,6.24,2.05,False,NORMAL,NONE
AWS-04,Shimla Highland,2026-08-06T23:45:00+00:00,10.62,789.17,72.46,5.87,4.93,False,NORMAL,NONE
AWS-04,Shimla Highland,2026-08-07T00:00:00+00:00,10.19,788.43,69.94,4.95,5.63,False,NORMAL,NONE
AWS-04,Shimla Highland,2026-08-07T00:15:00+00:00,10.83,788.51,72.5,6.09,3.73,False,NORMAL,NONE
AWS-04,Shimla Highland,2026-08-07T00:30:00+00:00,9.74,788.38,74.17,5.36,4.41,False,NORMAL,NONE
AWS-04,Shimla Highland,2026-08-07T00:45:00+00:00,10.52,788.91,69.42,5.16,3.97,False,NORMAL,NONE
AWS-04,Shimla Highland,2026-08-07T01:00:00+00:00,10.13,787.63,71.07,5.12,4.54,False,NORMAL,NONE
AWS-04,Shimla Highland,2026-08-07T01:15:00+00:00,20.0,787.79,100.0,23.5,3.42,True,ANOMALY,CROSS_SENSOR_INCONSISTENCY
AWS-04,Shimla Highland,2026-08-07T01:30:00+00:00,9.32,787.38,71.25,4.37,5.95,False,NORMAL,NONE
AWS-04,Shimla Highland,2026-08-07T01:45:00+00:00,9.16,787.82,73.38,4.64,6.34,False,NORMAL,NONE
AWS-04,Shimla Highland,2026-08-07T02:00:00+00:00,8.85,787.27,72.64,4.2,2.59,False,NORMAL,NONE
AWS-04,Shimla Highland,2026-08-07T02:15:00+00:00,9.01,787.05,73.78,4.58,3.31,False,NORMAL,NONE
AWS-04,Shimla Highland,2026-08-07T02:30:00+00:00,10.29,787.32,71.62,5.38,3.21,False,NORMAL,NONE
AWS-04,Shimla Highland,2026-08-07T02:45:00+00:00,9.64,787.42,72.28,4.89,5.48,False,NORMAL,NONE
AWS-04,Shimla Highland,2026-08-07T03:00:00+00:00,9.04,787.05,72.6,4.38,3.97,False,NORMAL,NONE
AWS-04,Shimla Highland,2026-08-07T03:15:00+00:00,9.69,786.48,73.08,5.1,1.95,False,NORMAL,NONE
AWS-04,Shimla Highland,2026-08-07T03:30:00+00:00,10.22,786.75,71.71,5.34,3.91,False,NORMAL,NONE
AWS-04,Shimla Highland,2026-08-07T03:45:00+00:00,9.91,787.05,70.76,4.85,3.3,False,NORMAL,NONE
AWS-04,Shimla Highland,2026-08-07T04:00:00+00:00,10.09,786.47,72.01,5.27,2.01,False,NORMAL,NONE
AWS-04,Shimla Highland,2026-08-07T04:15:00+00:00,11.04,786.46,69.65,5.71,2.76,False,NORMAL,NONE
AWS-04,Shimla Highland,2026-08-07T04:30:00+00:00,10.81,787.03,70.9,5.74,0.9,False,NORMAL,NONE
AWS-04,Shimla Highland,2026-08-07T04:45:00+00:00,11.44,786.75,70.72,6.31,4.19,False,NORMAL,NONE
AWS-04,Shimla Highland,2026-08-07T05:00:00+00:00,11.66,787.53,67.93,5.94,5.64,True,ANOMALY,SENSOR_DRIFT
AWS-04,Shimla Highland,2026-08-07T05:15:00+00:00,11.59,786.67,67.5,5.78,3.4,False,NORMAL,NONE
AWS-04,Shimla Highland,2026-08-07T05:30:00+00:00,12.15,787.04,67.99,6.42,2.2,False,NORMAL,NONE
AWS-04,Shimla Highland,2026-08-07T05:45:00+00:00,12.33,787.47,68.25,6.64,5.51,False,NORMAL,NONE
AWS-04,Shimla Highland,2026-08-07T06:00:00+00:00,12.51,787.88,66.95,6.53,5.29,False,NORMAL,NONE
AWS-04,Shimla Highland,2026-08-07T06:15:00+00:00,13.32,787.57,66.28,7.16,5.1,False,NORMAL,NONE
AWS-04,Shimla Highland,2026-08-07T06:30:00+00:00,13.66,787.72,66.22,7.48,0.52,False,NORMAL,NONE
AWS-04,Shimla Highland,2026-08-07T06:45:00+00:00,20.0,788.27,100.0,23.5,3.02,True,ANOMALY,CROSS_SENSOR_INCONSISTENCY
AWS-04,Shimla Highland,2026-08-07T07:00:00+00:00,14.39,788.87,65.44,7.99,1.77,False,NORMAL,NONE
AWS-04,Shimla Highland,2026-08-07T07:15:00+00:00,14.66,787.99,63.28,7.75,4.21,False,NORMAL,NONE
AWS-04,Shimla Highland,2026-08-07T07:30:00+00:00,14.94,788.31,64.03,8.19,2.75,False,NORMAL,NONE
AWS-04,Shimla Highland,2026-08-07T07:45:00+00:00,15.7,788.41,61.37,8.29,4.16,False,NORMAL,NONE
AWS-04,Shimla Highland,2026-08-07T08:00:00+00:00,15.47,788.46,63.87,8.66,5.32,False,NORMAL,NONE
AWS-04,Shimla Highland,2026-08-07T08:15:00+00:00,16.63,788.67,62.3,9.39,4.13,False,NORMAL,NONE
AWS-04,Shimla Highland,2026-08-07T08:30:00+00:00,17.23,788.86,60.28,9.47,2.13,False,NORMAL,NONE
AWS-04,Shimla Highland,2026-08-07T08:45:00+00:00,16.65,788.66,59.25,8.66,5.83,False,NORMAL,NONE
AWS-04,Shimla Highland,2026-08-07T09:00:00+00:00,17.35,789.17,57.17,8.79,7.58,False,NORMAL,NONE
AWS-04,Shimla Highland,2026-08-07T09:15:00+00:00,18.59,789.3,59.01,10.43,5.44,False,NORMAL,NONE
AWS-04,Shimla Highland,2026-08-07T09:30:00+00:00,18.74,789.73,58.14,10.34,3.54,False,NORMAL,NONE
AWS-04,Shimla Highland,2026-08-07T09:45:00+00:00,18.65,788.89,56.17,9.74,4.11,False,NORMAL,NONE
AWS-04,Shimla Highland,2026-08-07T10:00:00+00:00,19.19,789.16,57.2,10.52,5.39,False,NORMAL,NONE
AWS-04,Shimla Highland,2026-08-07T10:15:00+00:00,19.22,789.56,53.9,9.66,4.41,True,ANOMALY,SENSOR_DRIFT
AWS-04,Shimla Highland,2026-08-07T10:30:00+00:00,20.36,789.44,55.27,11.1,4.12,False,NORMAL,NONE
AWS-04,Shimla Highland,2026-08-07T10:45:00+00:00,20.63,789.34,53.73,10.92,2.85,False,NORMAL,NONE
AWS-04,Shimla Highland,2026-08-07T11:00:00+00:00,21.15,788.89,55.17,11.8,5.34,False,NORMAL,NONE
AWS-04,Shimla Highland,2026-08-07T11:15:00+00:00,20.88,788.6,54.03,11.23,5.18,False,NORMAL,NONE
AWS-04,Shimla Highland,2026-08-07T11:30:00+00:00,21.65,788.53,53.21,11.72,4.87,False,NORMAL,NONE
AWS-04,Shimla Highland,2026-08-07T11:45:00+00:00,21.71,788.64,51.59,11.31,4.57,False,NORMAL,NONE
AWS-04,Shimla Highland,2026-08-07T12:00:00+00:00,21.77,788.27,53.18,11.82,2.24,False,NORMAL,NONE
AWS-04,Shimla Highland,2026-08-07T12:15:00+00:00,21.63,788.21,54.79,12.14,5.38,False,NORMAL,NONE
AWS-04,Shimla Highland,2026-08-07T12:30:00+00:00,22.42,788.71,51.55,11.95,4.16,False,NORMAL,NONE
AWS-04,Shimla Highland,2026-08-07T12:45:00+00:00,22.29,788.25,52.8,12.19,4.92,False,NORMAL,NONE
AWS-04,Shimla Highland,2026-08-07T13:00:00+00:00,22.5,788.01,49.18,11.31,2.83,False,NORMAL,NONE
AWS-04,Shimla Highland,2026-08-07T13:15:00+00:00,22.05,787.97,51.94,11.72,3.2,False,NORMAL,NONE
AWS-04,Shimla Highland,2026-08-07T13:30:00+00:00,22.65,787.54,52.7,12.5,1.65,False,NORMAL,NONE
AWS-04,Shimla Highland,2026-08-07T13:45:00+00:00,22.76,787.49,49.88,11.76,5.44,False,NORMAL,NONE
AWS-04,Shimla Highland,2026-08-07T14:00:00+00:00,46.64,787.18,51.84,34.32,2.49,True,ANOMALY,SPIKE
AWS-04,Shimla Highland,2026-08-07T14:15:00+00:00,22.35,787.42,49.37,11.23,0.53,False,NORMAL,NONE
AWS-04,Shimla Highland,2026-08-07T14:30:00+00:00,22.97,787.04,51.57,12.46,4.5,False,NORMAL,NONE
AWS-04,Shimla Highland,2026-08-07T14:45:00+00:00,22.72,787.22,51.0,12.06,6.59,False,NORMAL,NONE
AWS-04,Shimla Highland,2026-08-07T15:00:00+00:00,22.21,787.42,53.9,12.43,5.0,False,NORMAL,NONE
AWS-04,Shimla Highland,2026-08-07T15:15:00+00:00,22.0,786.92,51.03,11.41,4.7,False,NORMAL,NONE
AWS-04,Shimla Highland,2026-08-07T15:30:00+00:00,22.32,787.16,51.2,11.75,4.11,False,NORMAL,NONE
AWS-04,Shimla Highland,2026-08-07T15:45:00+00:00,22.09,787.08,51.92,11.75,3.71,False,NORMAL,NONE
AWS-04,Shimla Highland,2026-08-07T16:00:00+00:00,21.53,786.69,53.16,11.59,5.74,False,NORMAL,NONE
AWS-04,Shimla Highland,2026-08-07T16:15:00+00:00,21.97,786.85,53.79,12.18,2.7,False,NORMAL,NONE
AWS-04,Shimla Highland,2026-08-07T16:30:00+00:00,20.74,787.03,52.69,10.73,4.96,False,NORMAL,NONE
AWS-04,Shimla Highland,2026-08-07T16:45:00+00:00,20.3,787.07,53.32,10.5,6.67,False,NORMAL,NONE
AWS-04,Shimla Highland,2026-08-07T17:00:00+00:00,20.58,786.71,54.84,11.18,5.47,False,NORMAL,NONE
AWS-04,Shimla Highland,2026-08-07T17:15:00+00:00,20.3,786.9,53.44,10.53,5.09,False,NORMAL,NONE
AWS-04,Shimla Highland,2026-08-07T17:30:00+00:00,19.58,787.18,54.61,10.19,6.48,False,NORMAL,NONE
AWS-04,Shimla Highland,2026-08-07T17:45:00+00:00,20.2,787.09,55.71,11.07,3.68,False,NORMAL,NONE
AWS-04,Shimla Highland,2026-08-07T18:00:00+00:00,19.54,787.82,56.79,10.73,2.27,False,NORMAL,NONE
AWS-04,Shimla Highland,2026-08-07T18:15:00+00:00,18.28,788.26,57.86,9.84,5.8,False,NORMAL,NONE
AWS-04,Shimla Highland,2026-08-07T18:30:00+00:00,18.5,788.25,58.17,10.13,4.05,False,NORMAL,NONE
AWS-04,Shimla Highland,2026-08-07T18:45:00+00:00,18.59,787.69,57.36,10.0,2.49,False,NORMAL,NONE
AWS-04,Shimla Highland,2026-08-07T19:00:00+00:00,17.33,788.34,58.28,9.06,4.91,False,NORMAL,NONE
AWS-04,Shimla Highland,2026-08-07T19:15:00+00:00,17.18,788.03,59.76,9.29,4.29,False,NORMAL,NONE
AWS-04,Shimla Highland,2026-08-07T19:30:00+00:00,17.57,787.77,60.51,9.84,4.29,False,NORMAL,NONE
AWS-04,Shimla Highland,2026-08-07T19:45:00+00:00,16.11,788.45,59.7,8.27,2.15,False,NORMAL,NONE
AWS-04,Shimla Highland,2026-08-07T20:00:00+00:00,15.74,788.21,64.28,9.01,3.52,False,NORMAL,NONE
AWS-04,Shimla Highland,2026-08-07T20:15:00+00:00,16.13,789.2,64.45,9.42,6.25,False,NORMAL,NONE
AWS-04,Shimla Highland,2026-08-07T20:30:00+00:00,15.13,788.38,60.65,7.58,4.4,False,NORMAL,NONE
AWS-04,Shimla Highland,2026-08-07T20:45:00+00:00,13.68,788.89,62.75,6.7,6.81,False,NORMAL,NONE
AWS-04,Shimla Highland,2026-08-07T21:00:00+00:00,14.53,789.47,64.77,7.97,5.31,False,NORMAL,NONE
AWS-04,Shimla Highland,2026-08-07T21:15:00+00:00,13.85,789.05,65.42,7.47,5.14,False,NORMAL,NONE
AWS-04,Shimla Highland,2026-08-07T21:30:00+00:00,14.08,789.66,65.61,7.73,5.34,False,NORMAL,NONE
AWS-04,Shimla Highland,2026-08-07T21:45:00+00:00,13.48,789.23,63.83,6.77,4.87,False,NORMAL,NONE
AWS-04,Shimla Highland,2026-08-07T22:00:00+00:00,12.93,789.88,68.2,7.21,3.54,False,NORMAL,NONE
AWS-04,Shimla Highland,2026-08-07T22:15:00+00:00,12.79,788.66,67.59,6.95,5.78,False,NORMAL,NONE
AWS-04,Shimla Highland,2026-08-07T22:30:00+00:00,12.1,788.73,68.57,6.49,2.87,False,NORMAL,NONE
AWS-04,Shimla Highland,2026-08-07T22:45:00+00:00,11.45,789.04,70.08,6.19,2.96,False,NORMAL,NONE
AWS-04,Shimla Highland,2026-08-07T23:00:00+00:00,11.01,788.92,72.16,6.19,3.54,False,NORMAL,NONE
AWS-04,Shimla Highland,2026-08-07T23:15:00+00:00,10.95,788.88,68.96,5.47,4.59,False,NORMAL,NONE
AWS-04,Shimla Highland,2026-08-07T23:30:00+00:00,10.78,788.86,69.95,5.51,4.55,False,NORMAL,NONE
AWS-04,Shimla Highland,2026-08-07T23:45:00+00:00,11.4,788.79,71.0,6.33,4.54,False,NORMAL,NONE
AWS-04,Shimla Highland,2026-08-08T00:00:00+00:00,10.42,788.66,70.58,5.3,2.54,False,NORMAL,NONE
AWS-04,Shimla Highland,2026-08-08T00:15:00+00:00,9.85,788.29,71.94,5.03,0.5,False,NORMAL,NONE
AWS-04,Shimla Highland,2026-08-08T00:30:00+00:00,9.28,788.49,72.99,4.69,2.51,False,NORMAL,NONE
AWS-04,Shimla Highland,2026-08-08T00:45:00+00:00,9.92,788.21,73.34,5.37,4.76,False,NORMAL,NONE
AWS-04,Shimla Highland,2026-08-08T01:00:00+00:00,9.23,788.35,71.42,4.32,3.36,False,NORMAL,NONE
AWS-04,Shimla Highland,2026-08-08T01:15:00+00:00,9.75,787.79,73.48,5.24,6.98,False,NORMAL,NONE
AWS-04,Shimla Highland,2026-08-08T01:30:00+00:00,9.53,787.45,73.44,5.01,5.96,False,NORMAL,NONE
AWS-04,Shimla Highland,2026-08-08T01:45:00+00:00,9.8,787.57,71.9,4.97,5.49,False,NORMAL,NONE
AWS-04,Shimla Highland,2026-08-08T02:00:00+00:00,9.01,786.7,70.03,3.84,3.47,False,NORMAL,NONE
AWS-04,Shimla Highland,2026-08-08T02:15:00+00:00,9.28,787.41,72.87,4.66,5.46,False,NORMAL,NONE
AWS-04,Shimla Highland,2026-08-08T02:30:00+00:00,9.67,787.26,72.57,4.98,4.78,False,NORMAL,NONE
AWS-04,Shimla Highland,2026-08-08T02:45:00+00:00,9.51,787.14,72.2,4.75,0.81,False,NORMAL,NONE
AWS-04,Shimla Highland,2026-08-08T03:00:00+00:00,9.71,787.06,72.97,5.09,6.53,False,NORMAL,NONE
AWS-04,Shimla Highland,2026-08-08T03:15:00+00:00,10.19,787.22,71.49,5.27,3.37,False,NORMAL,NONE
AWS-04,Shimla Highland,2026-08-08T03:30:00+00:00,9.65,787.04,73.38,5.12,4.5,False,NORMAL,NONE
AWS-04,Shimla Highland,2026-08-08T03:45:00+00:00,10.43,786.86,70.07,5.2,5.4,False,NORMAL,NONE
AWS-04,Shimla Highland,2026-08-08T04:00:00+00:00,10.66,787.16,71.35,5.69,4.16,False,NORMAL,NONE
AWS-04,Shimla Highland,2026-08-08T04:15:00+00:00,10.83,786.63,70.7,5.72,5.22,False,NORMAL,NONE
AWS-04,Shimla Highland,2026-08-08T04:30:00+00:00,10.75,786.83,69.43,5.38,3.79,False,NORMAL,NONE
AWS-04,Shimla Highland,2026-08-08T04:45:00+00:00,11.15,786.81,68.92,5.65,2.73,False,NORMAL,NONE
AWS-04,Shimla Highland,2026-08-08T05:00:00+00:00,10.68,786.56,70.04,5.44,2.31,False,NORMAL,NONE
AWS-04,Shimla Highland,2026-08-08T05:15:00+00:00,11.63,787.05,71.13,6.57,0.81,False,NORMAL,NONE
AWS-04,Shimla Highland,2026-08-08T05:30:00+00:00,12.28,786.65,68.86,6.73,5.19,False,NORMAL,NONE
AWS-04,Shimla Highland,2026-08-08T05:45:00+00:00,12.39,787.03,69.71,7.01,1.53,False,NORMAL,NONE
AWS-04,Shimla Highland,2026-08-08T06:00:00+00:00,12.17,787.32,66.09,6.03,4.39,False,NORMAL,NONE
AWS-04,Shimla Highland,2026-08-08T06:15:00+00:00,12.69,787.51,66.45,6.6,3.67,False,NORMAL,NONE
AWS-04,Shimla Highland,2026-08-08T06:30:00+00:00,14.53,787.07,64.95,8.02,3.33,False,NORMAL,NONE
AWS-04,Shimla Highland,2026-08-08T06:45:00+00:00,14.08,788.11,63.57,7.28,4.47,False,NORMAL,NONE
AWS-04,Shimla Highland,2026-08-08T07:00:00+00:00,14.77,788.43,64.26,8.08,3.63,False,NORMAL,NONE
AWS-04,Shimla Highland,2026-08-08T07:15:00+00:00,14.99,788.07,62.56,7.9,4.27,False,NORMAL,NONE
AWS-04,Shimla Highland,2026-08-08T07:30:00+00:00,15.0,788.14,63.06,8.03,5.41,False,NORMAL,NONE
AWS-04,Shimla Highland,2026-08-08T07:45:00+00:00,15.55,788.95,62.97,8.53,5.07,False,NORMAL,NONE
AWS-04,Shimla Highland,2026-08-08T08:00:00+00:00,16.39,788.92,61.91,9.07,4.44,False,NORMAL,NONE
AWS-04,Shimla Highland,2026-08-08T08:15:00+00:00,16.76,789.16,62.34,9.52,4.74,False,NORMAL,NONE
AWS-04,Shimla Highland,2026-08-08T08:30:00+00:00,16.75,789.19,62.38,9.52,4.7,False,NORMAL,NONE
AWS-04,Shimla Highland,2026-08-08T08:45:00+00:00,17.14,788.43,58.57,8.95,3.24,False,NORMAL,NONE
AWS-04,Shimla Highland,2026-08-08T09:00:00+00:00,17.89,789.3,57.16,9.3,5.15,False,NORMAL,NONE
AWS-04,Shimla Highland,2026-08-08T09:15:00+00:00,12.68,791.56,87.74,10.7,6.55,False,GENUINE_WEATHER_EVENT,GENUINE_WEATHER_EVENT
AWS-04,Shimla Highland,2026-08-08T09:30:00+00:00,17.83,788.48,56.78,9.14,6.37,False,NORMAL,NONE
AWS-04,Shimla Highland,2026-08-08T09:45:00+00:00,19.12,789.65,56.37,10.23,7.61,False,NORMAL,NONE
AWS-04,Shimla Highland,2026-08-08T10:00:00+00:00,19.48,789.5,58.43,11.11,3.26,False,NORMAL,NONE
AWS-04,Shimla Highland,2026-08-08T10:15:00+00:00,19.29,789.39,56.59,10.45,5.12,False,NORMAL,NONE
AWS-04,Shimla Highland,2026-08-08T10:30:00+00:00,20.18,789.39,55.82,11.08,2.11,False,NORMAL,NONE
AWS-04,Shimla Highland,2026-08-08T10:45:00+00:00,20.24,789.02,56.39,11.29,5.79,False,NORMAL,NONE
AWS-04,Shimla Highland,2026-08-08T11:00:00+00:00,20.18,789.38,56.87,11.36,3.22,False,NORMAL,NONE
AWS-04,Shimla Highland,2026-08-08T11:15:00+00:00,19.98,788.75,55.51,10.81,2.07,False,NORMAL,NONE
AWS-04,Shimla Highland,2026-08-08T11:30:00+00:00,20.67,810.39,53.41,10.87,4.24,True,ANOMALY,SPIKE
AWS-04,Shimla Highland,2026-08-08T11:45:00+00:00,21.6,788.61,53.44,11.74,5.99,False,NORMAL,NONE
AWS-04,Shimla Highland,2026-08-08T12:00:00+00:00,22.01,788.51,52.4,11.82,4.97,False,NORMAL,NONE
AWS-04,Shimla Highland,2026-08-08T12:15:00+00:00,22.14,788.49,54.0,12.4,1.91,False,NORMAL,NONE
AWS-04,Shimla Highland,2026-08-08T12:30:00+00:00,21.9,788.23,51.73,11.52,3.36,False,NORMAL,NONE
AWS-04,Shimla Highland,2026-08-08T12:45:00+00:00,21.86,787.85,51.68,11.47,4.01,False,NORMAL,NONE
AWS-04,Shimla Highland,2026-08-08T13:00:00+00:00,23.18,787.98,50.56,12.35,1.97,False,NORMAL,NONE
AWS-04,Shimla Highland,2026-08-08T13:15:00+00:00,22.24,788.16,52.1,11.95,2.04,False,NORMAL,NONE
AWS-04,Shimla Highland,2026-08-08T13:30:00+00:00,22.03,788.01,54.61,12.46,4.39,False,NORMAL,NONE
AWS-04,Shimla Highland,2026-08-08T13:45:00+00:00,22.42,787.18,52.64,12.27,3.44,False,NORMAL,NONE
AWS-04,Shimla Highland,2026-08-08T14:00:00+00:00,23.0,787.17,50.84,12.27,3.79,False,NORMAL,NONE
AWS-04,Shimla Highland,2026-08-08T14:15:00+00:00,22.08,787.37,49.04,10.88,5.96,False,NORMAL,NONE
AWS-04,Shimla Highland,2026-08-08T14:30:00+00:00,22.74,808.92,50.5,11.93,3.61,True,ANOMALY,SPIKE
AWS-04,Shimla Highland,2026-08-08T14:45:00+00:00,22.48,787.07,50.43,11.67,6.89,False,NORMAL,NONE
AWS-04,Shimla Highland,2026-08-08T15:00:00+00:00,21.62,787.14,53.98,11.9,2.58,False,NORMAL,NONE
AWS-04,Shimla Highland,2026-08-08T15:15:00+00:00,22.71,768.65,52.35,12.45,2.76,True,ANOMALY,SPIKE
AWS-04,Shimla Highland,2026-08-08T15:30:00+00:00,22.02,786.94,51.42,11.54,4.25,False,NORMAL,NONE
AWS-04,Shimla Highland,2026-08-08T15:45:00+00:00,22.39,787.3,52.98,12.34,2.28,False,NORMAL,NONE
AWS-04,Shimla Highland,2026-08-08T16:00:00+00:00,21.31,786.5,52.35,11.16,3.77,False,NORMAL,NONE
AWS-04,Shimla Highland,2026-08-08T16:15:00+00:00,21.17,786.86,52.26,11.01,6.14,False,NORMAL,NONE
AWS-04,Shimla Highland,2026-08-08T16:30:00+00:00,20.49,787.22,54.18,10.91,2.09,False,NORMAL,NONE
AWS-04,Shimla Highland,2026-08-08T16:45:00+00:00,20.95,787.03,52.81,10.96,3.11,False,NORMAL,NONE
AWS-04,Shimla Highland,2026-08-08T17:00:00+00:00,20.7,786.71,53.22,10.84,4.77,False,NORMAL,NONE
AWS-04,Shimla Highland,2026-08-08T17:15:00+00:00,15.13,789.17,83.76,12.41,1.43,False,GENUINE_WEATHER_EVENT,GENUINE_WEATHER_EVENT
AWS-04,Shimla Highland,2026-08-08T17:30:00+00:00,19.71,787.32,54.79,10.36,3.16,False,NORMAL,NONE
AWS-04,Shimla Highland,2026-08-08T17:45:00+00:00,20.31,787.5,57.14,11.55,6.5,False,NORMAL,NONE
AWS-04,Shimla Highland,2026-08-08T18:00:00+00:00,18.87,787.87,57.2,10.22,6.54,False,NORMAL,NONE
AWS-04,Shimla Highland,2026-08-08T18:15:00+00:00,18.85,787.65,58.98,10.66,4.39,False,NORMAL,NONE
AWS-04,Shimla Highland,2026-08-08T18:30:00+00:00,18.85,788.2,57.85,10.37,2.24,False,NORMAL,NONE
AWS-04,Shimla Highland,2026-08-08T18:45:00+00:00,17.55,788.18,55.35,8.5,4.72,False,NORMAL,NONE
AWS-04,Shimla Highland,2026-08-08T19:00:00+00:00,17.7,787.51,59.19,9.63,3.83,False,NORMAL,NONE
AWS-04,Shimla Highland,2026-08-08T19:15:00+00:00,17.44,789.0,62.15,10.11,2.12,False,NORMAL,NONE
AWS-04,Shimla Highland,2026-08-08T19:30:00+00:00,17.24,788.1,61.04,9.66,3.87,False,NORMAL,NONE
AWS-04,Shimla Highland,2026-08-08T19:45:00+00:00,16.45,788.26,61.19,8.95,5.67,False,NORMAL,NONE
AWS-04,Shimla Highland,2026-08-08T20:00:00+00:00,15.76,789.05,62.64,8.65,2.21,False,NORMAL,NONE
AWS-04,Shimla Highland,2026-08-08T20:15:00+00:00,16.06,789.03,63.33,9.09,5.24,False,NORMAL,NONE
AWS-04,Shimla Highland,2026-08-08T20:30:00+00:00,14.91,788.86,64.19,8.2,4.58,False,NORMAL,NONE
AWS-04,Shimla Highland,2026-08-08T20:45:00+00:00,14.45,788.67,64.97,7.94,3.92,False,NORMAL,NONE
AWS-04,Shimla Highland,2026-08-08T21:00:00+00:00,13.58,789.02,65.53,7.24,2.32,False,NORMAL,NONE
AWS-04,Shimla Highland,2026-08-08T21:15:00+00:00,14.32,788.92,67.0,8.27,1.82,False,NORMAL,NONE
AWS-04,Shimla Highland,2026-08-08T21:30:00+00:00,13.66,771.41,64.12,7.0,4.43,True,ANOMALY,SPIKE
AWS-04,Shimla Highland,2026-08-08T21:45:00+00:00,13.27,788.8,68.27,7.55,1.64,False,NORMAL,NONE
AWS-04,Shimla Highland,2026-08-08T22:00:00+00:00,12.39,789.02,66.59,6.34,5.87,False,NORMAL,NONE
AWS-04,Shimla Highland,2026-08-08T22:15:00+00:00,12.74,789.43,66.92,6.75,2.89,False,NORMAL,NONE
AWS-04,Shimla Highland,2026-08-08T22:30:00+00:00,12.01,789.24,66.99,6.07,5.22,True,ANOMALY,FROZEN_SENSOR
AWS-04,Shimla Highland,2026-08-08T22:45:00+00:00,12.01,789.18,68.62,6.41,3.56,True,ANOMALY,FROZEN_SENSOR
AWS-04,Shimla Highland,2026-08-08T23:00:00+00:00,12.01,788.8,68.18,6.32,5.22,True,ANOMALY,FROZEN_SENSOR
AWS-04,Shimla Highland,2026-08-08T23:15:00+00:00,12.01,789.11,68.87,6.47,2.44,True,ANOMALY,FROZEN_SENSOR
AWS-04,Shimla Highland,2026-08-08T23:30:00+00:00,12.01,788.94,70.35,6.78,2.75,True,ANOMALY,FROZEN_SENSOR
AWS-04,Shimla Highland,2026-08-08T23:45:00+00:00,12.01,788.23,68.64,6.42,3.24,True,ANOMALY,FROZEN_SENSOR
AWS-04,Shimla Highland,2026-08-09T00:00:00+00:00,12.01,789.01,71.25,6.96,6.67,True,ANOMALY,FROZEN_SENSOR
AWS-04,Shimla Highland,2026-08-09T00:15:00+00:00,12.01,788.16,71.43,7.0,5.85,True,ANOMALY,FROZEN_SENSOR
AWS-04,Shimla Highland,2026-08-09T00:30:00+00:00,9.76,788.37,70.55,4.66,3.58,False,NORMAL,NONE
AWS-04,Shimla Highland,2026-08-09T00:45:00+00:00,9.37,787.96,71.61,4.49,4.29,False,NORMAL,NONE
AWS-04,Shimla Highland,2026-08-09T01:00:00+00:00,10.28,787.88,72.8,5.61,4.81,False,NORMAL,NONE
AWS-04,Shimla Highland,2026-08-09T01:15:00+00:00,4.33,789.96,100.74,4.33,0.78,False,GENUINE_WEATHER_EVENT,GENUINE_WEATHER_EVENT
AWS-04,Shimla Highland,2026-08-09T01:30:00+00:00,9.28,788.02,72.47,4.58,3.52,False,NORMAL,NONE
AWS-04,Shimla Highland,2026-08-09T01:45:00+00:00,9.62,787.24,72.84,4.99,4.27,False,NORMAL,NONE
AWS-04,Shimla Highland,2026-08-09T02:00:00+00:00,9.13,787.21,71.18,4.18,5.71,False,NORMAL,NONE
AWS-04,Shimla Highland,2026-08-09T02:15:00+00:00,9.41,787.1,71.59,4.53,5.3,False,NORMAL,NONE
AWS-04,Shimla Highland,2026-08-09T02:30:00+00:00,-5.02,787.88,70.99,-9.47,4.02,True,ANOMALY,SPIKE
AWS-04,Shimla Highland,2026-08-09T02:45:00+00:00,9.81,786.24,72.43,5.09,2.11,False,NORMAL,NONE
AWS-04,Shimla Highland,2026-08-09T03:00:00+00:00,9.16,786.96,72.19,4.41,3.1,False,NORMAL,NONE
AWS-04,Shimla Highland,2026-08-09T03:15:00+00:00,9.81,787.02,73.57,5.32,5.03,False,NORMAL,NONE
AWS-04,Shimla Highland,2026-08-09T03:30:00+00:00,10.0,786.73,71.67,5.12,5.54,False,NORMAL,NONE
AWS-04,Shimla Highland,2026-08-09T03:45:00+00:00,10.05,786.68,72.38,5.31,3.9,False,NORMAL,NONE
AWS-04,Shimla Highland,2026-08-09T04:00:00+00:00,10.32,786.77,71.69,5.42,4.65,False,NORMAL,NONE
AWS-04,Shimla Highland,2026-08-09T04:15:00+00:00,10.52,786.37,71.38,5.55,2.73,False,NORMAL,NONE
AWS-04,Shimla Highland,2026-08-09T04:30:00+00:00,10.57,786.67,70.84,5.5,4.87,False,NORMAL,NONE
AWS-04,Shimla Highland,2026-08-09T04:45:00+00:00,11.37,786.8,69.12,5.91,3.0,False,NORMAL,NONE
AWS-04,Shimla Highland,2026-08-09T05:00:00+00:00,11.27,786.68,69.93,5.98,4.3,False,NORMAL,NONE
AWS-04,Shimla Highland,2026-08-09T05:15:00+00:00,11.3,787.23,69.05,5.82,3.46,False,NORMAL,NONE
AWS-04,Shimla Highland,2026-08-09T05:30:00+00:00,11.87,787.22,69.44,6.46,3.81,False,NORMAL,NONE
AWS-04,Shimla Highland,2026-08-09T05:45:00+00:00,12.28,786.94,68.18,6.58,4.07,False,NORMAL,NONE
AWS-04,Shimla Highland,2026-08-09T06:00:00+00:00,12.81,787.29,66.16,6.65,5.06,False,NORMAL,NONE
AWS-04,Shimla Highland,2026-08-09T06:15:00+00:00,13.31,787.33,68.51,7.64,5.31,False,NORMAL,NONE
AWS-04,Shimla Highland,2026-08-09T06:30:00+00:00,13.64,787.05,64.67,7.1,4.56,False,NORMAL,NONE
AWS-04,Shimla Highland,2026-08-09T06:45:00+00:00,14.72,788.15,66.0,8.44,5.1,False,NORMAL,NONE
AWS-04,Shimla Highland,2026-08-09T07:00:00+00:00,14.43,787.88,64.0,7.7,0.5,False,NORMAL,NONE
AWS-04,Shimla Highland,2026-08-09T07:15:00+00:00,13.91,788.92,63.21,7.03,1.29,False,NORMAL,NONE
AWS-04,Shimla Highland,2026-08-09T07:30:00+00:00,15.54,788.66,63.2,8.58,1.28,False,NORMAL,NONE
AWS-04,Shimla Highland,2026-08-09T07:45:00+00:00,14.96,788.62,62.34,7.82,5.42,False,NORMAL,NONE
AWS-04,Shimla Highland,2026-08-09T08:00:00+00:00,16.15,788.87,61.89,8.84,3.38,False,NORMAL,NONE
AWS-04,Shimla Highland,2026-08-09T08:15:00+00:00,16.61,789.32,62.8,9.49,4.85,False,NORMAL,NONE
AWS-04,Shimla Highland,2026-08-09T08:30:00+00:00,16.91,788.54,61.08,9.36,4.84,False,NORMAL,NONE
AWS-04,Shimla Highland,2026-08-09T08:45:00+00:00,17.47,789.25,60.4,9.72,5.65,False,NORMAL,NONE
AWS-04,Shimla Highland,2026-08-09T09:00:00+00:00,17.66,789.43,56.39,8.87,2.03,False,NORMAL,NONE
AWS-04,Shimla Highland,2026-08-09T09:15:00+00:00,18.3,789.41,58.46,10.01,2.75,False,NORMAL,NONE
AWS-04,Shimla Highland,2026-08-09T09:30:00+00:00,18.4,789.03,59.03,10.26,8.15,False,NORMAL,NONE
AWS-04,Shimla Highland,2026-08-09T09:45:00+00:00,18.92,789.38,57.97,10.47,4.7,False,NORMAL,NONE
AWS-04,Shimla Highland,2026-08-09T10:00:00+00:00,20.0,789.41,100.0,23.5,4.76,True,ANOMALY,CROSS_SENSOR_INCONSISTENCY
AWS-04,Shimla Highland,2026-08-09T10:15:00+00:00,19.71,789.31,56.36,10.78,3.38,False,NORMAL,NONE
AWS-04,Shimla Highland,2026-08-09T10:30:00+00:00,19.38,789.29,55.33,10.2,2.27,True,ANOMALY,FROZEN_SENSOR
AWS-04,Shimla Highland,2026-08-09T10:45:00+00:00,19.38,788.69,55.76,10.31,3.24,True,ANOMALY,FROZEN_SENSOR
AWS-04,Shimla Highland,2026-08-09T11:00:00+00:00,19.38,789.01,56.43,10.49,3.44,True,ANOMALY,FROZEN_SENSOR
AWS-04,Shimla Highland,2026-08-09T11:15:00+00:00,19.38,788.4,53.22,9.61,2.56,True,ANOMALY,FROZEN_SENSOR
AWS-04,Shimla Highland,2026-08-09T11:30:00+00:00,19.38,788.53,52.87,9.52,2.87,True,ANOMALY,FROZEN_SENSOR
AWS-04,Shimla Highland,2026-08-09T11:45:00+00:00,19.38,788.96,53.18,9.6,4.2,True,ANOMALY,FROZEN_SENSOR
AWS-04,Shimla Highland,2026-08-09T12:00:00+00:00,19.38,788.87,53.75,9.76,3.81,True,ANOMALY,FROZEN_SENSOR
AWS-04,Shimla Highland,2026-08-09T12:15:00+00:00,19.38,788.59,100.0,19.38,4.84,True,ANOMALY,FROZEN_SENSOR
AWS-04,Shimla Highland,2026-08-09T12:30:00+00:00,21.76,787.82,51.97,11.46,2.76,False,NORMAL,NONE
AWS-04,Shimla Highland,2026-08-09T12:45:00+00:00,22.35,787.95,52.16,12.06,6.29,False,NORMAL,NONE
AWS-04,Shimla Highland,2026-08-09T13:00:00+00:00,21.17,788.13,55.29,11.85,5.18,False,NORMAL,NONE
AWS-04,Shimla Highland,2026-08-09T13:15:00+00:00,22.61,787.85,51.3,12.05,6.65,False,NORMAL,NONE
AWS-04,Shimla Highland,2026-08-09T13:30:00+00:00,22.76,787.98,51.0,12.1,1.06,False,NORMAL,NONE
AWS-04,Shimla Highland,2026-08-09T13:45:00+00:00,22.56,787.55,53.18,12.55,1.68,False,NORMAL,NONE
AWS-04,Shimla Highland,2026-08-09T14:00:00+00:00,22.24,787.49,51.09,11.65,4.09,False,NORMAL,NONE
AWS-04,Shimla Highland,2026-08-09T14:15:00+00:00,22.23,787.6,49.48,11.15,3.9,False,NORMAL,NONE
AWS-04,Shimla Highland,2026-08-09T14:30:00+00:00,22.77,787.32,51.43,12.23,4.83,False,NORMAL,NONE
AWS-04,Shimla Highland,2026-08-09T14:45:00+00:00,21.94,787.22,53.21,11.98,5.63,False,NORMAL,NONE
AWS-04,Shimla Highland,2026-08-09T15:00:00+00:00,23.12,786.69,50.76,12.36,0.65,False,NORMAL,NONE
AWS-04,Shimla Highland,2026-08-09T15:15:00+00:00,22.28,787.0,52.94,12.23,0.81,False,NORMAL,NONE
AWS-04,Shimla Highland,2026-08-09T15:30:00+00:00,21.55,786.94,52.18,11.33,3.23,False,NORMAL,NONE
AWS-04,Shimla Highland,2026-08-09T15:45:00+00:00,21.76,786.87,55.3,12.4,6.86,False,NORMAL,NONE
AWS-04,Shimla Highland,2026-08-09T16:00:00+00:00,21.98,786.58,53.36,12.07,6.94,False,NORMAL,NONE
AWS-04,Shimla Highland,2026-08-09T16:15:00+00:00,21.43,786.55,53.04,11.47,5.08,False,NORMAL,NONE
AWS-04,Shimla Highland,2026-08-09T16:30:00+00:00,21.17,786.15,55.26,11.85,5.32,False,NORMAL,NONE
AWS-04,Shimla Highland,2026-08-09T16:45:00+00:00,20.21,786.17,53.77,10.54,5.25,False,NORMAL,NONE
AWS-04,Shimla Highland,2026-08-09T17:00:00+00:00,20.59,787.38,55.66,11.42,1.57,False,NORMAL,NONE
AWS-04,Shimla Highland,2026-08-09T17:15:00+00:00,20.51,787.42,56.16,11.47,4.59,False,NORMAL,NONE
AWS-04,Shimla Highland,2026-08-09T17:30:00+00:00,19.32,787.47,57.09,10.61,5.64,False,NORMAL,NONE
AWS-04,Shimla Highland,2026-08-09T17:45:00+00:00,19.06,787.31,54.82,9.77,2.23,False,NORMAL,NONE
AWS-04,Shimla Highland,2026-08-09T18:00:00+00:00,19.01,787.06,57.02,10.3,4.61,False,NORMAL,NONE
AWS-04,Shimla Highland,2026-08-09T18:15:00+00:00,19.11,787.43,53.8,9.53,3.44,False,NORMAL,NONE
AWS-04,Shimla Highland,2026-08-09T18:30:00+00:00,18.58,787.82,59.73,10.6,4.13,True,ANOMALY,FROZEN_SENSOR
AWS-04,Shimla Highland,2026-08-09T18:45:00+00:00,18.58,787.87,59.71,10.59,5.8,True,ANOMALY,FROZEN_SENSOR
AWS-04,Shimla Highland,2026-08-09T19:00:00+00:00,18.58,787.54,59.64,10.58,3.57,True,ANOMALY,FROZEN_SENSOR
AWS-04,Shimla Highland,2026-08-09T19:15:00+00:00,18.58,788.51,58.75,10.35,6.1,True,ANOMALY,FROZEN_SENSOR
AWS-04,Shimla Highland,2026-08-09T19:30:00+00:00,18.58,788.24,61.8,11.11,3.86,True,ANOMALY,FROZEN_SENSOR
AWS-04,Shimla Highland,2026-08-09T19:45:00+00:00,18.58,788.36,60.42,10.77,2.13,True,ANOMALY,FROZEN_SENSOR
AWS-04,Shimla Highland,2026-08-09T20:00:00+00:00,18.58,788.54,60.42,10.77,2.66,True,ANOMALY,FROZEN_SENSOR
AWS-04,Shimla Highland,2026-08-09T20:15:00+00:00,18.58,788.3,62.06,11.17,2.59,True,ANOMALY,FROZEN_SENSOR
AWS-04,Shimla Highland,2026-08-09T20:30:00+00:00,15.15,789.58,59.59,7.34,3.06,True,ANOMALY,SENSOR_DRIFT
AWS-04,Shimla Highland,2026-08-09T20:45:00+00:00,14.82,788.77,63.69,8.0,5.83,False,NORMAL,NONE
AWS-04,Shimla Highland,2026-08-09T21:00:00+00:00,15.15,788.6,65.66,8.76,4.32,False,NORMAL,NONE
AWS-04,Shimla Highland,2026-08-09T21:15:00+00:00,14.16,788.67,66.16,7.94,3.16,False,NORMAL,NONE
AWS-04,Shimla Highland,2026-08-09T21:30:00+00:00,13.05,789.33,63.61,6.31,2.83,False,NORMAL,NONE
AWS-04,Shimla Highland,2026-08-09T21:45:00+00:00,13.22,788.85,65.67,6.94,4.09,False,NORMAL,NONE
AWS-04,Shimla Highland,2026-08-09T22:00:00+00:00,12.38,789.15,68.33,6.71,4.26,False,NORMAL,NONE
AWS-04,Shimla Highland,2026-08-09T22:15:00+00:00,13.13,789.03,68.55,7.48,5.22,True,ANOMALY,FROZEN_SENSOR
AWS-04,Shimla Highland,2026-08-09T22:30:00+00:00,13.13,788.91,70.13,7.81,6.05,True,ANOMALY,FROZEN_SENSOR
AWS-04,Shimla Highland,2026-08-09T22:45:00+00:00,13.13,789.5,69.36,7.65,1.61,True,ANOMALY,FROZEN_SENSOR
AWS-04,Shimla Highland,2026-08-09T23:00:00+00:00,13.13,788.32,69.13,7.6,2.12,True,ANOMALY,FROZEN_SENSOR
AWS-04,Shimla Highland,2026-08-09T23:15:00+00:00,13.13,789.24,67.5,7.25,4.54,True,ANOMALY,FROZEN_SENSOR
AWS-04,Shimla Highland,2026-08-09T23:30:00+00:00,13.13,788.15,73.23,8.45,2.68,True,ANOMALY,FROZEN_SENSOR
AWS-04,Shimla Highland,2026-08-09T23:45:00+00:00,13.13,788.82,71.93,8.19,3.05,True,ANOMALY,FROZEN_SENSOR
AWS-04,Shimla Highland,2026-08-10T00:00:00+00:00,13.13,788.83,69.9,7.76,2.68,True,ANOMALY,FROZEN_SENSOR
AWS-04,Shimla Highland,2026-08-10T00:15:00+00:00,10.09,788.82,72.19,5.31,6.14,False,NORMAL,NONE
AWS-04,Shimla Highland,2026-08-10T00:30:00+00:00,9.52,788.98,69.36,4.19,5.03,False,NORMAL,NONE
AWS-04,Shimla Highland,2026-08-10T00:45:00+00:00,9.88,788.61,72.87,5.24,4.62,False,NORMAL,NONE
AWS-04,Shimla Highland,2026-08-10T01:00:00+00:00,9.52,787.43,70.97,4.52,4.09,False,NORMAL,NONE
AWS-04,Shimla Highland,2026-08-10T01:15:00+00:00,9.71,787.64,73.47,5.2,4.56,False,NORMAL,NONE
AWS-04,Shimla Highland,2026-08-10T01:30:00+00:00,9.13,787.55,72.29,4.41,6.24,False,NORMAL,NONE
AWS-04,Shimla Highland,2026-08-10T01:45:00+00:00,9.57,787.68,72.64,4.89,3.25,False,NORMAL,NONE
AWS-04,Shimla Highland,2026-08-10T02:00:00+00:00,8.99,787.08,71.31,4.07,5.13,False,NORMAL,NONE
AWS-04,Shimla Highland,2026-08-10T02:15:00+00:00,10.2,786.95,72.32,5.44,3.86,False,NORMAL,NONE
AWS-04,Shimla Highland,2026-08-10T02:30:00+00:00,9.53,787.09,72.02,4.73,5.73,False,NORMAL,NONE
AWS-04,Shimla Highland,2026-08-10T02:45:00+00:00,20.0,787.45,100.0,23.5,3.67,True,ANOMALY,CROSS_SENSOR_INCONSISTENCY
AWS-04,Shimla Highland,2026-08-10T03:00:00+00:00,9.75,787.17,71.9,4.93,3.78,False,NORMAL,NONE
AWS-04,Shimla Highland,2026-08-10T03:15:00+00:00,10.29,786.96,70.48,5.16,4.9,False,NORMAL,NONE
AWS-04,Shimla Highland,2026-08-10T03:30:00+00:00,9.8,786.6,73.22,5.23,1.66,False,NORMAL,NONE
AWS-04,Shimla Highland,2026-08-10T03:45:00+00:00,34.45,787.28,71.75,28.61,2.73,True,ANOMALY,SPIKE
AWS-04,Shimla Highland,2026-08-10T04:00:00+00:00,10.61,786.65,70.69,5.51,4.03,False,NORMAL,NONE
AWS-04,Shimla Highland,2026-08-10T04:15:00+00:00,5.5,788.81,96.94,5.05,7.7,False,GENUINE_WEATHER_EVENT,GENUINE_WEATHER_EVENT
AWS-04,Shimla Highland,2026-08-10T04:30:00+00:00,10.63,786.39,71.19,5.62,4.61,False,NORMAL,NONE
AWS-04,Shimla Highland,2026-08-10T04:45:00+00:00,11.22,786.86,71.81,6.32,2.86,False,NORMAL,NONE
AWS-04,Shimla Highland,2026-08-10T05:00:00+00:00,10.55,787.17,69.83,5.27,1.36,False,NORMAL,NONE
AWS-04,Shimla Highland,2026-08-10T05:15:00+00:00,12.06,787.34,70.03,6.76,1.0,False,NORMAL,NONE
AWS-04,Shimla Highland,2026-08-10T05:30:00+00:00,11.64,787.3,68.68,6.07,3.26,False,NORMAL,NONE
AWS-04,Shimla Highland,2026-08-10T05:45:00+00:00,12.54,787.45,68.67,6.93,4.69,False,NORMAL,NONE
AWS-04,Shimla Highland,2026-08-10T06:00:00+00:00,12.73,787.17,68.56,7.09,0.81,False,NORMAL,NONE
AWS-04,Shimla Highland,2026-08-10T06:15:00+00:00,12.29,787.54,66.8,6.29,5.23,False,NORMAL,NONE
AWS-04,Shimla Highland,2026-08-10T06:30:00+00:00,13.19,787.91,63.38,6.39,2.67,True,ANOMALY,SENSOR_DRIFT
AWS-04,Shimla Highland,2026-08-10T06:45:00+00:00,13.81,788.42,64.34,7.19,4.65,False,NORMAL,NONE
AWS-04,Shimla Highland,2026-08-10T07:00:00+00:00,13.86,788.27,63.38,7.02,4.13,False,NORMAL,NONE
AWS-04,Shimla Highland,2026-08-10T07:15:00+00:00,14.9,788.02,64.92,8.36,5.13,False,NORMAL,NONE
AWS-04,Shimla Highland,2026-08-10T07:30:00+00:00,15.2,788.19,62.25,8.02,2.58,False,NORMAL,NONE
AWS-04,Shimla Highland,2026-08-10T07:45:00+00:00,10.11,790.81,91.77,8.83,3.47,False,GENUINE_WEATHER_EVENT,GENUINE_WEATHER_EVENT
AWS-04,Shimla Highland,2026-08-10T08:00:00+00:00,15.22,788.3,61.54,7.87,6.93,False,NORMAL,NONE
AWS-04,Shimla Highland,2026-08-10T08:15:00+00:00,15.77,788.47,63.31,8.82,6.13,False,NORMAL,NONE
AWS-04,Shimla Highland,2026-08-10T08:30:00+00:00,16.53,789.17,63.06,9.47,2.83,False,NORMAL,NONE
AWS-04,Shimla Highland,2026-08-10T08:45:00+00:00,17.56,788.84,59.78,9.65,4.6,False,NORMAL,NONE
AWS-04,Shimla Highland,2026-08-10T09:00:00+00:00,17.87,789.47,57.91,9.46,6.13,False,NORMAL,NONE
AWS-04,Shimla Highland,2026-08-10T09:15:00+00:00,18.35,789.57,59.24,10.26,6.04,False,NORMAL,NONE
AWS-04,Shimla Highland,2026-08-10T09:30:00+00:00,18.23,789.19,58.2,9.88,3.5,False,NORMAL,NONE
AWS-04,Shimla Highland,2026-08-10T09:45:00+00:00,18.69,789.22,58.67,10.43,2.59,False,NORMAL,NONE
AWS-04,Shimla Highland,2026-08-10T10:00:00+00:00,19.56,789.04,55.13,10.31,2.74,False,NORMAL,NONE
AWS-04,Shimla Highland,2026-08-10T10:15:00+00:00,19.8,789.19,56.71,10.96,5.01,False,NORMAL,NONE
AWS-04,Shimla Highland,2026-08-10T10:30:00+00:00,20.0,789.21,100.0,23.5,3.52,True,ANOMALY,CROSS_SENSOR_INCONSISTENCY
AWS-04,Shimla Highland,2026-08-10T10:45:00+00:00,20.0,788.46,100.0,23.5,5.78,True,ANOMALY,CROSS_SENSOR_INCONSISTENCY
AWS-04,Shimla Highland,2026-08-10T11:00:00+00:00,21.07,788.96,53.71,11.32,6.18,False,NORMAL,NONE
AWS-04,Shimla Highland,2026-08-10T11:15:00+00:00,20.76,789.27,53.27,10.91,4.14,False,NORMAL,NONE
AWS-04,Shimla Highland,2026-08-10T11:30:00+00:00,21.47,789.21,53.05,11.51,5.95,False,NORMAL,NONE
AWS-04,Shimla Highland,2026-08-10T11:45:00+00:00,21.74,788.69,52.82,11.69,2.4,False,NORMAL,NONE
AWS-04,Shimla Highland,2026-08-10T12:00:00+00:00,21.56,788.11,52.45,11.42,6.6,False,NORMAL,NONE
AWS-04,Shimla Highland,2026-08-10T12:15:00+00:00,22.25,787.89,51.79,11.86,5.36,False,NORMAL,NONE
AWS-04,Shimla Highland,2026-08-10T12:30:00+00:00,22.46,788.41,52.75,12.33,5.86,False,NORMAL,NONE
AWS-04,Shimla Highland,2026-08-10T12:45:00+00:00,22.7,788.25,52.04,12.35,5.5,False,NORMAL,NONE
AWS-04,Shimla Highland,2026-08-10T13:00:00+00:00,22.7,787.98,52.07,12.36,7.18,False,NORMAL,NONE
AWS-04,Shimla Highland,2026-08-10T13:15:00+00:00,22.84,788.01,50.56,12.04,3.25,False,NORMAL,NONE
AWS-04,Shimla Highland,2026-08-10T13:30:00+00:00,22.02,787.55,51.09,11.44,5.98,False,NORMAL,NONE
AWS-04,Shimla Highland,2026-08-10T13:45:00+00:00,22.73,787.3,50.82,12.02,2.71,False,NORMAL,NONE
AWS-04,Shimla Highland,2026-08-10T14:00:00+00:00,16.75,789.32,80.21,13.32,5.27,False,GENUINE_WEATHER_EVENT,GENUINE_WEATHER_EVENT
AWS-04,Shimla Highland,2026-08-10T14:15:00+00:00,23.2,787.26,51.65,12.7,3.91,False,NORMAL,NONE
AWS-04,Shimla Highland,2026-08-10T14:30:00+00:00,22.78,787.32,50.82,12.06,5.31,False,NORMAL,NONE
AWS-04,Shimla Highland,2026-08-10T14:45:00+00:00,22.54,786.89,52.61,12.37,5.29,False,NORMAL,NONE
AWS-04,Shimla Highland,2026-08-10T15:00:00+00:00,22.87,786.97,51.61,12.38,3.24,False,NORMAL,NONE
AWS-04,Shimla Highland,2026-08-10T15:15:00+00:00,22.4,786.72,51.44,11.9,2.52,False,NORMAL,NONE
AWS-04,Shimla Highland,2026-08-10T15:30:00+00:00,21.52,786.81,51.64,11.15,1.96,False,NORMAL,NONE
AWS-04,Shimla Highland,2026-08-10T15:45:00+00:00,22.33,786.93,53.08,12.31,3.08,False,NORMAL,NONE
AWS-04,Shimla Highland,2026-08-10T16:00:00+00:00,21.65,786.47,53.34,11.75,5.53,False,NORMAL,NONE
AWS-04,Shimla Highland,2026-08-10T16:15:00+00:00,21.26,786.39,53.77,11.51,5.48,False,NORMAL,NONE
AWS-04,Shimla Highland,2026-08-10T16:30:00+00:00,21.12,786.79,52.68,11.08,5.25,False,NORMAL,NONE
AWS-04,Shimla Highland,2026-08-10T16:45:00+00:00,20.53,786.7,53.0,10.62,7.01,False,NORMAL,NONE
AWS-04,Shimla Highland,2026-08-10T17:00:00+00:00,19.6,787.03,53.82,9.99,1.68,False,NORMAL,NONE
AWS-04,Shimla Highland,2026-08-10T17:15:00+00:00,14.71,788.86,83.45,11.94,5.49,False,GENUINE_WEATHER_EVENT,GENUINE_WEATHER_EVENT
AWS-04,Shimla Highland,2026-08-10T17:30:00+00:00,19.97,786.79,57.38,11.29,4.42,False,NORMAL,NONE
AWS-04,Shimla Highland,2026-08-10T17:45:00+00:00,19.94,787.92,56.62,11.07,1.92,False,NORMAL,NONE
AWS-04,Shimla Highland,2026-08-10T18:00:00+00:00,18.84,788.21,56.44,9.99,4.2,False,NORMAL,NONE
AWS-04,Shimla Highland,2026-08-10T18:15:00+00:00,20.0,788.21,59.42,11.85,3.92,False,NORMAL,NONE
AWS-04,Shimla Highland,2026-08-10T18:30:00+00:00,18.28,788.16,57.26,9.68,4.03,False,NORMAL,NONE
AWS-04,Shimla Highland,2026-08-10T18:45:00+00:00,18.53,788.27,57.89,10.08,1.63,False,NORMAL,NONE
AWS-04,Shimla Highland,2026-08-10T19:00:00+00:00,17.17,788.27,59.85,9.3,2.76,False,NORMAL,NONE
AWS-04,Shimla Highland,2026-08-10T19:15:00+00:00,17.54,788.4,60.32,9.77,2.92,True,ANOMALY,SENSOR_DRIFT
AWS-04,Shimla Highland,2026-08-10T19:30:00+00:00,17.07,788.36,61.75,9.67,2.36,False,NORMAL,NONE
AWS-04,Shimla Highland,2026-08-10T19:45:00+00:00,16.81,788.81,62.39,9.58,3.16,False,NORMAL,NONE
AWS-04,Shimla Highland,2026-08-10T20:00:00+00:00,16.1,788.08,60.76,8.52,7.16,False,NORMAL,NONE
AWS-04,Shimla Highland,2026-08-10T20:15:00+00:00,15.05,789.23,61.24,7.64,3.11,False,NORMAL,NONE
AWS-04,Shimla Highland,2026-08-10T20:30:00+00:00,14.75,788.8,63.8,7.96,4.53,False,NORMAL,NONE
AWS-04,Shimla Highland,2026-08-10T20:45:00+00:00,14.79,789.0,63.27,7.87,4.35,False,NORMAL,NONE
AWS-04,Shimla Highland,2026-08-10T21:00:00+00:00,14.99,788.89,65.99,8.68,2.14,False,NORMAL,NONE
AWS-04,Shimla Highland,2026-08-10T21:15:00+00:00,14.06,789.16,67.94,8.23,3.14,False,NORMAL,NONE
AWS-04,Shimla Highland,2026-08-10T21:30:00+00:00,13.54,789.15,65.24,7.14,4.73,False,NORMAL,NONE
AWS-04,Shimla Highland,2026-08-10T21:45:00+00:00,13.37,789.19,63.05,6.48,4.29,True,ANOMALY,SENSOR_DRIFT
AWS-04,Shimla Highland,2026-08-10T22:00:00+00:00,12.69,789.22,66.96,6.71,3.49,True,ANOMALY,FROZEN_SENSOR
AWS-04,Shimla Highland,2026-08-10T22:15:00+00:00,12.69,789.21,67.39,6.8,7.12,True,ANOMALY,FROZEN_SENSOR
AWS-04,Shimla Highland,2026-08-10T22:30:00+00:00,12.69,789.39,68.64,7.07,0.83,True,ANOMALY,FROZEN_SENSOR
AWS-04,Shimla Highland,2026-08-10T22:45:00+00:00,12.69,788.98,67.67,6.86,0.5,True,ANOMALY,FROZEN_SENSOR
AWS-04,Shimla Highland,2026-08-10T23:00:00+00:00,12.69,788.74,68.05,6.95,3.42,True,ANOMALY,FROZEN_SENSOR
AWS-04,Shimla Highland,2026-08-10T23:15:00+00:00,12.69,788.86,69.1,7.17,2.47,True,ANOMALY,FROZEN_SENSOR
AWS-04,Shimla Highland,2026-08-10T23:30:00+00:00,12.69,788.84,71.66,7.7,6.22,True,ANOMALY,FROZEN_SENSOR
AWS-04,Shimla Highland,2026-08-10T23:45:00+00:00,12.69,788.53,72.15,7.8,4.83,True,ANOMALY,FROZEN_SENSOR
AWS-04,Shimla Highland,2026-08-11T00:00:00+00:00,-5.28,788.5,71.39,-9.64,2.26,True,ANOMALY,SPIKE
AWS-04,Shimla Highland,2026-08-11T00:15:00+00:00,10.97,789.15,70.71,5.85,4.45,False,NORMAL,NONE
AWS-04,Shimla Highland,2026-08-11T00:30:00+00:00,10.21,770.02,72.99,5.58,2.69,True,ANOMALY,SPIKE
AWS-04,Shimla Highland,2026-08-11T00:45:00+00:00,10.35,810.13,73.63,5.84,4.73,True,ANOMALY,SPIKE
AWS-04,Shimla Highland,2026-08-11T01:00:00+00:00,8.46,787.79,69.99,3.3,3.11,False,NORMAL,NONE
AWS-04,Shimla Highland,2026-08-11T01:15:00+00:00,8.74,787.98,72.41,4.05,2.76,False,NORMAL,NONE
AWS-04,Shimla Highland,2026-08-11T01:30:00+00:00,9.97,787.85,71.63,5.08,5.14,False,NORMAL,NONE
AWS-04,Shimla Highland,2026-08-11T01:45:00+00:00,8.87,787.81,72.02,4.1,5.12,False,NORMAL,NONE
AWS-04,Shimla Highland,2026-08-11T02:00:00+00:00,9.59,787.09,73.9,5.16,6.04,False,NORMAL,NONE
AWS-04,Shimla Highland,2026-08-11T02:15:00+00:00,9.53,786.82,75.44,5.4,2.62,False,NORMAL,NONE
AWS-04,Shimla Highland,2026-08-11T02:30:00+00:00,10.03,787.61,68.53,4.5,7.73,False,NORMAL,NONE
AWS-04,Shimla Highland,2026-08-11T02:45:00+00:00,9.07,786.8,72.26,4.34,0.53,False,NORMAL,NONE
AWS-04,Shimla Highland,2026-08-11T03:00:00+00:00,9.74,787.22,73.28,5.18,4.56,False,NORMAL,NONE
AWS-04,Shimla Highland,2026-08-11T03:15:00+00:00,9.93,786.63,72.37,5.19,3.69,False,NORMAL,NONE
AWS-04,Shimla Highland,2026-08-11T03:30:00+00:00,10.64,786.73,69.07,5.2,2.67,False,NORMAL,NONE
AWS-04,Shimla Highland,2026-08-11T03:45:00+00:00,10.06,786.54,70.53,4.95,4.51,False,NORMAL,NONE
AWS-04,Shimla Highland,2026-08-11T04:00:00+00:00,10.09,786.63,70.43,4.95,5.94,False,NORMAL,NONE
AWS-04,Shimla Highland,2026-08-11T04:15:00+00:00,10.51,787.08,69.17,5.1,4.54,False,NORMAL,NONE
AWS-04,Shimla Highland,2026-08-11T04:30:00+00:00,10.68,786.8,69.32,5.29,2.6,False,NORMAL,NONE
AWS-04,Shimla Highland,2026-08-11T04:45:00+00:00,11.37,786.74,68.87,5.86,4.91,False,NORMAL,NONE
AWS-04,Shimla Highland,2026-08-11T05:00:00+00:00,6.17,788.97,97.2,5.76,2.88,False,GENUINE_WEATHER_EVENT,GENUINE_WEATHER_EVENT
AWS-04,Shimla Highland,2026-08-11T05:15:00+00:00,11.29,786.5,71.31,6.29,2.18,False,NORMAL,NONE
AWS-04,Shimla Highland,2026-08-11T05:30:00+00:00,12.27,787.47,68.58,6.65,5.7,False,NORMAL,NONE
AWS-04,Shimla Highland,2026-08-11T05:45:00+00:00,11.92,787.31,67.59,6.11,3.02,True,ANOMALY,SENSOR_DRIFT
AWS-04,Shimla Highland,2026-08-11T06:00:00+00:00,13.04,787.5,66.42,6.92,3.41,False,NORMAL,NONE
AWS-04,Shimla Highland,2026-08-11T06:15:00+00:00,13.1,787.33,65.81,6.85,5.7,False,NORMAL,NONE
AWS-04,Shimla Highland,2026-08-11T06:30:00+00:00,14.01,787.46,64.7,7.46,2.22,False,NORMAL,NONE
AWS-04,Shimla Highland,2026-08-11T06:45:00+00:00,13.66,769.6,64.89,7.18,4.85,True,ANOMALY,SPIKE
AWS-04,Shimla Highland,2026-08-11T07:00:00+00:00,14.18,787.67,62.23,7.06,2.16,False,NORMAL,NONE
AWS-04,Shimla Highland,2026-08-11T07:15:00+00:00,14.89,788.2,64.06,8.15,2.74,False,NORMAL,NONE
AWS-04,Shimla Highland,2026-08-11T07:30:00+00:00,15.29,788.08,62.48,8.16,5.74,False,NORMAL,NONE
AWS-04,Shimla Highland,2026-08-11T07:45:00+00:00,15.75,788.82,62.09,8.51,4.19,False,NORMAL,NONE
AWS-04,Shimla Highland,2026-08-11T08:00:00+00:00,15.34,788.45,63.37,8.42,3.48,False,NORMAL,NONE
AWS-04,Shimla Highland,2026-08-11T08:15:00+00:00,20.0,788.47,100.0,23.5,2.05,True,ANOMALY,CROSS_SENSOR_INCONSISTENCY
AWS-04,Shimla Highland,2026-08-11T08:30:00+00:00,16.64,788.9,61.73,9.26,1.83,False,NORMAL,NONE
AWS-04,Shimla Highland,2026-08-11T08:45:00+00:00,17.17,789.23,60.7,9.51,3.62,False,NORMAL,NONE
AWS-04,Shimla Highland,2026-08-11T09:00:00+00:00,17.48,788.76,58.21,9.18,3.5,True,ANOMALY,FROZEN_SENSOR
AWS-04,Shimla Highland,2026-08-11T09:15:00+00:00,17.48,789.2,59.14,9.42,1.48,True,ANOMALY,FROZEN_SENSOR
AWS-04,Shimla Highland,2026-08-11T09:30:00+00:00,17.48,788.65,58.14,9.16,4.02,True,ANOMALY,FROZEN_SENSOR
AWS-04,Shimla Highland,2026-08-11T09:45:00+00:00,17.48,789.32,56.2,8.66,3.43,True,ANOMALY,FROZEN_SENSOR
AWS-04,Shimla Highland,2026-08-11T10:00:00+00:00,17.48,788.93,57.55,9.01,4.84,True,ANOMALY,FROZEN_SENSOR
AWS-04,Shimla Highland,2026-08-11T10:15:00+00:00,17.48,791.79,83.57,14.67,5.27,True,ANOMALY,FROZEN_SENSOR
AWS-04,Shimla Highland,2026-08-11T10:30:00+00:00,17.48,789.2,55.37,8.44,4.95,True,ANOMALY,FROZEN_SENSOR
AWS-04,Shimla Highland,2026-08-11T10:45:00+00:00,17.48,789.38,54.93,8.32,5.35,True,ANOMALY,FROZEN_SENSOR
AWS-04,Shimla Highland,2026-08-11T11:00:00+00:00,20.59,788.54,54.79,11.18,3.61,True,ANOMALY,SENSOR_DRIFT
AWS-04,Shimla Highland,2026-08-11T11:15:00+00:00,20.79,788.86,54.26,11.22,4.68,False,NORMAL,NONE
AWS-04,Shimla Highland,2026-08-11T11:30:00+00:00,21.3,788.87,54.82,11.84,4.9,False,NORMAL,NONE
AWS-04,Shimla Highland,2026-08-11T11:45:00+00:00,21.82,789.09,52.83,11.77,4.85,False,NORMAL,NONE
AWS-04,Shimla Highland,2026-08-11T12:00:00+00:00,21.01,788.07,52.25,10.85,5.46,False,NORMAL,NONE
AWS-04,Shimla Highland,2026-08-11T12:15:00+00:00,21.64,788.41,51.88,11.33,2.52,False,NORMAL,NONE
AWS-04,Shimla Highland,2026-08-11T12:30:00+00:00,22.7,788.45,53.22,12.69,4.73,False,NORMAL,NONE
AWS-04,Shimla Highland,2026-08-11T12:45:00+00:00,21.41,787.81,51.31,10.95,3.69,False,NORMAL,NONE
AWS-04,Shimla Highland,2026-08-11T13:00:00+00:00,22.23,787.49,51.41,11.73,5.13,False,NORMAL,NONE
AWS-04,Shimla Highland,2026-08-11T13:15:00+00:00,21.78,787.58,52.68,11.69,2.35,False,NORMAL,NONE
AWS-04,Shimla Highland,2026-08-11T13:30:00+00:00,22.88,787.9,52.35,12.61,2.34,False,NORMAL,NONE
AWS-04,Shimla Highland,2026-08-11T13:45:00+00:00,22.32,788.09,50.72,11.61,3.56,False,NORMAL,NONE
AWS-04,Shimla Highland,2026-08-11T14:00:00+00:00,22.17,787.01,54.14,12.46,3.83,False,NORMAL,NONE
AWS-04,Shimla Highland,2026-08-11T14:15:00+00:00,22.61,787.4,52.03,12.27,4.74,False,NORMAL,NONE
AWS-04,Shimla Highland,2026-08-11T14:30:00+00:00,22.77,787.49,53.66,12.88,0.51,False,NORMAL,NONE
AWS-04,Shimla Highland,2026-08-11T14:45:00+00:00,22.92,787.38,54.08,13.15,4.69,False,NORMAL,NONE
AWS-04,Shimla Highland,2026-08-11T15:00:00+00:00,22.28,787.29,50.82,11.6,3.15,False,NORMAL,NONE
AWS-04,Shimla Highland,2026-08-11T15:15:00+00:00,21.97,786.78,49.71,10.98,3.24,False,NORMAL,NONE
AWS-04,Shimla Highland,2026-08-11T15:30:00+00:00,22.05,786.84,52.54,11.9,5.5,False,NORMAL,NONE
AWS-04,Shimla Highland,2026-08-11T15:45:00+00:00,22.32,786.19,52.96,12.27,5.67,False,NORMAL,NONE
AWS-04,Shimla Highland,2026-08-11T16:00:00+00:00,21.83,786.67,51.5,11.39,6.81,False,NORMAL,NONE
AWS-04,Shimla Highland,2026-08-11T16:15:00+00:00,20.87,786.7,53.76,11.15,1.93,False,NORMAL,NONE
AWS-04,Shimla Highland,2026-08-11T16:30:00+00:00,20.61,787.1,53.64,10.88,5.44,False,NORMAL,NONE
AWS-04,Shimla Highland,2026-08-11T16:45:00+00:00,20.62,787.1,55.97,11.53,2.34,False,NORMAL,NONE
AWS-04,Shimla Highland,2026-08-11T17:00:00+00:00,19.46,787.41,54.82,10.14,5.98,False,NORMAL,NONE
AWS-04,Shimla Highland,2026-08-11T17:15:00+00:00,19.37,787.0,56.1,10.39,5.09,False,NORMAL,NONE
AWS-04,Shimla Highland,2026-08-11T17:30:00+00:00,19.78,786.83,56.05,10.77,2.49,False,NORMAL,NONE
AWS-04,Shimla Highland,2026-08-11T17:45:00+00:00,19.33,787.6,56.34,10.43,1.57,False,NORMAL,NONE
AWS-04,Shimla Highland,2026-08-11T18:00:00+00:00,19.35,787.36,56.87,10.58,4.63,False,NORMAL,NONE
AWS-04,Shimla Highland,2026-08-11T18:15:00+00:00,18.46,788.11,55.33,9.34,4.48,False,NORMAL,NONE
AWS-04,Shimla Highland,2026-08-11T18:30:00+00:00,18.55,787.68,57.03,9.88,4.12,False,NORMAL,NONE
AWS-04,Shimla Highland,2026-08-11T18:45:00+00:00,18.4,787.87,58.07,10.0,3.17,False,NORMAL,NONE
AWS-04,Shimla Highland,2026-08-11T19:00:00+00:00,17.17,788.03,59.83,9.3,2.14,False,NORMAL,NONE
AWS-04,Shimla Highland,2026-08-11T19:15:00+00:00,17.05,787.95,58.35,8.81,4.56,False,NORMAL,NONE
AWS-04,Shimla Highland,2026-08-11T19:30:00+00:00,17.11,787.99,61.9,9.74,3.83,False,NORMAL,NONE
AWS-04,Shimla Highland,2026-08-11T19:45:00+00:00,15.88,788.93,61.65,8.53,3.57,False,NORMAL,NONE
AWS-04,Shimla Highland,2026-08-11T20:00:00+00:00,15.85,788.32,62.69,8.75,3.98,False,NORMAL,NONE
AWS-04,Shimla Highland,2026-08-11T20:15:00+00:00,16.33,788.56,62.7,9.2,3.07,False,NORMAL,NONE
AWS-04,Shimla Highland,2026-08-11T20:30:00+00:00,15.06,789.03,63.84,8.27,3.85,False,NORMAL,NONE
AWS-04,Shimla Highland,2026-08-11T20:45:00+00:00,15.26,789.41,64.97,8.71,8.09,False,NORMAL,NONE
AWS-04,Shimla Highland,2026-08-11T21:00:00+00:00,14.63,788.68,62.77,7.61,3.75,False,NORMAL,NONE
AWS-04,Shimla Highland,2026-08-11T21:15:00+00:00,-1.68,789.07,66.55,-7.09,3.18,True,ANOMALY,SPIKE
AWS-04,Shimla Highland,2026-08-11T21:30:00+00:00,13.85,789.02,66.62,7.74,5.72,False,NORMAL,NONE
AWS-04,Shimla Highland,2026-08-11T21:45:00+00:00,13.33,789.3,66.01,7.11,2.32,False,NORMAL,NONE
AWS-04,Shimla Highland,2026-08-11T22:00:00+00:00,13.16,789.21,66.02,6.95,4.78,False,NORMAL,NONE
AWS-04,Shimla Highland,2026-08-11T22:15:00+00:00,12.66,789.21,68.82,7.08,4.0,False,NORMAL,NONE
AWS-04,Shimla Highland,2026-08-11T22:30:00+00:00,6.9,791.25,94.83,6.13,4.73,False,GENUINE_WEATHER_EVENT,GENUINE_WEATHER_EVENT
AWS-04,Shimla Highland,2026-08-11T22:45:00+00:00,36.25,789.16,68.41,29.5,3.53,True,ANOMALY,SPIKE
AWS-04,Shimla Highland,2026-08-11T23:00:00+00:00,11.02,789.14,70.56,5.87,2.72,False,NORMAL,NONE
AWS-04,Shimla Highland,2026-08-11T23:15:00+00:00,10.9,788.82,68.18,5.26,4.6,False,NORMAL,NONE
AWS-04,Shimla Highland,2026-08-11T23:30:00+00:00,11.3,789.27,70.54,6.14,6.4,False,NORMAL,NONE
AWS-04,Shimla Highland,2026-08-11T23:45:00+00:00,5.47,790.71,100.41,5.47,0.5,False,GENUINE_WEATHER_EVENT,GENUINE_WEATHER_EVENT
AWS-04,Shimla Highland,2026-08-12T00:00:00+00:00,11.09,788.17,71.25,6.08,5.52,False,NORMAL,NONE
AWS-04,Shimla Highland,2026-08-12T00:15:00+00:00,10.34,788.86,71.79,5.47,3.09,False,NORMAL,NONE
AWS-04,Shimla Highland,2026-08-12T00:30:00+00:00,10.51,787.91,69.22,5.11,4.51,False,NORMAL,NONE
AWS-04,Shimla Highland,2026-08-12T00:45:00+00:00,9.08,788.29,71.01,4.1,3.71,False,NORMAL,NONE
AWS-04,Shimla Highland,2026-08-12T01:00:00+00:00,9.54,788.55,70.92,4.52,5.87,False,NORMAL,NONE
AWS-04,Shimla Highland,2026-08-12T01:15:00+00:00,9.74,788.28,71.7,4.87,2.64,False,NORMAL,NONE
AWS-04,Shimla Highland,2026-08-12T01:30:00+00:00,9.12,787.97,71.45,4.23,4.3,False,NORMAL,NONE
AWS-04,Shimla Highland,2026-08-12T01:45:00+00:00,9.48,787.09,71.31,4.54,3.83,False,NORMAL,NONE
AWS-04,Shimla Highland,2026-08-12T02:00:00+00:00,8.9,787.3,72.66,4.26,1.18,False,NORMAL,NONE
AWS-04,Shimla Highland,2026-08-12T02:15:00+00:00,9.53,787.29,74.12,5.14,4.36,False,NORMAL,NONE
AWS-04,Shimla Highland,2026-08-12T02:30:00+00:00,9.35,787.33,72.73,4.7,4.53,False,NORMAL,NONE
AWS-04,Shimla Highland,2026-08-12T02:45:00+00:00,9.94,787.52,71.53,5.03,3.29,False,NORMAL,NONE
AWS-04,Shimla Highland,2026-08-12T03:00:00+00:00,10.82,786.92,71.43,5.86,1.55,False,NORMAL,NONE
AWS-04,Shimla Highland,2026-08-12T03:15:00+00:00,27.82,786.91,73.08,22.55,5.48,True,ANOMALY,SPIKE
AWS-04,Shimla Highland,2026-08-12T03:30:00+00:00,9.6,786.72,71.84,4.77,3.56,False,NORMAL,NONE
AWS-04,Shimla Highland,2026-08-12T03:45:00+00:00,9.97,786.56,70.9,4.93,5.25,False,NORMAL,NONE
AWS-04,Shimla Highland,2026-08-12T04:00:00+00:00,5.33,788.84,97.64,4.99,4.1,False,GENUINE_WEATHER_EVENT,GENUINE_WEATHER_EVENT
AWS-04,Shimla Highland,2026-08-12T04:15:00+00:00,10.76,786.9,70.95,5.7,3.18,False,NORMAL,NONE
AWS-04,Shimla Highland,2026-08-12T04:30:00+00:00,11.17,787.33,68.93,5.68,1.43,False,NORMAL,NONE
AWS-04,Shimla Highland,2026-08-12T04:45:00+00:00,10.78,786.71,70.81,5.69,5.82,False,NORMAL,NONE
AWS-04,Shimla Highland,2026-08-12T05:00:00+00:00,11.16,786.71,67.1,5.28,3.93,False,NORMAL,NONE
AWS-04,Shimla Highland,2026-08-12T05:15:00+00:00,11.96,786.84,68.57,6.36,1.98,False,NORMAL,NONE
AWS-04,Shimla Highland,2026-08-12T05:30:00+00:00,11.8,787.32,69.83,6.47,5.81,False,NORMAL,NONE
AWS-04,Shimla Highland,2026-08-12T05:45:00+00:00,11.85,787.22,68.8,6.3,1.87,False,NORMAL,NONE
AWS-04,Shimla Highland,2026-08-12T06:00:00+00:00,12.87,787.41,63.31,6.07,6.74,True,ANOMALY,SENSOR_DRIFT
AWS-04,Shimla Highland,2026-08-12T06:15:00+00:00,12.58,787.54,66.59,6.53,1.97,False,NORMAL,NONE
AWS-04,Shimla Highland,2026-08-12T06:30:00+00:00,13.83,787.59,65.68,7.51,4.14,False,NORMAL,NONE
AWS-04,Shimla Highland,2026-08-12T06:45:00+00:00,14.04,787.88,64.85,7.53,2.93,False,NORMAL,NONE
AWS-04,Shimla Highland,2026-08-12T07:00:00+00:00,14.66,787.79,64.81,8.11,3.93,False,NORMAL,NONE
AWS-04,Shimla Highland,2026-08-12T07:15:00+00:00,14.34,788.02,63.44,7.49,5.72,False,NORMAL,NONE
AWS-04,Shimla Highland,2026-08-12T07:30:00+00:00,9.15,790.73,90.8,7.72,3.54,False,GENUINE_WEATHER_EVENT,GENUINE_WEATHER_EVENT
AWS-04,Shimla Highland,2026-08-12T07:45:00+00:00,15.95,788.4,63.82,9.11,6.7,False,NORMAL,NONE
AWS-04,Shimla Highland,2026-08-12T08:00:00+00:00,1.91,788.74,61.2,-4.78,4.25,True,ANOMALY,SPIKE
AWS-04,Shimla Highland,2026-08-12T08:15:00+00:00,15.85,788.93,61.1,8.36,5.35,False,NORMAL,NONE
AWS-04,Shimla Highland,2026-08-12T08:30:00+00:00,16.48,788.76,59.57,8.59,3.47,False,NORMAL,NONE
AWS-04,Shimla Highland,2026-08-12T08:45:00+00:00,17.22,789.1,59.29,9.21,4.78,False,NORMAL,NONE
AWS-04,Shimla Highland,2026-08-12T09:00:00+00:00,17.87,789.69,60.93,10.23,5.1,False,NORMAL,NONE
AWS-04,Shimla Highland,2026-08-12T09:15:00+00:00,18.23,789.08,59.91,10.31,2.45,False,NORMAL,NONE
AWS-04,Shimla Highland,2026-08-12T09:30:00+00:00,19.23,789.43,57.97,10.76,3.47,False,NORMAL,NONE
AWS-04,Shimla Highland,2026-08-12T09:45:00+00:00,18.63,789.19,56.19,9.73,4.85,False,NORMAL,NONE
AWS-04,Shimla Highland,2026-08-12T10:00:00+00:00,19.24,789.08,57.53,10.65,3.28,False,NORMAL,NONE
AWS-04,Shimla Highland,2026-08-12T10:15:00+00:00,19.31,789.28,56.87,10.54,4.31,False,NORMAL,NONE
AWS-04,Shimla Highland,2026-08-12T10:30:00+00:00,19.56,789.07,55.79,10.49,3.21,False,NORMAL,NONE
AWS-04,Shimla Highland,2026-08-12T10:45:00+00:00,20.41,789.02,55.26,11.14,4.37,False,NORMAL,NONE
AWS-04,Shimla Highland,2026-08-12T11:00:00+00:00,20.93,789.54,57.73,12.28,4.78,False,NORMAL,NONE
AWS-04,Shimla Highland,2026-08-12T11:15:00+00:00,21.09,788.58,52.59,11.02,3.93,False,NORMAL,NONE
AWS-04,Shimla Highland,2026-08-12T11:30:00+00:00,21.36,788.96,54.03,11.69,5.61,False,NORMAL,NONE
AWS-04,Shimla Highland,2026-08-12T11:45:00+00:00,21.73,788.84,53.49,11.87,4.04,False,NORMAL,NONE
AWS-04,Shimla Highland,2026-08-12T12:00:00+00:00,21.6,788.42,51.58,11.21,1.7,False,NORMAL,NONE
AWS-04,Shimla Highland,2026-08-12T12:15:00+00:00,22.09,789.24,55.13,12.67,4.19,False,NORMAL,NONE
AWS-04,Shimla Highland,2026-08-12T12:30:00+00:00,21.55,788.75,51.81,11.22,3.41,False,NORMAL,NONE
AWS-04,Shimla Highland,2026-08-12T12:45:00+00:00,22.04,788.11,53.28,12.1,2.84,False,NORMAL,NONE
AWS-04,Shimla Highland,2026-08-12T13:00:00+00:00,22.54,787.47,53.29,12.56,4.7,False,NORMAL,NONE
AWS-04,Shimla Highland,2026-08-12T13:15:00+00:00,40.0,787.61,50.38,27.74,3.91,True,ANOMALY,SPIKE
AWS-04,Shimla Highland,2026-08-12T13:30:00+00:00,22.25,788.13,52.16,11.97,3.05,False,NORMAL,NONE
AWS-04,Shimla Highland,2026-08-12T13:45:00+00:00,23.42,787.53,50.55,12.58,5.22,False,NORMAL,NONE
AWS-04,Shimla Highland,2026-08-12T14:00:00+00:00,22.31,787.99,51.01,11.69,2.31,False,NORMAL,NONE
AWS-04,Shimla Highland,2026-08-12T14:15:00+00:00,22.58,787.39,51.02,11.94,2.46,False,NORMAL,NONE
AWS-04,Shimla Highland,2026-08-12T14:30:00+00:00,22.64,787.1,52.57,12.45,3.08,False,NORMAL,NONE
AWS-04,Shimla Highland,2026-08-12T14:45:00+00:00,22.33,787.61,52.35,12.1,5.73,False,NORMAL,NONE
AWS-04,Shimla Highland,2026-08-12T15:00:00+00:00,21.5,786.92,50.98,10.93,3.79,False,NORMAL,NONE
AWS-04,Shimla Highland,2026-08-12T15:15:00+00:00,21.34,787.12,49.68,10.4,1.73,False,NORMAL,NONE
AWS-04,Shimla Highland,2026-08-12T15:30:00+00:00,21.4,786.49,55.54,12.13,3.0,False,NORMAL,NONE
AWS-04,Shimla Highland,2026-08-12T15:45:00+00:00,21.96,787.03,52.23,11.72,3.98,False,NORMAL,NONE
AWS-04,Shimla Highland,2026-08-12T16:00:00+00:00,21.34,786.82,54.17,11.7,2.62,False,NORMAL,NONE
AWS-04,Shimla Highland,2026-08-12T16:15:00+00:00,45.01,786.68,55.14,33.92,2.47,True,ANOMALY,SPIKE
AWS-04,Shimla Highland,2026-08-12T16:30:00+00:00,21.08,786.6,52.38,10.96,5.29,False,NORMAL,NONE
AWS-04,Shimla Highland,2026-08-12T16:45:00+00:00,20.7,787.08,51.32,10.3,4.18,True,ANOMALY,SENSOR_DRIFT
AWS-04,Shimla Highland,2026-08-12T17:00:00+00:00,20.96,786.86,56.1,11.88,4.95,False,NORMAL,NONE
AWS-04,Shimla Highland,2026-08-12T17:15:00+00:00,20.25,786.78,54.64,10.82,4.85,False,NORMAL,NONE
AWS-04,Shimla Highland,2026-08-12T17:30:00+00:00,19.11,787.26,57.48,10.52,4.96,False,NORMAL,NONE
AWS-04,Shimla Highland,2026-08-12T17:45:00+00:00,19.39,787.13,54.82,10.07,3.41,False,NORMAL,NONE
AWS-04,Shimla Highland,2026-08-12T18:00:00+00:00,19.39,787.65,56.27,10.46,2.78,False,NORMAL,NONE
AWS-04,Shimla Highland,2026-08-12T18:15:00+00:00,18.82,787.0,56.56,10.01,2.74,False,NORMAL,NONE
AWS-04,Shimla Highland,2026-08-12T18:30:00+00:00,18.47,788.05,56.5,9.66,4.28,False,NORMAL,NONE
AWS-04,Shimla Highland,2026-08-12T18:45:00+00:00,18.33,787.77,60.51,10.55,2.4,False,NORMAL,NONE
AWS-04,Shimla Highland,2026-08-12T19:00:00+00:00,17.52,789.08,59.48,9.54,4.84,False,NORMAL,NONE
AWS-04,Shimla Highland,2026-08-12T19:15:00+00:00,16.88,787.74,59.25,8.88,2.01,False,NORMAL,NONE
AWS-04,Shimla Highland,2026-08-12T19:30:00+00:00,16.89,788.55,58.99,8.82,4.82,False,NORMAL,NONE
AWS-04,Shimla Highland,2026-08-12T19:45:00+00:00,16.78,787.97,60.76,9.16,2.08,False,NORMAL,NONE
AWS-04,Shimla Highland,2026-08-12T20:00:00+00:00,16.29,788.73,61.26,8.82,4.05,False,NORMAL,NONE
AWS-04,Shimla Highland,2026-08-12T20:15:00+00:00,15.09,788.88,62.9,8.08,4.69,False,NORMAL,NONE
AWS-04,Shimla Highland,2026-08-12T20:30:00+00:00,9.19,790.86,92.63,8.06,6.91,False,GENUINE_WEATHER_EVENT,GENUINE_WEATHER_EVENT
AWS-04,Shimla Highland,2026-08-12T20:45:00+00:00,14.39,789.15,60.03,6.73,4.74,True,ANOMALY,SENSOR_DRIFT
AWS-04,Shimla Highland,2026-08-12T21:00:00+00:00,14.83,788.63,64.01,8.09,5.07,False,NORMAL,NONE
AWS-04,Shimla Highland,2026-08-12T21:15:00+00:00,13.41,789.56,65.85,7.16,4.15,False,NORMAL,NONE
AWS-04,Shimla Highland,2026-08-12T21:30:00+00:00,13.32,789.03,65.87,7.07,5.9,False,NORMAL,NONE
AWS-04,Shimla Highland,2026-08-12T21:45:00+00:00,13.23,789.85,67.06,7.25,4.6,False,NORMAL,NONE
AWS-04,Shimla Highland,2026-08-12T22:00:00+00:00,12.47,789.12,67.36,6.59,6.26,False,NORMAL,NONE
AWS-04,Shimla Highland,2026-08-12T22:15:00+00:00,12.78,789.42,66.75,6.75,8.07,False,NORMAL,NONE
AWS-04,Shimla Highland,2026-08-12T22:30:00+00:00,11.63,788.87,68.95,6.13,1.88,False,NORMAL,NONE
AWS-04,Shimla Highland,2026-08-12T22:45:00+00:00,11.31,789.13,68.72,5.76,3.15,False,NORMAL,NONE
AWS-04,Shimla Highland,2026-08-12T23:00:00+00:00,11.55,788.59,70.59,6.38,3.36,False,NORMAL,NONE
AWS-04,Shimla Highland,2026-08-12T23:15:00+00:00,11.12,789.37,68.14,5.46,4.05,True,ANOMALY,FROZEN_SENSOR
AWS-04,Shimla Highland,2026-08-12T23:30:00+00:00,11.12,788.8,70.79,6.01,7.52,True,ANOMALY,FROZEN_SENSOR
AWS-04,Shimla Highland,2026-08-12T23:45:00+00:00,11.12,788.67,70.96,6.05,2.79,True,ANOMALY,FROZEN_SENSOR
AWS-04,Shimla Highland,2026-08-13T00:00:00+00:00,11.12,788.57,72.24,6.31,4.02,True,ANOMALY,FROZEN_SENSOR
AWS-04,Shimla Highland,2026-08-13T00:15:00+00:00,11.12,788.47,72.94,6.44,5.64,True,ANOMALY,FROZEN_SENSOR
AWS-04,Shimla Highland,2026-08-13T00:30:00+00:00,11.12,788.3,71.53,6.16,2.45,True,ANOMALY,FROZEN_SENSOR
AWS-04,Shimla Highland,2026-08-13T00:45:00+00:00,11.12,787.84,73.18,6.49,3.65,True,ANOMALY,FROZEN_SENSOR
AWS-04,Shimla Highland,2026-08-13T01:00:00+00:00,11.12,787.61,71.94,6.25,6.54,True,ANOMALY,FROZEN_SENSOR
AWS-04,Shimla Highland,2026-08-13T01:15:00+00:00,9.88,787.84,70.73,4.81,5.37,False,NORMAL,NONE
AWS-04,Shimla Highland,2026-08-13T01:30:00+00:00,9.74,787.5,73.07,5.15,3.08,False,NORMAL,NONE
AWS-04,Shimla Highland,2026-08-13T01:45:00+00:00,9.8,787.8,73.42,5.28,4.57,False,NORMAL,NONE
AWS-04,Shimla Highland,2026-08-13T02:00:00+00:00,9.11,787.29,72.94,4.51,5.1,False,NORMAL,NONE
AWS-04,Shimla Highland,2026-08-13T02:15:00+00:00,8.57,787.12,71.18,3.64,4.39,False,NORMAL,NONE
AWS-04,Shimla Highland,2026-08-13T02:30:00+00:00,9.57,786.75,72.03,4.77,5.57,False,NORMAL,NONE
AWS-04,Shimla Highland,2026-08-13T02:45:00+00:00,9.7,787.06,70.73,4.64,1.04,False,NORMAL,NONE
AWS-04,Shimla Highland,2026-08-13T03:00:00+00:00,9.8,809.18,71.85,4.96,2.53,True,ANOMALY,SPIKE
AWS-04,Shimla Highland,2026-08-13T03:15:00+00:00,10.09,787.11,71.02,5.07,4.94,False,NORMAL,NONE
AWS-04,Shimla Highland,2026-08-13T03:30:00+00:00,9.66,786.51,73.91,5.23,2.94,False,NORMAL,NONE
AWS-04,Shimla Highland,2026-08-13T03:45:00+00:00,9.4,786.49,71.59,4.52,4.91,False,NORMAL,NONE
AWS-04,Shimla Highland,2026-08-13T04:00:00+00:00,10.31,786.78,71.69,5.42,3.58,False,NORMAL,NONE
AWS-04,Shimla Highland,2026-08-13T04:15:00+00:00,10.09,786.79,71.19,5.11,3.55,False,NORMAL,NONE
AWS-04,Shimla Highland,2026-08-13T04:30:00+00:00,10.13,786.8,66.88,4.25,3.78,False,NORMAL,NONE
AWS-04,Shimla Highland,2026-08-13T04:45:00+00:00,11.28,787.08,70.6,6.13,1.33,False,NORMAL,NONE
AWS-04,Shimla Highland,2026-08-13T05:00:00+00:00,10.8,786.81,68.63,5.26,2.71,False,NORMAL,NONE
AWS-04,Shimla Highland,2026-08-13T05:15:00+00:00,11.86,786.93,70.98,6.76,2.57,False,NORMAL,NONE
AWS-04,Shimla Highland,2026-08-13T05:30:00+00:00,11.12,787.41,68.19,5.48,6.57,False,NORMAL,NONE
AWS-04,Shimla Highland,2026-08-13T05:45:00+00:00,12.04,787.01,66.85,6.06,4.43,False,NORMAL,NONE
AWS-04,Shimla Highland,2026-08-13T06:00:00+00:00,20.0,787.65,100.0,23.5,3.26,True,ANOMALY,CROSS_SENSOR_INCONSISTENCY
AWS-04,Shimla Highland,2026-08-13T06:15:00+00:00,12.73,787.88,67.05,6.77,4.44,False,NORMAL,NONE
AWS-04,Shimla Highland,2026-08-13T06:30:00+00:00,13.43,787.94,67.84,7.61,3.68,False,NORMAL,NONE
AWS-04,Shimla Highland,2026-08-13T06:45:00+00:00,14.41,788.0,65.22,7.96,4.13,False,NORMAL,NONE
AWS-04,Shimla Highland,2026-08-13T07:00:00+00:00,13.77,788.29,62.42,6.71,3.73,False,NORMAL,NONE
AWS-04,Shimla Highland,2026-08-13T07:15:00+00:00,14.11,788.52,63.96,7.39,4.58,False,NORMAL,NONE
AWS-04,Shimla Highland,2026-08-13T07:30:00+00:00,15.13,788.68,63.76,8.31,1.99,False,NORMAL,NONE
AWS-04,Shimla Highland,2026-08-13T07:45:00+00:00,15.41,788.31,62.86,8.37,5.02,False,NORMAL,NONE
AWS-04,Shimla Highland,2026-08-13T08:00:00+00:00,16.9,788.61,62.61,9.72,4.25,False,NORMAL,NONE
AWS-04,Shimla Highland,2026-08-13T08:15:00+00:00,17.51,788.54,61.1,9.93,2.73,False,NORMAL,NONE
AWS-04,Shimla Highland,2026-08-13T08:30:00+00:00,16.93,789.25,61.13,9.39,6.6,False,NORMAL,NONE
AWS-04,Shimla Highland,2026-08-13T08:45:00+00:00,17.55,789.46,59.89,9.67,3.98,False,NORMAL,NONE
AWS-04,Shimla Highland,2026-08-13T09:00:00+00:00,17.15,789.16,58.06,8.83,4.48,False,NORMAL,NONE
AWS-04,Shimla Highland,2026-08-13T09:15:00+00:00,17.95,789.11,57.7,9.49,3.35,False,NORMAL,NONE
AWS-04,Shimla Highland,2026-08-13T09:30:00+00:00,18.48,788.9,57.48,9.93,4.86,False,NORMAL,NONE
AWS-04,Shimla Highland,2026-08-13T09:45:00+00:00,18.89,789.25,57.56,10.33,3.45,False,NORMAL,NONE
AWS-04,Shimla Highland,2026-08-13T10:00:00+00:00,18.33,789.65,59.37,10.27,3.84,False,NORMAL,NONE
AWS-04,Shimla Highland,2026-08-13T10:15:00+00:00,19.04,788.92,56.93,10.31,3.05,False,NORMAL,NONE
AWS-04,Shimla Highland,2026-08-13T10:30:00+00:00,20.32,789.05,57.05,11.54,2.33,False,NORMAL,NONE
AWS-04,Shimla Highland,2026-08-13T10:45:00+00:00,19.68,788.84,56.16,10.7,4.59,False,NORMAL,NONE
AWS-04,Shimla Highland,2026-08-13T11:00:00+00:00,20.74,789.02,53.9,11.07,5.33,False,NORMAL,NONE
AWS-04,Shimla Highland,2026-08-13T11:15:00+00:00,20.67,788.84,55.23,11.38,6.19,False,NORMAL,NONE
AWS-04,Shimla Highland,2026-08-13T11:30:00+00:00,21.21,788.2,55.71,12.01,3.48,False,NORMAL,NONE
AWS-04,Shimla Highland,2026-08-13T11:45:00+00:00,21.16,788.18,53.07,11.22,6.48,False,NORMAL,NONE
AWS-04,Shimla Highland,2026-08-13T12:00:00+00:00,21.06,788.45,52.35,10.92,5.69,False,NORMAL,NONE
AWS-04,Shimla Highland,2026-08-13T12:15:00+00:00,22.46,788.76,52.67,12.31,3.51,False,NORMAL,NONE
AWS-04,Shimla Highland,2026-08-13T12:30:00+00:00,22.78,788.09,50.61,12.0,2.94,False,NORMAL,NONE
AWS-04,Shimla Highland,2026-08-13T12:45:00+00:00,22.35,787.98,52.05,12.03,4.79,False,NORMAL,NONE
AWS-04,Shimla Highland,2026-08-13T13:00:00+00:00,21.95,787.81,51.85,11.6,5.05,False,NORMAL,NONE
AWS-04,Shimla Highland,2026-08-13T13:15:00+00:00,22.2,787.9,53.27,12.25,6.7,False,NORMAL,NONE
AWS-04,Shimla Highland,2026-08-13T13:30:00+00:00,22.17,788.08,54.87,12.67,4.98,False,NORMAL,NONE
AWS-04,Shimla Highland,2026-08-13T13:45:00+00:00,22.96,787.06,51.65,12.48,2.77,False,NORMAL,NONE
AWS-04,Shimla Highland,2026-08-13T14:00:00+00:00,22.14,787.28,51.43,11.66,2.55,False,NORMAL,NONE
AWS-04,Shimla Highland,2026-08-13T14:15:00+00:00,22.76,787.14,52.65,12.58,3.05,False,NORMAL,NONE
AWS-04,Shimla Highland,2026-08-13T14:30:00+00:00,22.41,788.1,53.07,12.38,4.47,False,NORMAL,NONE
AWS-04,Shimla Highland,2026-08-13T14:45:00+00:00,22.34,787.42,51.52,11.86,4.53,False,NORMAL,NONE
AWS-04,Shimla Highland,2026-08-13T15:00:00+00:00,21.8,786.63,51.24,11.28,2.03,False,NORMAL,NONE
AWS-04,Shimla Highland,2026-08-13T15:15:00+00:00,21.85,786.74,52.06,11.57,4.91,False,NORMAL,NONE
AWS-04,Shimla Highland,2026-08-13T15:30:00+00:00,21.51,786.77,51.38,11.05,3.81,False,NORMAL,NONE
AWS-04,Shimla Highland,2026-08-13T15:45:00+00:00,22.36,786.83,52.78,12.25,3.76,False,NORMAL,NONE
AWS-04,Shimla Highland,2026-08-13T16:00:00+00:00,22.14,786.79,52.32,11.92,5.17,False,NORMAL,NONE
AWS-04,Shimla Highland,2026-08-13T16:15:00+00:00,21.31,786.91,53.12,11.38,3.75,False,NORMAL,NONE
AWS-04,Shimla Highland,2026-08-13T16:30:00+00:00,21.78,786.83,54.02,12.06,4.14,False,NORMAL,NONE
AWS-04,Shimla Highland,2026-08-13T16:45:00+00:00,20.75,786.91,55.84,11.61,4.33,False,NORMAL,NONE
AWS-04,Shimla Highland,2026-08-13T17:00:00+00:00,20.88,787.28,54.26,11.3,3.64,False,NORMAL,NONE
AWS-04,Shimla Highland,2026-08-13T17:15:00+00:00,20.88,787.5,54.38,11.33,4.52,False,NORMAL,NONE
AWS-04,Shimla Highland,2026-08-13T17:30:00+00:00,19.76,786.65,53.76,10.12,2.87,False,NORMAL,NONE
AWS-04,Shimla Highland,2026-08-13T17:45:00+00:00,19.71,787.4,56.83,10.91,3.98,False,NORMAL,NONE
AWS-04,Shimla Highland,2026-08-13T18:00:00+00:00,13.27,789.61,84.54,10.72,1.77,False,GENUINE_WEATHER_EVENT,GENUINE_WEATHER_EVENT
AWS-04,Shimla Highland,2026-08-13T18:15:00+00:00,18.48,787.59,57.05,9.81,5.66,False,NORMAL,NONE
AWS-04,Shimla Highland,2026-08-13T18:30:00+00:00,18.82,787.39,57.09,10.14,5.2,False,NORMAL,NONE
AWS-04,Shimla Highland,2026-08-13T18:45:00+00:00,18.26,788.29,59.79,10.31,2.64,False,NORMAL,NONE
AWS-04,Shimla Highland,2026-08-13T19:00:00+00:00,17.14,787.67,60.71,9.48,1.13,False,NORMAL,NONE
AWS-04,Shimla Highland,2026-08-13T19:15:00+00:00,16.82,788.53,56.86,8.21,4.66,False,NORMAL,NONE
AWS-04,Shimla Highland,2026-08-13T19:30:00+00:00,17.41,810.64,60.5,9.68,5.84,True,ANOMALY,SPIKE
AWS-04,Shimla Highland,2026-08-13T19:45:00+00:00,16.36,788.36,60.59,8.72,4.91,False,NORMAL,NONE
AWS-04,Shimla Highland,2026-08-13T20:00:00+00:00,15.83,788.07,64.15,9.07,2.75,False,NORMAL,NONE
AWS-04,Shimla Highland,2026-08-13T20:15:00+00:00,14.54,788.57,60.76,7.04,2.73,False,NORMAL,NONE
AWS-04,Shimla Highland,2026-08-13T20:30:00+00:00,15.52,789.18,62.75,8.44,5.29,False,NORMAL,NONE
AWS-04,Shimla Highland,2026-08-13T20:45:00+00:00,14.88,789.36,63.81,8.09,5.59,False,NORMAL,NONE
AWS-04,Shimla Highland,2026-08-13T21:00:00+00:00,14.01,789.41,64.18,7.34,1.94,False,NORMAL,NONE
AWS-04,Shimla Highland,2026-08-13T21:15:00+00:00,13.66,789.29,64.09,7.0,4.54,False,NORMAL,NONE
AWS-04,Shimla Highland,2026-08-13T21:30:00+00:00,13.4,789.57,63.16,6.54,1.67,False,NORMAL,NONE
AWS-04,Shimla Highland,2026-08-13T21:45:00+00:00,12.86,789.61,65.19,6.49,5.65,False,NORMAL,NONE
AWS-04,Shimla Highland,2026-08-13T22:00:00+00:00,11.81,789.06,68.48,6.2,4.39,False,NORMAL,NONE
AWS-04,Shimla Highland,2026-08-13T22:15:00+00:00,12.26,789.0,69.0,6.74,4.06,False,NORMAL,NONE
AWS-04,Shimla Highland,2026-08-13T22:30:00+00:00,11.26,789.15,68.06,5.58,3.94,False,NORMAL,NONE
AWS-04,Shimla Highland,2026-08-13T22:45:00+00:00,11.87,789.2,69.86,6.54,1.83,False,NORMAL,NONE
AWS-04,Shimla Highland,2026-08-13T23:00:00+00:00,11.06,788.77,69.69,5.73,4.22,False,NORMAL,NONE
AWS-04,Shimla Highland,2026-08-13T23:15:00+00:00,11.42,788.76,69.81,6.1,1.01,False,NORMAL,NONE
AWS-04,Shimla Highland,2026-08-13T23:30:00+00:00,11.34,788.47,69.3,5.92,4.67,False,NORMAL,NONE
AWS-04,Shimla Highland,2026-08-13T23:45:00+00:00,9.89,789.07,67.97,4.25,2.08,False,NORMAL,NONE
AWS-04,Shimla Highland,2026-08-14T00:00:00+00:00,10.02,788.84,70.64,4.93,4.01,False,NORMAL,NONE
AWS-04,Shimla Highland,2026-08-14T00:15:00+00:00,9.98,788.55,71.3,5.02,2.96,True,ANOMALY,FROZEN_SENSOR
